1;2413;;;66;346;;2.9.2025 00:00:00;"K";"pomoc nauczyciela";25.10.2025 18:16:46;1;"";0;"";0;"";0;;0;"";0;;;0;0;0;0;0;1;1;1;1;0
2;3975;;;221;365;;25.11.2025 00:00:00;"W";;18.12.2025 12:24:47;0;;0;;0;;0;;0;;0;;;0;0;0;0;0;1;0;0;1;0
3;859;;;221;366;;7.11.2025 00:00:00;"F";;18.12.2025 12:24:47;0;;0;;0;;0;;0;;0;;;0;0;0;0;0;1;0;0;1;0
4;844;;;221;367;;10.10.2025 00:00:00;"F";;18.12.2025 12:24:47;0;;0;;0;;0;;0;;0;;;0;0;0;0;0;1;0;0;1;0
5;849;;;221;368;;14.10.2025 00:00:00;"F";;18.12.2025 12:24:47;0;;0;;0;;0;;0;;0;;;0;0;0;0;0;1;0;0;1;0
6;848;;;221;369;;14.10.2025 00:00:00;"F";;18.12.2025 12:24:47;0;;0;;0;;0;;0;;0;;;0;0;0;0;0;1;0;0;1;0
7;850;;;221;370;;14.10.2025 00:00:00;"F";;18.12.2025 12:24:47;0;;0;;0;;0;;0;;0;;;0;0;0;0;0;1;0;0;1;0
8;851;;;221;371;;21.10.2025 00:00:00;"F";;18.12.2025 12:24:47;0;;0;;0;;0;;0;;0;;;0;0;0;0;0;1;0;0;1;0
9;794;;;221;372;;22.10.2025 00:00:00;"F";;18.12.2025 12:24:47;0;;0;;0;;0;;0;;0;;;0;0;0;0;0;1;0;0;1;0
10;1892;;;221;373;;4.11.2025 00:00:00;"F";;18.12.2025 12:24:47;0;;0;;0;;0;;0;;0;;;0;0;0;0;0;1;0;0;1;0
11;3976;;;124;374;;17.12.2025 00:00:00;"O";;18.12.2025 12:43:49;0;;0;;0;;0;;0;;0;;;0;0;0;0;0;1;0;0;1;0
12;3977;;;124;375;;10.12.2025 00:00:00;"O";;18.12.2025 12:43:49;0;;0;;0;;0;;0;;0;;;0;0;0;0;0;1;0;0;1;0
13;3978;;;124;376;;9.12.2025 00:00:00;"O";;18.12.2025 12:43:49;0;;0;;0;;0;;0;;0;;;0;0;0;0;0;1;0;0;1;0
14;3979;;;343;377;;25.11.2025 00:00:00;"F";;18.12.2025 12:55:13;0;;0;;0;;0;;0;;0;;;0;0;0;0;0;1;0;0;1;0
15;3980;;;343;378;;19.11.2025 00:00:00;"O";;18.12.2025 12:55:13;0;;0;;0;;0;;0;;0;;;0;0;0;0;0;1;0;0;1;0
16;3981;;;343;379;;2.12.2025 00:00:00;"O";;18.12.2025 12:55:13;0;;0;;0;;0;;0;;0;;;0;0;0;0;0;1;0;0;1;0
17;3982;;;343;380;;28.11.2025 00:00:00;"O";;18.12.2025 12:55:13;0;;0;;0;;0;;0;;0;;;0;0;0;0;0;1;0;0;1;0
18;3983;;;343;381;;9.12.2025 00:00:00;"O";;18.12.2025 12:55:13;0;;0;;0;;0;;0;;0;;;0;0;0;0;0;1;0;0;1;0
19;3984;;;343;382;;10.12.2025 00:00:00;"O";;18.12.2025 12:55:13;0;;0;;0;;0;;0;;0;;;0;0;0;0;0;1;0;0;1;0
20;3985;;;343;383;;16.12.2025 00:00:00;"O";;18.12.2025 12:55:13;0;;0;;0;;0;;0;;0;;;0;0;0;0;0;1;0;0;1;0
21;3986;;;343;384;;12.12.2025 00:00:00;"O";;18.12.2025 12:55:13;0;;0;;0;;0;;0;;0;;;0;0;0;0;0;1;0;0;1;0
22;3987;;;121;385;;5.8.2025 00:00:00;"F";;18.12.2025 13:07:31;0;;0;;0;;0;;0;;0;;;0;0;0;0;0;1;0;0;1;0
23;2668;;;121;386;;19.8.2025 00:00:00;"F";;18.12.2025 13:07:31;0;;0;;0;;0;;0;;0;;;0;0;0;0;0;1;0;0;1;0
24;3989;;;121;387;;27.8.2025 00:00:00;"F";;18.12.2025 13:07:31;0;;0;;0;;0;;0;;0;;;0;0;0;0;0;1;0;0;1;0
25;3990;;;121;388;;27.8.2025 00:00:00;"F";;18.12.2025 13:07:31;0;;0;;0;;0;;0;;0;;;0;0;0;0;0;1;0;0;1;0
26;3991;;;121;389;;23.9.2025 00:00:00;"F";;18.12.2025 13:07:31;0;;0;;0;;0;;0;;0;;;0;0;0;0;0;1;0;0;1;0
27;3992;;;121;390;;23.9.2025 00:00:00;"F";;18.12.2025 13:07:31;0;;0;;0;;0;;0;;0;;;0;0;0;0;0;1;0;0;1;0
28;2548;;;121;391;;7.10.2025 00:00:00;"F";;18.12.2025 13:07:31;0;;0;;0;;0;;0;;0;;;0;0;0;0;0;1;0;0;1;0
29;129;;;6;;;17.10.2022 00:00:00;"W";"";27.12.2025 22:07:08;0;"";0;"";0;"";0;"";0;"";0;;;1;0;0;0;0;1;0;0;0;0
30;130;;;6;;;17.10.2022 00:00:00;"W";"";27.12.2025 22:08:20;0;"";0;"";0;"";0;"";0;"";0;;;1;0;0;0;0;1;0;0;0;0
31;134;;;6;;;17.10.2022 00:00:00;"W";"";27.12.2025 22:07:35;0;"";0;"";0;"";0;"";0;"";0;;;1;0;0;0;0;1;0;0;0;0
32;1386;;;;430;;1.1.2024 00:00:00;"F";;1.1.2024 00:00:00;0;;0;;0;;0;;0;;0;;;1;0;0;0;0;1;0;0;1;0
33;1389;;;;433;;1.1.2024 00:00:00;"F";;1.1.2024 00:00:00;0;;0;;0;;0;;0;;0;;;1;0;0;0;0;1;0;0;1;0
34;1392;;;;437;;1.1.2024 00:00:00;"F";;1.1.2024 00:00:00;0;;0;;0;;0;;0;;0;;;1;0;0;0;0;1;0;0;1;0
35;1393;;;;438;;1.1.2024 00:00:00;"F";;1.1.2024 00:00:00;0;;0;;0;;0;;0;;0;;;1;0;0;0;0;1;0;0;1;0
36;1394;;;;439;;1.1.2024 00:00:00;"F";;1.1.2024 00:00:00;0;;0;;0;;0;;0;;0;;;1;0;0;0;0;1;0;0;1;0
37;1395;;;;440;;1.1.2024 00:00:00;"F";;1.1.2024 00:00:00;0;;0;;0;;0;;0;;0;;;1;0;0;0;0;1;0;0;1;0
38;1863;;;;431;;1.1.2024 00:00:00;"F";;1.1.2024 00:00:00;0;;0;;0;;0;;0;;0;;;1;0;0;0;0;1;0;0;1;0
39;1864;;;;432;;1.1.2024 00:00:00;"F";;1.1.2024 00:00:00;0;;0;;0;;0;;0;;0;;;1;0;0;0;0;1;0;0;1;0
40;1865;;;390;435;;4.7.2025 00:00:00;"W";"";20.12.2025 16:31:57;0;"";0;"";0;"";0;"";0;"";0;;;1;0;1;0;0;1;0;0;1;0
41;1866;;;;436;;1.1.2024 00:00:00;"F";;1.1.2024 00:00:00;0;;0;;0;;0;;0;;0;;;1;0;0;0;0;1;0;0;1;0
42;1867;;;;441;;1.1.2024 00:00:00;"F";;1.1.2024 00:00:00;0;;0;;0;;0;;0;;0;;;1;0;0;0;0;1;0;0;1;0
43;1868;;;;442;;1.1.2024 00:00:00;"F";;1.1.2024 00:00:00;0;;0;;0;;0;;0;;0;;;1;0;0;0;0;1;0;0;1;0
44;1869;;;390;443;;1.1.2024 00:00:00;"W";"";20.12.2025 16:34:51;0;"";0;"";0;"";0;"";0;"";0;;;1;0;1;0;0;1;0;0;1;0
45;1870;;;;444;;1.1.2024 00:00:00;"F";;1.1.2024 00:00:00;0;;0;;0;;0;;0;;0;;;1;0;0;0;0;1;0;0;1;0
46;1871;;;;445;;1.1.2024 00:00:00;"F";;1.1.2024 00:00:00;0;;0;;0;;0;;0;;0;;;1;0;0;0;0;1;0;0;1;0
47;1872;;;;446;;1.1.2024 00:00:00;"F";;1.1.2024 00:00:00;0;;0;;0;;0;;0;;0;;;1;0;0;0;0;1;0;0;1;0
48;1873;;;;447;;1.1.2024 00:00:00;"F";;1.1.2024 00:00:00;0;;0;;0;;0;;0;;0;;;1;0;0;0;0;1;0;0;1;0
49;1874;;;;448;;1.1.2024 00:00:00;"F";;1.1.2024 00:00:00;0;;0;;0;;0;;0;;0;;;1;0;0;0;0;1;0;0;1;0
50;1875;;;;449;;1.1.2024 00:00:00;"F";;1.1.2024 00:00:00;0;;0;;0;;0;;0;;0;;;1;0;0;0;0;1;0;0;1;0
51;1876;;;390;450;;1.1.2024 00:00:00;"F";"";20.12.2025 16:36:49;0;"";0;"";0;"";0;"";0;"";0;;;1;0;1;0;0;1;0;0;1;0
52;1877;;;;451;;1.1.2024 00:00:00;"F";;1.1.2024 00:00:00;0;;0;;0;;0;;0;;0;;;1;0;0;0;0;1;0;0;1;0
53;2414;;;66;347;;28.5.2025 00:00:00;"O";"";21.12.2025 00:21:58;0;"";0;"";0;"";0;"";0;"";0;;;1;0;0;0;0;1;0;0;1;0
54;2415;;;66;348;;28.5.2025 00:00:00;"O";"";21.12.2025 00:22:34;0;"";0;"";0;"";0;"";0;"";0;;;1;0;0;0;0;1;0;0;1;0
55;2416;;;66;349;;28.5.2025 00:00:00;"O";"";21.12.2025 00:23:02;0;"";0;"";0;"";0;"";0;"";0;;;1;0;0;0;0;1;0;0;1;0
56;2417;;;66;350;;28.5.2025 00:00:00;"O";"";21.12.2025 01:20:15;0;"";0;"";0;"";0;"";0;"";0;;;1;0;0;0;0;1;0;0;1;0
57;2418;;;66;345;;28.5.2025 00:00:00;"O";"";21.12.2025 01:20:37;0;"";0;"";0;"";0;"";0;"";0;;;1;0;0;0;0;1;0;0;1;0
58;2419;;;66;344;;28.5.2025 00:00:00;"O";"";21.12.2025 01:19:42;0;"";0;"";0;"";0;"";0;"";0;;;1;0;0;0;0;1;0;0;1;0
59;2420;;;66;343;;28.5.2025 00:00:00;"O";"";21.12.2025 01:21:02;0;"";0;"";0;"";0;"";0;"";0;;;1;0;0;0;0;1;0;0;1;0
60;4248;;;;354;;27.11.2025 00:00:00;"F";;27.11.2025 00:00:00;0;;0;;0;;0;;0;;0;;;1;0;0;0;0;1;0;0;1;0
61;3730;;;;353;;27.11.2025 00:00:00;"F";;27.11.2025 00:00:00;0;;0;;0;;0;;0;;0;;;1;0;0;0;0;1;0;0;1;0
62;3732;;;;364;;27.11.2025 00:00:00;"F";;27.11.2025 00:00:00;0;;0;;0;;0;;0;;0;;;1;0;0;0;0;1;0;0;1;0
63;3738;;;;360;;27.11.2025 00:00:00;"F";;27.11.2025 00:00:00;0;;0;;0;;0;;0;;0;;;1;0;0;0;0;1;0;0;1;0
64;440;;;;359;;27.11.2025 00:00:00;"F";;27.11.2025 00:00:00;0;;0;;0;;0;;0;;0;;;1;0;0;0;0;1;0;0;1;0
65;3733;;;;358;;27.11.2025 00:00:00;"F";;27.11.2025 00:00:00;0;;0;;0;;0;;0;;0;;;1;0;0;0;0;1;0;0;1;0
66;441;;;;357;;27.11.2025 00:00:00;"F";;27.11.2025 00:00:00;0;;0;;0;;0;;0;;0;;;1;0;0;0;0;1;0;0;1;0
67;3734;;;;352;;27.11.2025 00:00:00;"F";;27.11.2025 00:00:00;0;;0;;0;;0;;0;;0;;;1;0;0;0;0;1;0;0;1;0
68;444;;;;363;;27.11.2025 00:00:00;"F";;27.11.2025 00:00:00;0;;0;;0;;0;;0;;0;;;1;0;0;0;0;1;0;0;1;0
69;3735;;;;356;;27.11.2025 00:00:00;"F";;27.11.2025 00:00:00;0;;0;;0;;0;;0;;0;;;1;0;0;0;0;1;0;0;1;0
70;3736;;;;351;;27.11.2025 00:00:00;"F";;27.11.2025 00:00:00;0;;0;;0;;0;;0;;0;;;1;0;0;0;0;1;0;0;1;0
71;445;;;;362;;27.11.2025 00:00:00;"F";;27.11.2025 00:00:00;0;;0;;0;;0;;0;;0;;;1;0;0;0;0;1;0;0;1;0
72;3737;;;;361;;27.11.2025 00:00:00;"F";;27.11.2025 00:00:00;0;;0;;0;;0;;0;;0;;;1;0;0;0;0;1;0;0;1;0
73;3729;;;;355;;27.11.2025 00:00:00;"F";;27.11.2025 00:00:00;0;;0;;0;;0;;0;;0;;;1;0;0;0;0;1;0;0;1;0
74;3993;;;121;392;;30.9.2025 00:00:00;"F";;18.12.2025 13:07:31;0;;0;;0;;0;;0;;0;;;0;0;0;0;0;1;0;0;1;0
75;3994;;;121;393;;30.9.2025 00:00:00;"F";;18.12.2025 13:07:31;0;;0;;0;;0;;0;;0;;;0;0;0;0;0;1;0;0;1;0
76;2559;;;121;394;;21.10.2025 00:00:00;"F";;18.12.2025 13:07:31;0;;0;;0;;0;;0;;0;;;0;0;0;0;0;1;0;0;1;0
77;3995;;;121;395;;29.10.2025 00:00:00;"F";;18.12.2025 13:07:31;0;;0;;0;;0;;0;;0;;;0;0;0;0;0;1;0;0;1;0
78;3996;;;121;396;;5.11.2025 00:00:00;"F";;18.12.2025 13:07:31;0;;0;;0;;0;;0;;0;;;0;0;1;0;0;1;0;0;1;0
79;3997;;;121;397;;26.11.2025 00:00:00;"F";;18.12.2025 13:07:31;0;;0;;0;;0;;0;;0;;;0;0;1;0;0;1;0;0;1;0
80;3998;;;121;398;;16.12.2025 00:00:00;"F";;18.12.2025 13:07:31;0;;0;;0;;0;;0;;0;;;0;0;0;0;0;1;0;0;1;0
81;3999;;;16;399;;30.9.2025 00:00:00;"F";;18.12.2025 13:18:25;0;;0;;0;;0;;0;;0;;;0;0;0;0;0;1;0;0;1;0
82;4000;;;16;400;;29.10.2025 00:00:00;"F";;18.12.2025 13:18:25;0;;0;;0;;0;;0;;0;;;0;1;0;0;0;1;0;0;1;0
83;4001;;;16;401;;10.12.2025 00:00:00;"F";;18.12.2025 13:18:25;0;;0;;0;;0;;0;;0;;;0;0;0;0;0;1;0;0;1;0
84;4002;;;16;402;;12.11.2025 00:00:00;"F";;18.12.2025 13:18:25;0;;0;;0;;0;;0;;0;;;0;0;0;0;0;1;0;0;1;0
85;4003;;;16;403;;12.11.2025 00:00:00;"F";;18.12.2025 13:18:25;0;;0;;0;;0;;0;;0;;;0;0;0;0;0;1;0;0;1;0
86;4004;;;16;404;;12.11.2025 00:00:00;"F";;18.12.2025 13:18:25;0;;0;;0;;0;;0;;0;;;0;0;0;0;0;1;0;0;1;0
87;4005;;;16;405;;12.11.2025 00:00:00;"F";;18.12.2025 13:18:25;0;;0;;0;;0;;0;;0;;;0;0;0;0;0;1;0;0;1;0
88;4006;;;16;406;;19.11.2025 00:00:00;"F";;18.12.2025 13:18:25;0;;0;;0;;0;;0;;0;;;0;0;0;0;0;1;0;0;1;0
89;4007;;;16;407;;19.11.2025 00:00:00;"F";;18.12.2025 13:18:25;0;;0;;0;;0;;0;;0;;;0;0;0;0;0;1;0;0;1;0
90;4008;;;16;408;;25.11.2025 00:00:00;"F";;18.12.2025 13:18:25;0;;0;;0;;0;;0;;0;;;0;0;0;0;0;1;0;0;1;0
91;4009;;;390;409;;26.11.2025 00:00:00;"W";;18.12.2025 13:45:16;0;;0;;0;;0;;0;;0;;;0;0;0;0;0;1;0;0;1;0
92;4010;;;390;410;;26.11.2025 00:00:00;"F";;18.12.2025 13:45:16;0;;0;;0;;0;;0;;0;;;0;0;0;0;0;1;0;0;1;0
93;4011;;;390;411;;26.11.2025 00:00:00;"F";;18.12.2025 13:45:16;0;;0;;0;;0;;0;;0;;;0;0;0;0;0;1;0;0;1;0
94;2505;;;390;412;;2.12.2025 00:00:00;"F";;18.12.2025 13:45:16;0;;0;;0;;0;;0;;0;;;0;0;0;0;0;1;0;0;1;0
95;4012;;;390;413;;9.12.2025 00:00:00;"F";;18.12.2025 13:45:16;0;;0;;0;;0;;0;;0;;;0;0;0;0;0;1;0;0;1;0
96;4013;;;390;414;;9.12.2025 00:00:00;"F";;18.12.2025 13:45:16;0;;0;;0;;0;;0;;0;;;0;0;0;0;0;1;0;0;1;0
97;4014;;;390;415;;9.12.2025 00:00:00;"F";;18.12.2025 13:45:16;0;;0;;0;;0;;0;;0;;;0;0;0;0;0;1;0;0;1;0
98;4015;;;390;416;;9.12.2025 00:00:00;"F";;18.12.2025 13:45:16;0;;0;;0;;0;;0;;0;;;0;0;0;0;0;1;0;0;1;0
99;4016;;;390;417;;9.12.2025 00:00:00;"F";;18.12.2025 13:45:16;0;;0;;0;;0;;0;;0;;;0;0;0;0;0;1;0;0;1;0
100;4017;;;390;418;;9.12.2025 00:00:00;"F";;18.12.2025 13:45:16;0;;0;;0;;0;;0;;0;;;0;0;0;0;0;1;0;0;1;0
101;3933;;;390;419;;9.12.2025 00:00:00;"F";;18.12.2025 13:45:16;0;;0;;0;;0;;0;;0;;;0;0;0;0;0;1;0;0;1;0
102;4018;;;390;420;;10.12.2025 00:00:00;"F";;18.12.2025 13:45:16;0;;0;;0;;0;;0;;0;;;0;0;0;0;0;1;0;0;1;0
103;4019;;;390;421;;10.12.2025 00:00:00;"F";;18.12.2025 13:45:16;0;;0;;0;;0;;0;;0;;;0;0;0;0;0;1;0;0;1;0
104;4020;;;390;422;;10.12.2025 00:00:00;"F";;18.12.2025 13:45:16;0;;0;;0;;0;;0;;0;;;0;0;0;0;0;1;0;0;1;0
105;2475;;;390;423;;10.12.2025 00:00:00;"F";;18.12.2025 13:45:16;0;;0;;0;;0;;0;;0;;;0;0;0;0;0;1;0;0;1;0
106;4021;;;390;424;;10.12.2025 00:00:00;"F";;18.12.2025 13:45:16;0;;0;;0;;0;;0;;0;;;0;0;0;0;0;1;0;0;1;0
107;4022;;;390;425;;10.12.2025 00:00:00;"F";;18.12.2025 13:45:16;0;;0;;0;;0;;0;;0;;;0;0;0;0;0;1;0;0;1;0
108;4023;;;390;426;;16.12.2025 00:00:00;"F";;18.12.2025 13:45:16;0;;0;;0;;0;;0;;0;;;0;0;0;0;0;1;0;0;1;0
109;4024;;;390;427;;16.12.2025 00:00:00;"F";;18.12.2025 13:45:16;0;;0;;0;;0;;0;;0;;;0;0;0;0;0;1;0;0;1;0
110;4025;;;390;428;;16.12.2025 00:00:00;"F";;18.12.2025 13:45:16;0;;0;;0;;0;;0;;0;;;0;0;0;0;0;1;0;0;1;0
111;4026;;;390;429;;17.12.2025 00:00:00;"W";"";6.1.2026 21:50:33;0;"";0;"";0;"";0;"";0;"";0;;;0;0;0;0;0;1;0;0;1;0
112;4028;;;390;452;;4.6.2025 00:00:00;"W";"";20.12.2025 16:38:28;0;;0;;0;;0;;0;;0;;;0;0;0;0;0;1;0;0;1;0
113;4030;;;390;453;;4.7.2025 00:00:00;"W";"";20.12.2025 16:41:05;0;;0;;0;;0;;0;;0;;;0;0;0;0;0;1;0;0;1;0
114;4032;0;;10;454;;12.12.2025 00:00:00;"W";"";21.12.2025 10:04:35;0;;0;;0;;0;;0;;0;;;0;0;0;0;0;1;0;0;1;0
115;4033;0;;10;455;;12.12.2025 00:00:00;"W";"";21.12.2025 10:05:46;0;;0;;0;;0;;0;;0;;;0;0;0;0;0;1;0;0;1;0
116;4034;0;;10;456;;12.12.2025 00:00:00;"W";"";21.12.2025 10:07:25;0;;0;;0;;0;;0;;0;;;0;0;0;0;0;1;0;0;1;0
117;4035;0;;10;457;;12.12.2025 00:00:00;"W";"";21.12.2025 10:08:29;0;;0;;0;;0;;0;;0;;;0;0;0;0;0;1;0;0;1;0
118;4036;0;;10;458;;12.12.2025 00:00:00;"W";"";21.12.2025 10:10:31;0;;0;;0;;0;;0;;0;;;0;0;0;0;0;1;0;0;1;0
119;397;0;;10;459;;12.12.2025 00:00:00;"O";"";21.12.2025 10:12:15;0;;0;;0;;0;;0;;0;;;0;0;0;0;0;1;0;0;1;0
120;4037;0;;10;460;;12.12.2025 00:00:00;"W";"";21.12.2025 10:13:31;0;;0;;0;;0;;0;;0;;;0;0;0;0;0;1;0;0;1;0
121;4038;0;;10;461;;12.12.2025 00:00:00;"W";"";21.12.2025 10:16:00;0;;0;;0;;0;;0;;0;;;0;0;0;0;0;1;0;0;1;0
122;4039;0;;10;462;;12.12.2025 00:00:00;"W";"";21.12.2025 10:17:06;0;;0;;0;;0;;0;;0;;;0;0;0;0;0;1;0;0;1;0
123;4042;0;;6;;;11.12.2025 00:00:00;"W";"";27.12.2025 21:57:44;0;;0;;0;;0;;0;;0;;;0;0;0;0;0;1;0;0;0;0
124;4043;0;;6;;;11.12.2025 00:00:00;"W";"";27.12.2025 22:00:08;0;;0;;0;;0;;0;;0;;;0;0;0;0;0;1;0;0;0;0
125;3429;;;58;;;30.11.2025 09:54:37;"O";"kucharz";30.11.2025 09:54:37;0;;0;;0;;0;;0;;0;;;0;0;1;0;0;1;0;0;0;0
126;3440;;;58;;;30.11.2025 09:56:32;"O";"nauczyciel";30.11.2025 09:56:32;0;;0;;0;;0;;0;;0;;;0;0;1;0;0;1;0;0;0;0
127;3445;;;70;;;24.11.2025 00:00:00;"O";"nauczyciel";8.12.2025 17:38:07;0;"";0;"";0;"";0;"";0;"";0;;;0;1;1;0;0;1;0;0;0;0
128;2614;;;;;;1.9.2025 00:00:00;"O";"specjalista";22.8.2025 00:00:00;0;;0;;0;;0;;0;;0;;;0;0;0;0;0;1;0;0;0;0
129;2636;;;51;;;19.9.2025 00:00:00;"O";"psycholog";20.11.2025 22:42:11;1;"fiz";0;"";0;"";0;"";0;"";0;;;0;1;1;0;0;1;1;1;0;0
130;2637;;;23;;;23.9.2025 00:00:00;"O";"pomoc nauczyciela";19.10.2025 21:06:50;1;"";0;"";0;"";0;"";0;"";0;;;0;0;0;0;0;1;1;1;0;0
131;2639;;;58;;;14.10.2025 00:00:00;"O";"Kucharz";23.10.2025 20:21:28;0;"";0;"";1;"";0;"";0;"";0;;;0;1;1;0;0;1;1;1;0;0
132;2640;;;58;;;15.10.2025 00:00:00;"O";"Dyrektor nauczyciel";15.10.2025 09:28:11;0;"";1;"";0;"";0;"";0;"";0;;;0;0;0;0;0;1;1;1;0;0
133;2641;;;74;;;1.10.2025 00:00:00;"O";"nauczyciel bibliotekarz";15.10.2025 13:58:59;0;"";0;"";0;"";0;"";0;"";0;;;0;0;0;0;0;1;1;1;0;0
134;2642;;;74;;;14.10.2025 00:00:00;"O";"nauczyciel ";15.10.2025 14:00:36;0;"";0;"";0;"";0;"";0;"";0;;;0;0;0;0;0;1;1;1;0;0
135;2643;;;74;;;10.10.2025 00:00:00;"O";"nauczyciel";15.10.2025 14:00:55;0;"";0;"";0;"";0;"";0;"";0;;;0;0;0;0;0;1;1;1;0;0
136;2020;;;74;;;20.10.2025 00:00:00;"O";"nauczyciel";15.10.2025 14:01:24;0;"";0;"";0;"";0;"";0;"";0;;;0;0;0;0;0;1;1;1;0;0
137;2644;;;74;;;21.9.2025 00:00:00;"O";"Nauczyciel";21.9.2025 00:33:24;0;"";0;"";0;"";0;"";0;"";0;;;0;0;1;0;0;1;1;1;0;0
138;2646;;;66;;;1.9.2025 00:00:00;"O";"starsza woüna";29.11.2025 11:47:46;0;"";0;"";0;"";0;"";0;"";0;;;0;0;0;0;0;1;1;1;0;0
139;4305;;;14;;;6.10.2025 00:00:00;"O";"Nauczyciel wychowania przedszkolnego";15.10.2025 14:02:08;1;"g≥os";0;"";0;"";0;"";0;"";0;;;0;0;1;0;0;1;1;1;0;0
140;55;;;29;;;1.10.2025 00:00:00;"K";"starsza woüna";16.11.2025 23:07:34;0;"";0;"";0;"";0;"";1;"";0;;;0;0;0;0;0;1;1;1;0;0
141;901;;;22;;;1.9.2025 00:00:00;"O";"psycholog";29.11.2025 11:51:18;0;"";0;"";0;"";0;"";1;"";0;;;0;0;0;0;0;1;1;1;0;0
142;2655;;;19;;;27.10.2025 00:00:00;"O";"kierownik gospodarczy";24.11.2025 23:56:20;1;"";0;"";0;"";0;"";0;"";0;;;0;1;1;0;0;1;1;1;0;0
143;2658;;;613;;;1.9.2025 00:00:00;"O";"opiekun osÛb starszych";29.11.2025 11:54:04;1;"";0;"";1;"";0;"";0;"";0;;;0;0;0;0;0;1;1;1;0;0
144;933;;;;;;1.9.2025 00:00:00;"O";"woüna";1.11.2025 00:00:00;1;;0;;0;;0;;0;;0;;;0;0;0;0;0;1;1;1;0;0
145;2668;;;;;;1.9.2025 00:00:00;"O";"Nauczyciel zajÍÊ technicznych";1.11.2025 00:00:00;1;;0;;0;;0;;0;;0;;;0;0;0;0;0;1;1;1;0;0
146;2669;;;;;;1.9.2025 00:00:00;"O";"nauczyciel jÍzyka angielskiego";1.11.2025 00:00:00;1;;0;;0;;0;;0;;0;;;0;0;0;0;0;1;1;1;0;0
147;2633;;;;;;1.9.2025 00:00:00;"O";"";1.11.2025 00:00:00;0;;0;;0;;0;;0;;0;;;0;0;0;0;0;1;0;0;0;0
148;2671;;;;;;1.9.2025 00:00:00;"O";"nauczyciel";1.11.2025 00:00:00;1;"g≥os";0;;0;;0;;0;;0;;;0;0;0;0;0;1;0;0;0;0
149;2674;;;;;;1.9.2025 00:00:00;"O";"nauczyciel";1.11.2025 00:00:00;1;;0;;0;;0;;0;;0;;;0;0;0;0;0;1;0;0;0;0
150;2675;;;;;;1.9.2025 00:00:00;"O";"pomoc nauczyciela";1.11.2025 00:00:00;1;;0;;0;;0;;0;;0;;;0;0;0;0;0;1;0;0;0;0
151;2676;;;;;;1.9.2025 00:00:00;"O";"pomoc nauczyciela";1.11.2025 00:00:00;1;;0;;0;;0;;0;;0;;;0;0;0;0;0;1;0;0;0;0
152;2677;;;;;;1.9.2025 00:00:00;"O";"nauczyciel";1.11.2025 00:00:00;1;;0;;0;;0;;0;;0;;;0;0;0;0;0;1;0;0;0;0
153;2679;;;;;;1.9.2025 00:00:00;"O";"nauczyciel";22.8.2025 00:00:00;1;;0;;0;;0;;0;;0;;;0;0;0;0;0;1;0;0;0;0
154;2680;;;;;;1.9.2025 00:00:00;"O";"nauczyciel";22.8.2025 00:00:00;1;;0;;0;;0;;0;;0;;;0;0;0;0;0;1;0;0;0;0
155;2681;;;;;;1.9.2025 00:00:00;"O";"nauczyciel";22.8.2025 00:00:00;1;;0;;0;;0;;0;;0;;;0;0;0;0;0;1;0;0;0;0
156;2682;;;;;;1.9.2025 00:00:00;"K";"nauczyciel";22.8.2025 00:00:00;0;;0;;0;;0;;1;;0;;;0;0;0;0;0;1;0;0;0;0
157;2685;;;;;;1.9.2025 00:00:00;"O";"intendet pomoc nauczyciela";22.8.2025 00:00:00;1;;0;;1;;0;;1;;0;;;0;0;0;0;0;1;0;0;0;0
158;2688;;;;;;1.9.2025 00:00:00;"O";"nauczyciel";1.11.2025 00:00:00;0;;0;;0;;0;;1;;0;;;0;0;0;0;0;1;0;0;0;0
159;1131;;;;;;1.9.2025 00:00:00;"O";"opiekun";1.11.2025 00:00:00;1;;0;;0;;0;;1;;0;;;0;0;0;0;0;1;0;0;0;0
160;2694;;;;;;1.9.2025 00:00:00;"O";"opiekun osÛb starszych";1.11.2025 00:00:00;1;;0;;0;;0;;1;;0;;;0;0;0;0;0;1;0;0;0;0
161;2695;;;;;;1.9.2025 00:00:00;"O";"nauczyciel";1.11.2025 00:00:00;0;;0;;0;;0;;1;;0;;;0;0;0;0;0;1;0;0;0;0
162;2309;;;;;;1.9.2025 00:00:00;"O";"nauczyciel";1.11.2025 00:00:00;1;;0;;0;;0;;1;;0;;;0;0;0;0;0;1;0;0;0;0
163;2697;;;;;;1.9.2025 00:00:00;"O";"nauczyciel";1.11.2025 00:00:00;1;;0;;0;;0;;1;;0;;;0;0;0;0;0;1;0;0;0;0
164;2699;;;;;;1.9.2025 00:00:00;"O";"starsza woüna";21.8.2025 00:00:00;1;;0;;0;;0;;0;;0;;;0;0;0;0;0;1;0;0;0;0
165;2704;;;;;;1.9.2025 00:00:00;"O";"nauczyciel wychowawca";21.8.2025 00:00:00;1;;0;;0;;0;;0;;0;;;0;0;0;0;0;1;0;0;0;0
166;2632;;;;;;1.9.2025 00:00:00;"O";"nauczyciel";21.8.2025 00:00:00;0;;0;;0;;1;;0;;0;;;0;0;0;0;0;1;0;0;0;0
167;544;;;109;;;15.9.2025 00:00:00;"O";"nauczyciel";15.9.2025 20:36:10;1;"fizyczne";0;"";0;"";0;"";1;"inne";0;;;0;0;1;0;0;1;0;0;0;0
168;1145;;;;;;1.9.2025 00:00:00;"O";"opiekun osÛb starszych";22.8.2025 00:00:00;1;;0;;0;;0;;0;;0;;;0;0;0;0;0;1;1;0;0;0
169;2711;;;;;;1.9.2025 00:00:00;"O";"nauczyciel";22.8.2025 00:00:00;1;;0;;0;;0;;0;;0;;;0;0;0;0;0;1;1;0;0;0
170;2712;;;;;;1.9.2025 00:00:00;"O";"nauczyciel";22.8.2025 00:00:00;1;;0;;0;;0;;0;;0;;;0;0;0;0;0;1;1;0;0;0
171;2720;;;;;;1.9.2025 00:00:00;"O";"bibliotekarz";22.8.2025 00:00:00;0;;0;;0;;0;;1;;0;;;0;0;0;0;0;1;1;0;0;0
172;2722;;;;;;1.9.2025 00:00:00;"O";"starszy portier";22.8.2025 00:00:00;1;;0;;0;;0;;0;;0;;;0;0;0;0;0;1;1;0;0;0
173;2724;;;;;;1.9.2025 00:00:00;"O";"nauczyciel wychowawca w-ce Dyrektor";22.8.2025 00:00:00;1;;0;;0;;0;;1;;0;;;0;0;0;0;0;1;1;0;0;0
174;478;;;;;;1.9.2025 00:00:00;"O";"nauczyciel";22.8.2025 00:00:00;1;;0;;0;;0;;1;;0;;;0;0;0;0;0;1;1;0;0;0
175;2728;;;;;;1.9.2025 00:00:00;"O";"nauczyciel";22.8.2025 00:00:00;1;;0;;0;;0;;1;;0;;;0;0;0;0;0;1;1;0;0;0
176;2743;;;;;;1.9.2025 00:00:00;"O";"nauczyciel wychowawca";22.8.2025 00:00:00;1;;0;;0;;0;;0;;0;;;0;0;0;0;0;1;0;0;0;0
177;2747;;;;;;1.9.2025 00:00:00;"O";"kucharz";22.8.2025 00:00:00;1;;0;;1;;1;;0;;0;;;0;0;0;0;0;1;0;0;0;0
178;2748;;;;;;1.9.2025 00:00:00;"O";"nauczyciel";22.8.2025 00:00:00;1;;0;;0;;0;;0;;0;;;0;0;0;0;0;1;0;0;0;0
179;2749;;;;;;1.9.2025 00:00:00;"O";"nauczyciel";22.8.2025 00:00:00;1;;0;;0;;0;;0;;0;;;0;0;0;0;0;1;0;0;0;0
180;2750;;;;;;1.9.2025 00:00:00;"O";"nauczyciel";22.8.2025 00:00:00;1;;0;;0;;0;;0;;0;;;0;0;0;0;0;1;0;0;0;0
181;2751;;;;;;1.9.2025 00:00:00;"O";"opiekun úrodowiskowy - medyczny";22.8.2025 00:00:00;1;;0;;1;;1;;0;;1;;;0;0;0;0;0;1;0;0;0;0
182;2753;;;;;;1.9.2025 00:00:00;"K";"nauczyciel";22.8.2025 00:00:00;0;;0;;0;;0;;0;;0;;;0;0;0;0;0;1;0;0;0;0
183;2755;;;;;;1.9.2025 00:00:00;"O";"pomoc kuchenna";22.8.2025 00:00:00;0;;0;;0;;1;;1;;0;;;0;0;0;0;0;1;0;0;0;0
184;2756;;;;;;1.9.2025 00:00:00;"O";"nauczyciel";22.8.2025 00:00:00;1;;0;;0;;0;;1;;0;;;0;0;0;0;0;1;0;0;0;0
185;2757;;;;;;1.9.2025 00:00:00;"O";"Starszy szatniarz";22.8.2025 00:00:00;1;;0;;0;;0;;1;;0;;;0;0;0;0;0;1;0;0;0;0
186;2758;;;;;;1.9.2025 00:00:00;"O";"Starsza woüna";22.8.2025 00:00:00;1;;0;;0;;0;;1;;0;;;0;0;0;0;0;1;0;0;0;0
187;2760;;;;;;1.9.2025 00:00:00;"O";"Starsza woüna";22.8.2025 00:00:00;1;;0;;0;;0;;1;;0;;;0;0;0;0;0;1;0;0;0;0
188;2761;;;;;;1.9.2025 00:00:00;"K";"pomoc kuchenna";22.8.2025 00:00:00;1;;0;;0;;0;;0;;0;;;0;0;0;0;0;1;0;0;0;0
189;2771;;;;;;1.9.2025 00:00:00;"O";"pomoc nauczyciela";22.8.2025 00:00:00;1;;0;;0;;0;;1;;0;;;0;0;0;0;0;1;0;0;0;0
190;2772;;;;;;1.9.2025 00:00:00;"O";"nauczyciel";22.8.2025 00:00:00;1;;0;;0;;0;;1;;0;;;0;0;0;0;0;1;0;0;0;0
191;2773;;;;;;1.9.2025 00:00:00;"O";"nauczyciel";27.8.2025 00:00:00;0;;0;;0;;1;;0;;0;;;0;0;0;0;0;1;0;0;0;0
192;2776;;;12;;;1.10.2025 00:00:00;"O";"nauczyciel";20.10.2025 11:33:43;1;"";0;"";0;"";0;"";0;"";0;;;0;0;0;0;0;1;0;0;0;0
193;2778;;;;;;1.9.2025 00:00:00;"O";"nauczyciel";27.8.2025 00:00:00;1;;0;;0;;0;;0;;0;;;0;0;0;0;0;1;0;0;0;0
194;2780;;;;;;1.9.2025 00:00:00;"O";"nauczyciel";27.8.2025 00:00:00;1;;0;;0;;0;;0;;0;;;0;0;0;0;0;1;0;0;0;0
195;2781;;;;;;1.9.2025 00:00:00;"O";"nauczyciel";27.8.2025 00:00:00;1;;0;;0;;0;;0;;0;;;0;0;0;0;0;1;0;0;0;0
196;2782;;;;;;1.9.2025 00:00:00;"O";"nauczyciel";27.8.2025 00:00:00;1;;0;;0;;0;;0;;0;;;0;0;0;0;0;1;0;0;0;0
197;2784;;;;;;1.9.2025 00:00:00;"O";"nauczyciel";27.8.2025 00:00:00;1;;0;;0;;0;;0;;0;;;0;0;0;0;0;1;0;0;0;0
198;2785;;;;;;1.9.2025 00:00:00;"O";"nauczyciel";27.8.2025 00:00:00;1;;0;;0;;0;;0;;0;;;0;0;0;0;0;1;0;0;0;0
199;2790;;;;;;1.9.2025 00:00:00;"K";"nauczyciel wychowania przedszkolnego";27.8.2025 00:00:00;0;;0;;0;;1;;0;;0;;;0;0;0;0;0;1;0;0;0;0
200;56;;;;;;1.9.2025 00:00:00;"O";"szef kuchni";27.8.2025 00:00:00;1;;0;;0;;1;;0;;0;;;0;0;0;0;0;1;0;0;0;0
201;1176;;;;;;1.9.2025 00:00:00;"O";"nauczyciel";27.8.2025 00:00:00;1;;0;;0;;0;;0;;0;;;0;0;0;0;0;1;0;0;0;0
202;2802;;;;;;1.9.2025 00:00:00;"O";"nauczyciel";27.8.2025 00:00:00;0;;0;;0;;0;;0;;0;;;0;0;0;0;0;1;0;0;0;0
203;1190;;;;;;1.9.2025 00:00:00;"O";"wychowawca úwietlicy";27.8.2025 00:00:00;0;;0;;0;;0;;0;;0;;;0;0;0;0;0;1;0;0;0;0
204;2806;;;;;;1.9.2025 00:00:00;"O";"nauczyciel";27.8.2025 00:00:00;0;;0;;0;;0;;0;;0;;;0;0;0;0;0;1;0;0;0;0
205;2808;;;;;;1.9.2025 00:00:00;"O";"pomoc nauczyciela";27.8.2025 00:00:00;0;;0;;0;;0;;0;;0;;;0;0;0;0;0;1;0;0;0;0
206;2809;;;;;;1.9.2025 00:00:00;"O";"nauczyciel";27.8.2025 00:00:00;0;;0;;0;;0;;0;;0;;;0;0;0;0;0;1;0;0;0;0
207;2027;;;;;;1.9.2025 00:00:00;"O";"nauczyciel";27.8.2025 00:00:00;0;;0;;0;;0;;0;;0;;;0;0;0;0;0;1;0;0;0;0
208;2812;;;;;;1.9.2025 00:00:00;"O";"nauczyciel";27.8.2025 00:00:00;1;;0;;0;;0;;0;;0;;;0;0;0;0;0;1;0;0;0;0
209;2814;;;;;;1.9.2025 00:00:00;"O";"nauczyciel";27.8.2025 00:00:00;0;;0;;0;;0;;0;;0;;;0;0;0;0;0;1;0;0;0;0
210;126;;;;;;1.9.2025 00:00:00;"O";"nauczyciel";27.8.2025 00:00:00;1;;0;;0;;0;;0;;0;;;0;0;0;0;0;1;0;0;0;0
211;2825;;;;;;1.9.2025 00:00:00;"O";"nauczyciel";27.8.2025 00:00:00;1;;0;;0;;0;;0;;0;;;0;0;0;0;0;1;0;0;0;0
212;1191;;;56;3648;;25.7.2022 00:00:00;"O";"nauczyciel pedagog";4.5.2026 15:58:54;0;"";0;"";0;"";0;"";0;"";0;;;0;0;0;0;0;1;0;0;1;0
213;1192;;;56;;;25.7.2022 00:00:00;"O";"";17.10.2025 00:00:00;0;;0;;0;;0;;0;;0;;;0;0;0;0;0;1;0;0;0;0
214;3445;;;70;;;20.10.2025 00:00:00;"O";"nauczyciel";20.10.2025 11:42:20;0;;1;;0;;0;;0;;0;;;0;0;0;0;0;1;0;0;0;0
215;3442;;;58;;;21.10.2025 00:00:00;"O";"nauczyciel";21.10.2025 20:12:15;1;;0;;0;;0;;0;;0;;;0;0;0;0;0;1;0;0;0;0
216;3444;;;58;;;21.10.2025 00:00:00;"K";"nauczyciel";21.10.2025 20:12:50;0;;0;;0;;0;;0;;0;;;0;0;1;0;0;1;0;0;0;0
217;3532;;;1;;;22.10.2025 00:00:00;"O";"nauczyciel";22.10.2025 23:15:50;1;;0;;0;;0;;0;;0;;;0;0;0;0;0;1;0;0;0;0
218;3452;;;70;;;22.10.2025 00:00:00;"O";"nauczyciel";22.10.2025 23:26:31;1;;0;;0;;0;;0;;0;;;0;0;0;0;0;1;0;0;0;0
219;3535;;;58;;;27.10.2025 00:00:00;"K";"Dyrektor";24.10.2025 20:14:08;1;;1;;1;;1;;1;;0;;;0;1;1;0;0;1;0;0;0;0
220;3441;;;58;;;1.10.2025 00:00:00;"O";"nauczyciel polskiego";25.10.2025 19:23:40;1;;0;;0;;0;;0;;0;;;0;0;0;0;0;1;0;0;0;0
221;3454;;;70;;;25.10.2025 00:00:00;"O";"nauczyciel";25.10.2025 19:33:34;0;;0;;0;;0;;0;;0;;;0;0;0;0;0;1;0;0;0;0
222;3449;;;70;;;26.10.2025 00:00:00;"K";"nauczyciel";26.10.2025 13:27:06;1;;0;;0;;0;;0;;0;;;0;0;0;0;0;1;0;0;0;0
223;3464;;;70;;;2.11.2025 00:00:00;"K";"nauczyciel";2.11.2025 20:06:39;1;;0;;0;;0;;1;;0;;;0;0;0;0;0;1;0;0;0;0
224;3451;;;70;;;27.10.2025 00:00:00;"O";"nauczyciel";6.11.2025 17:26:45;0;;0;;0;;0;;0;;0;;;0;1;1;0;0;1;0;0;0;0
225;3450;;;70;;;14.11.2025 00:00:00;"O";"nauczyciel-Uice dyrektor";14.11.2025 00:13:38;0;;0;;0;;0;;0;;0;;;0;1;1;0;0;1;0;0;0;0
226;3441;;;58;;;15.11.2025 00:00:00;"O";"nauczyciel polskiego";15.11.2025 15:38:54;0;;1;;0;;0;;0;;0;;;0;0;0;0;0;1;0;0;0;0
227;3539;;;;;;25.11.2025 00:00:00;"O";"";8.12.2025 17:37:27;1;;0;;1;;0;;0;;0;;;0;1;1;0;0;1;0;0;0;0
238;747;;;56;;;22.9.2022 00:00:00;"O";"";20.12.2025 18:01:35;0;"";0;"";0;"";0;"";0;"";0;;;1;0;0;0;0;1;0;0;0;0
239;1197;;;56;;;25.7.2022 00:00:00;"O";"";20.12.2025 17:50:30;0;"";0;"";0;"";0;"";0;"";0;;;1;0;0;0;0;1;0;0;0;0
240;1213;;;56;;;29.5.2024 00:00:00;"O";"";20.12.2025 18:18:30;0;"";0;"";0;"";0;"";0;"";0;;;1;0;0;0;0;1;0;0;0;0
241;1471;;;56;;;28.5.2024 00:00:00;"O";"";20.12.2025 17:54:17;0;"";0;"";0;"";0;"";0;"";0;;;1;0;0;0;0;1;0;0;0;0
242;1477;;;56;;;29.5.2024 00:00:00;"O";"";20.12.2025 18:23:32;0;"";0;"";0;"";0;"";0;"";0;;;1;0;0;0;0;1;0;0;0;0
243;1479;;;56;;;29.5.2024 00:00:00;"O";"";20.12.2025 18:09:08;0;"";0;"";0;"";0;"";0;"";0;;;1;0;0;0;0;1;0;0;0;0
244;1480;;;56;;;29.5.2024 00:00:00;"O";"";20.12.2025 18:12:28;0;"";0;"";0;"";0;"";0;"";0;;;1;0;0;0;0;1;0;0;0;0
245;1482;;;56;;;28.5.2024 00:00:00;"O";"";20.12.2025 17:57:24;0;"";0;"";0;"";0;"";0;"";0;;;1;0;0;0;0;1;0;0;0;0
246;1485;;;56;;;29.5.2024 00:00:00;"O";"";20.12.2025 18:00:34;0;"";0;"";0;"";0;"";0;"";0;;;1;0;0;0;0;1;0;0;0;0
247;1486;;;56;;;29.5.2024 00:00:00;"O";"";20.12.2025 18:15:06;0;"";0;"";0;"";0;"";0;"";0;;;1;0;0;0;0;1;0;0;0;0
248;3754;;;56;;;29.5.2024 00:00:00;"O";"nauczyciel";4.5.2026 15:18:56;0;"";0;"";0;"";0;"";0;"";0;;;1;0;0;0;0;1;0;0;1;0
249;1489;;;56;;;29.5.2024 00:00:00;"O";"";20.12.2025 18:07:31;0;"";0;"";0;"";0;"";0;"";0;;;1;0;0;0;0;1;0;0;0;0
250;1490;;;56;;;29.5.2024 00:00:00;"O";"";20.12.2025 18:20:59;0;"";0;"";0;"";0;"";0;"";0;;;1;0;0;0;0;1;0;0;0;0
251;1197;;;56;;;29.5.2024 00:00:00;"O";"";20.12.2025 18:05:00;0;"";0;"";0;"";0;"";0;"";0;;;1;0;0;0;0;1;0;0;0;0
252;1493;;;56;;;29.5.2024 00:00:00;"O";"";20.12.2025 18:20:02;0;"";0;"";0;"";0;"";0;"";0;;;1;0;0;0;0;1;0;0;0;0
253;1496;;;56;;;29.5.2024 00:00:00;"O";"";20.12.2025 18:21:53;0;"";0;"";0;"";0;"";0;"";0;;;1;0;0;0;0;1;0;0;0;0
254;1497;;;56;;;28.5.2024 00:00:00;"O";"";20.12.2025 18:15:46;0;"";0;"";0;"";0;"";0;"";0;;;1;0;0;0;0;1;0;0;0;0
255;1498;;;56;;;29.5.2024 00:00:00;"O";"";20.12.2025 18:30:09;0;"";0;"";0;"";0;"";0;"";0;;;1;0;0;0;0;1;0;0;0;0
256;1499;;;56;;;29.5.2024 00:00:00;"O";"";20.12.2025 18:31:10;0;"";0;"";0;"";0;"";0;"";0;;;1;0;0;0;0;1;0;0;0;0
257;1500;;;56;;;29.5.2024 00:00:00;"O";"";20.12.2025 18:28:46;0;"";0;"";0;"";0;"";0;"";0;;;1;0;0;0;0;1;0;0;0;0
258;1501;;;56;;;29.5.2024 00:00:00;"O";"";20.12.2025 18:08:18;0;"";0;"";0;"";0;"";0;"";0;;;1;0;0;0;0;1;0;0;0;0
266;1476;;;56;;;29.5.2024 00:00:00;"O";"";20.12.2025 17:59:41;0;"";0;"";0;"";0;"";0;"";0;;;1;0;0;0;0;1;0;0;0;0
267;1494;;;56;;;28.5.2024 00:00:00;"O";"";20.12.2025 18:16:48;0;"";0;"";0;"";0;"";0;"";0;;;1;0;0;0;0;1;0;0;0;0
268;652;;;56;;;29.5.2024 00:00:00;"O";"";20.12.2025 18:27:45;0;"";0;"";0;"";0;"";0;"";0;;;1;0;0;0;0;1;0;0;0;0
269;4031;;;;;;29.5.2024 00:00:00;"O";"";20.12.2025 18:25:49;0;;0;;0;;0;;0;;0;;;0;0;0;0;0;1;0;0;0;0
271;3429;0;;58;;;29.12.2025 00:00:00;"O";"kucharz";6.1.2026 00:11:18;0;"";0;"";0;"";0;"";0;"";0;;;0;0;0;0;0;1;0;0;0;0
272;840;0;;343;470;;31.10.2022 00:00:00;"W";"";30.12.2025 10:58:48;0;;0;;0;;0;;0;;0;;;0;0;0;0;0;1;0;0;1;0
273;841;0;;343;471;;31.10.2022 00:00:00;"W";"";30.12.2025 10:59:56;0;;0;;0;;0;;0;;0;;;0;0;0;0;0;1;0;0;1;0
274;842;0;;343;469;;31.10.2022 00:00:00;"W";"";30.12.2025 11:03:13;0;;0;;0;;0;;0;;0;;;0;0;0;0;0;1;0;0;1;0
276;1363;0;1363;;473;;10.6.2025 00:00:00;"F";;10.6.2025 00:00:00;0;;0;;0;;0;;0;;0;;;1;0;0;0;0;1;0;0;1;0
277;1381;0;1381;;474;;10.6.2025 00:00:00;"F";;10.6.2025 00:00:00;0;;0;;0;;0;;0;;0;;;1;0;0;0;0;1;0;0;1;0
278;1368;0;1368;;475;;10.6.2025 00:00:00;"F";;10.6.2025 00:00:00;0;;0;;0;;0;;0;;0;;;1;0;0;0;0;1;0;0;1;0
279;1372;0;1372;;476;;10.6.2025 00:00:00;"F";;10.6.2025 00:00:00;0;;0;;0;;0;;0;;0;;;1;0;0;0;0;1;0;0;1;0
280;1385;0;1385;;477;;10.6.2025 00:00:00;"F";;10.6.2025 00:00:00;0;;0;;0;;0;;0;;0;;;1;0;0;0;0;1;0;0;1;0
281;1357;0;1357;;478;;10.6.2025 00:00:00;"F";;10.6.2025 00:00:00;0;;0;;0;;0;;0;;0;;;1;0;0;0;0;1;0;0;1;0
282;1380;0;1380;;479;;10.6.2025 00:00:00;"F";;10.6.2025 00:00:00;0;;0;;0;;0;;0;;0;;;1;0;0;0;0;1;0;0;1;0
283;1364;0;1364;;480;;10.6.2025 00:00:00;"F";;10.6.2025 00:00:00;0;;0;;0;;0;;0;;0;;;1;0;0;0;0;1;0;0;1;0
284;1353;0;1353;;481;;10.6.2025 00:00:00;"F";;10.6.2025 00:00:00;0;;0;;0;;0;;0;;0;;;1;0;0;0;0;1;0;0;1;0
285;1376;0;1376;;482;;10.6.2025 00:00:00;"F";;10.6.2025 00:00:00;0;;0;;0;;0;;0;;0;;;1;0;0;0;0;1;0;0;1;0
286;2231;0;2231;;483;;10.6.2025 00:00:00;"F";;10.6.2025 00:00:00;0;;0;;0;;0;;0;;0;;;1;0;0;0;0;1;0;0;1;0
287;1373;0;1373;;484;;10.6.2025 00:00:00;"F";;10.6.2025 00:00:00;0;;0;;0;;0;;0;;0;;;1;0;0;0;0;1;0;0;1;0
288;1375;0;1375;;485;;10.6.2025 00:00:00;"F";;10.6.2025 00:00:00;0;;0;;0;;0;;0;;0;;;1;0;0;0;0;1;0;0;1;0
289;1378;0;1378;;486;;10.6.2025 00:00:00;"F";;10.6.2025 00:00:00;0;;0;;0;;0;;0;;0;;;1;0;0;0;0;1;0;0;1;0
290;1356;0;1356;;487;;10.6.2025 00:00:00;"F";;10.6.2025 00:00:00;0;;0;;0;;0;;0;;0;;;1;0;0;0;0;1;0;0;1;0
291;1371;0;1371;;488;;10.6.2025 00:00:00;"F";;10.6.2025 00:00:00;0;;0;;0;;0;;0;;0;;;1;0;0;0;0;1;0;0;1;0
292;1358;0;1358;;489;;10.6.2025 00:00:00;"F";;10.6.2025 00:00:00;0;;0;;0;;0;;0;;0;;;1;0;0;0;0;1;0;0;1;0
293;1366;0;1366;;490;;10.6.2025 00:00:00;"F";;10.6.2025 00:00:00;0;;0;;0;;0;;0;;0;;;1;0;0;0;0;1;0;0;1;0
294;1370;0;1370;;491;;10.6.2025 00:00:00;"F";;10.6.2025 00:00:00;0;;0;;0;;0;;0;;0;;;1;0;0;0;0;1;0;0;1;0
295;1362;0;1362;;492;;10.6.2025 00:00:00;"F";;10.6.2025 00:00:00;0;;0;;0;;0;;0;;0;;;1;0;0;0;0;1;0;0;1;0
296;1377;0;1377;;493;;10.6.2025 00:00:00;"F";;10.6.2025 00:00:00;0;;0;;0;;0;;0;;0;;;1;0;0;0;0;1;0;0;1;0
297;1374;0;1374;;494;;10.6.2025 00:00:00;"F";;10.6.2025 00:00:00;0;;0;;0;;0;;0;;0;;;1;0;0;0;0;1;0;0;1;0
298;1369;0;1369;;495;;10.6.2025 00:00:00;"F";;10.6.2025 00:00:00;0;;0;;0;;0;;0;;0;;;1;0;0;0;0;1;0;0;1;0
299;1360;0;1360;;496;;10.6.2025 00:00:00;"F";;10.6.2025 00:00:00;0;;0;;0;;0;;0;;0;;;1;0;0;0;0;1;0;0;1;0
300;3690;0;3690;;497;;10.6.2025 00:00:00;"F";;10.6.2025 00:00:00;0;;0;;0;;0;;0;;0;;;1;0;0;0;0;1;0;0;1;0
301;1365;0;1365;;498;;10.6.2025 00:00:00;"F";;10.6.2025 00:00:00;0;;0;;0;;0;;0;;0;;;1;0;0;0;0;1;0;0;1;0
302;846;0;846;;499;;31.10.2022 00:00:00;"F";;31.10.2022 00:00:00;0;;0;;0;;0;;0;;0;;;1;0;0;0;0;1;0;0;1;0
303;851;0;851;;500;;31.10.2022 00:00:00;"F";;31.10.2022 00:00:00;0;;0;;0;;0;;0;;0;;;1;0;0;0;0;1;0;0;1;0
304;3513;0;3513;;501;;31.10.2022 00:00:00;"F";;31.10.2022 00:00:00;0;;0;;0;;0;;0;;0;;;1;0;0;0;0;1;0;0;1;0
305;850;0;850;;502;;31.10.2022 00:00:00;"F";;31.10.2022 00:00:00;0;;0;;0;;0;;0;;0;;;1;0;0;0;0;1;0;0;1;0
306;844;0;844;;503;;31.10.2022 00:00:00;"F";;31.10.2022 00:00:00;0;;0;;0;;0;;0;;0;;;1;0;0;0;0;1;0;0;1;0
307;847;0;847;;504;;31.10.2022 00:00:00;"F";;31.10.2022 00:00:00;0;;0;;0;;0;;0;;0;;;1;0;0;0;0;1;0;0;1;0
308;849;0;849;;505;;31.10.2022 00:00:00;"F";;31.10.2022 00:00:00;0;;0;;0;;0;;0;;0;;;1;0;0;0;0;1;0;0;1;0
309;848;0;848;;506;;31.10.2022 00:00:00;"F";;31.10.2022 00:00:00;0;;0;;0;;0;;0;;0;;;1;0;0;0;0;1;0;0;1;0
310;843;0;843;;507;;31.10.2022 00:00:00;"F";;31.10.2022 00:00:00;0;;0;;0;;0;;0;;0;;;1;0;0;0;0;1;0;0;1;0
311;3752;0;3752;;508;;30.10.2025 00:00:00;"F";;30.10.2025 00:00:00;0;;0;;0;;0;;0;;0;;;1;0;0;0;0;1;0;0;1;0
312;3757;0;3757;;509;;30.10.2025 00:00:00;"F";;30.10.2025 00:00:00;0;;0;;0;;0;;0;;0;;;1;0;0;0;0;1;0;0;1;0
313;2786;0;2786;;510;;30.10.2025 00:00:00;"F";;30.10.2025 00:00:00;0;;0;;0;;0;;0;;0;;;1;0;0;0;0;1;0;0;1;0
314;3759;0;3759;;511;;30.10.2025 00:00:00;"F";;30.10.2025 00:00:00;0;;0;;0;;0;;0;;0;;;1;0;0;0;0;1;0;0;1;0
315;3754;0;3754;;512;;30.10.2025 00:00:00;"F";;30.10.2025 00:00:00;0;;0;;0;;0;;0;;0;;;1;0;0;0;0;1;0;0;1;0
316;1493;0;1493;;513;;30.10.2025 00:00:00;"F";;30.10.2025 00:00:00;0;;0;;0;;0;;0;;0;;;1;0;0;0;0;1;0;0;1;0
317;1477;0;1477;;514;;30.10.2025 00:00:00;"F";;30.10.2025 00:00:00;0;;0;;0;;0;;0;;0;;;1;0;0;0;0;1;0;0;1;0
318;2788;0;2788;;515;;30.10.2025 00:00:00;"F";;30.10.2025 00:00:00;0;;0;;0;;0;;0;;0;;;1;0;0;0;0;1;0;0;1;0
319;3758;0;3758;;516;;30.10.2025 00:00:00;"F";;30.10.2025 00:00:00;0;;0;;0;;0;;0;;0;;;1;0;0;0;0;1;0;0;1;0
320;3756;0;3756;;517;;30.10.2025 00:00:00;"F";;30.10.2025 00:00:00;0;;0;;0;;0;;0;;0;;;1;0;0;0;0;1;0;0;1;0
321;3760;0;3760;;518;;30.10.2025 00:00:00;"F";;30.10.2025 00:00:00;0;;0;;0;;0;;0;;0;;;1;0;0;0;0;1;0;0;1;0
322;1464;0;1464;;519;;30.10.2025 00:00:00;"F";;30.10.2025 00:00:00;0;;0;;0;;0;;0;;0;;;1;0;0;0;0;1;0;0;1;0
323;3761;0;3761;;520;;30.10.2025 00:00:00;"F";;30.10.2025 00:00:00;0;;0;;0;;0;;0;;0;;;1;0;0;0;0;1;0;0;1;0
324;3896;0;3896;;521;;29.8.2025 00:00:00;"F";;29.8.2025 00:00:00;0;;0;;0;;0;;0;;0;;;1;0;0;0;0;1;0;0;1;0
325;3897;0;3897;;522;;29.8.2025 00:00:00;"F";;29.8.2025 00:00:00;0;;0;;0;;0;;0;;0;;;1;0;0;0;0;1;0;0;1;0
326;1922;0;1922;;523;;29.8.2025 00:00:00;"F";;29.8.2025 00:00:00;0;;0;;0;;0;;0;;0;;;1;0;0;0;0;1;0;0;1;0
327;1927;0;1927;;524;;29.8.2025 00:00:00;"F";;29.8.2025 00:00:00;0;;0;;0;;0;;0;;0;;;1;0;0;0;0;1;0;0;1;0
329;2674;0;2674;120;526;;1.9.2025 00:00:00;"O";"nauczyciel";4.1.2026 11:31:24;0;"";0;"";0;"";0;"";0;"";0;;;1;0;0;0;0;1;0;0;1;0
330;3899;0;3899;;527;;29.8.2025 00:00:00;"F";;29.8.2025 00:00:00;0;;0;;0;;0;;0;;0;;;1;0;0;0;0;1;0;0;1;0
331;2735;0;2735;;528;;29.8.2025 00:00:00;"F";;29.8.2025 00:00:00;0;;0;;0;;0;;0;;0;;;1;0;0;0;0;1;0;0;1;0
332;2809;0;2809;;529;;29.8.2025 00:00:00;"F";;29.8.2025 00:00:00;0;;0;;0;;0;;0;;0;;;1;0;0;0;0;1;0;0;1;0
333;1921;0;1921;;530;;29.8.2025 00:00:00;"F";;29.8.2025 00:00:00;0;;0;;0;;0;;0;;0;;;1;0;0;0;0;1;0;0;1;0
334;3894;0;3894;;531;;29.8.2025 00:00:00;"F";;29.8.2025 00:00:00;0;;0;;0;;0;;0;;0;;;1;0;0;0;0;1;0;0;1;0
335;3900;0;3900;;533;;29.8.2025 00:00:00;"F";;29.8.2025 00:00:00;0;;0;;0;;0;;0;;0;;;1;0;0;0;0;1;0;0;1;0
337;1926;0;1926;;534;;29.8.2025 00:00:00;"F";;29.8.2025 00:00:00;0;;0;;0;;0;;0;;0;;;1;0;0;0;0;1;0;0;1;0
338;2682;0;2682;;535;;29.8.2025 00:00:00;"F";;29.8.2025 00:00:00;0;;0;;0;;0;;0;;0;;;1;0;0;0;0;1;0;0;1;0
339;3895;0;3895;;536;;29.8.2025 00:00:00;"F";;29.8.2025 00:00:00;0;;0;;0;;0;;0;;0;;;1;0;0;0;0;1;0;0;1;0
340;3898;0;3898;;537;;29.8.2025 00:00:00;"F";;29.8.2025 00:00:00;0;;0;;0;;0;;0;;0;;;1;0;0;0;0;1;0;0;1;0
342;1930;0;1930;;539;;29.8.2025 00:00:00;"F";;29.8.2025 00:00:00;0;;0;;0;;0;;0;;0;;;1;0;0;0;0;1;0;0;1;0
343;3928;0;3928;;540;;8.8.2025 00:00:00;"F";;8.8.2025 00:00:00;0;;0;;0;;0;;0;;0;;;1;0;0;0;0;1;0;0;1;0
344;35;0;35;;541;;8.8.2025 00:00:00;"F";;8.8.2025 00:00:00;0;;0;;0;;0;;0;;0;;;1;0;0;0;0;1;0;0;1;0
345;3927;0;3927;;542;;8.8.2025 00:00:00;"F";;8.8.2025 00:00:00;0;;0;;0;;0;;0;;0;;;1;0;0;0;0;1;0;0;1;0
346;3926;0;3926;;543;;8.8.2025 00:00:00;"F";;8.8.2025 00:00:00;0;;0;;0;;0;;0;;0;;;1;0;0;0;0;1;0;0;1;0
347;3934;0;3934;;544;;8.8.2025 00:00:00;"F";;8.8.2025 00:00:00;0;;0;;0;;0;;0;;0;;;1;0;0;0;0;1;0;0;1;0
348;3940;0;3940;;545;;8.8.2025 00:00:00;"F";;8.8.2025 00:00:00;0;;0;;0;;0;;0;;0;;;1;0;0;0;0;1;0;0;1;0
349;3937;0;3937;;546;;8.8.2025 00:00:00;"F";;8.8.2025 00:00:00;0;;0;;0;;0;;0;;0;;;1;0;0;0;0;1;0;0;1;0
350;3931;0;3931;;547;;8.8.2025 00:00:00;"F";;8.8.2025 00:00:00;0;;0;;0;;0;;0;;0;;;1;0;0;0;0;1;0;0;1;0
351;3930;0;3930;;548;;8.8.2025 00:00:00;"F";;8.8.2025 00:00:00;0;;0;;0;;0;;0;;0;;;1;0;0;0;0;1;0;0;1;0
352;3924;0;3924;;549;;8.8.2025 00:00:00;"F";;8.8.2025 00:00:00;0;;0;;0;;0;;0;;0;;;1;0;0;0;0;1;0;0;1;0
353;3923;0;3923;;550;;8.8.2025 00:00:00;"F";;8.8.2025 00:00:00;0;;0;;0;;0;;0;;0;;;1;0;0;0;0;1;0;0;1;0
354;3933;0;3933;;551;;8.8.2025 00:00:00;"F";;8.8.2025 00:00:00;0;;0;;0;;0;;0;;0;;;1;0;0;0;0;1;0;0;1;0
355;3939;0;3939;;552;;8.8.2025 00:00:00;"F";;8.8.2025 00:00:00;0;;0;;0;;0;;0;;0;;;1;0;0;0;0;1;0;0;1;0
356;43;0;43;;553;;8.8.2025 00:00:00;"F";;8.8.2025 00:00:00;0;;0;;0;;0;;0;;0;;;1;0;0;0;0;1;0;0;1;0
357;3925;0;3925;;554;;8.8.2025 00:00:00;"F";;8.8.2025 00:00:00;0;;0;;0;;0;;0;;0;;;1;0;0;0;0;1;0;0;1;0
358;3932;0;3932;;555;;8.8.2025 00:00:00;"F";;8.8.2025 00:00:00;0;;0;;0;;0;;0;;0;;;1;0;0;0;0;1;0;0;1;0
359;4045;0;4045;;556;;8.8.2025 00:00:00;"F";;8.8.2025 00:00:00;0;;0;;0;;0;;0;;0;;;1;0;0;0;0;1;0;0;1;0
360;3936;0;3936;;557;;8.8.2025 00:00:00;"F";;8.8.2025 00:00:00;0;;0;;0;;0;;0;;0;;;1;0;0;0;0;1;0;0;1;0
361;1819;0;1819;;558;;8.8.2025 00:00:00;"F";;8.8.2025 00:00:00;0;;0;;0;;0;;0;;0;;;1;0;0;0;0;1;0;0;1;0
362;3935;0;3935;;559;;8.8.2025 00:00:00;"F";;8.8.2025 00:00:00;0;;0;;0;;0;;0;;0;;;1;0;0;0;0;1;0;0;1;0
363;13;0;13;;560;;8.8.2025 00:00:00;"F";;8.8.2025 00:00:00;0;;0;;0;;0;;0;;0;;;1;0;0;0;0;1;0;0;1;0
364;2529;0;2529;;561;;8.8.2025 00:00:00;"F";;8.8.2025 00:00:00;0;;0;;0;;0;;0;;0;;;1;0;0;0;0;1;0;0;1;0
365;2557;0;2557;;562;;1.8.2025 00:00:00;"F";;1.8.2025 00:00:00;0;;0;;0;;0;;0;;0;;;1;0;0;0;0;1;0;0;1;0
366;2551;0;2551;;563;;1.8.2025 00:00:00;"F";;1.8.2025 00:00:00;0;;0;;0;;0;;0;;0;;;1;0;0;0;0;1;0;0;1;0
367;2560;0;2560;;564;;1.8.2025 00:00:00;"F";;1.8.2025 00:00:00;0;;0;;0;;0;;0;;0;;;1;0;0;0;0;1;0;0;1;0
368;2558;0;2558;;565;;1.8.2025 00:00:00;"F";;1.8.2025 00:00:00;0;;0;;0;;0;;0;;0;;;1;0;0;0;0;1;0;0;1;0
369;2549;0;2549;;566;;1.8.2025 00:00:00;"F";;1.8.2025 00:00:00;0;;0;;0;;0;;0;;0;;;1;0;0;0;0;1;0;0;1;0
370;2548;0;2548;;567;;1.8.2025 00:00:00;"F";;1.8.2025 00:00:00;0;;0;;0;;0;;0;;0;;;1;0;0;0;0;1;0;0;1;0
371;4304;0;2552;;568;;1.8.2025 00:00:00;"F";;1.8.2025 00:00:00;0;;0;;0;;0;;0;;0;;;1;0;0;0;0;1;0;0;1;0
372;2553;0;2553;;569;;1.8.2025 00:00:00;"F";;1.8.2025 00:00:00;0;;0;;0;;0;;0;;0;;;1;0;0;0;0;1;0;0;1;0
373;2559;0;2559;;570;;1.8.2025 00:00:00;"F";;1.8.2025 00:00:00;0;;0;;0;;0;;0;;0;;;1;0;0;0;0;1;0;0;1;0
374;2547;0;2547;;571;;1.8.2025 00:00:00;"F";;1.8.2025 00:00:00;0;;0;;0;;0;;0;;0;;;1;0;0;0;0;1;0;0;1;0
375;2555;0;2555;;572;;1.8.2025 00:00:00;"F";;1.8.2025 00:00:00;0;;0;;0;;0;;0;;0;;;1;0;0;0;0;1;0;0;1;0
376;2554;0;2554;;573;;1.8.2025 00:00:00;"F";;1.8.2025 00:00:00;0;;0;;0;;0;;0;;0;;;1;0;0;0;0;1;0;0;1;0
377;2556;0;2556;;574;;1.8.2025 00:00:00;"F";;1.8.2025 00:00:00;0;;0;;0;;0;;0;;0;;;1;0;0;0;0;1;0;0;1;0
378;2563;0;2563;;575;;1.8.2025 00:00:00;"F";;1.8.2025 00:00:00;0;;0;;0;;0;;0;;0;;;1;0;0;0;0;1;0;0;1;0
379;2561;0;2561;;576;;1.8.2025 00:00:00;"F";;1.8.2025 00:00:00;0;;0;;0;;0;;0;;0;;;1;0;0;0;0;1;0;0;1;0
380;2550;0;2550;;577;;1.8.2025 00:00:00;"F";;1.8.2025 00:00:00;0;;0;;0;;0;;0;;0;;;1;0;0;0;0;1;0;0;1;0
381;2565;0;2565;;578;;1.8.2025 00:00:00;"F";;1.8.2025 00:00:00;0;;0;;0;;0;;0;;0;;;1;0;0;0;0;1;0;0;1;0
382;2564;0;2564;;579;;1.8.2025 00:00:00;"F";;1.8.2025 00:00:00;0;;0;;0;;0;;0;;0;;;1;0;0;0;0;1;0;0;1;0
383;2562;0;2562;;581;;1.8.2025 00:00:00;"F";;1.8.2025 00:00:00;0;;0;;0;;0;;0;;0;;;1;0;0;0;0;1;0;0;1;0
385;2566;0;2566;;582;;1.8.2025 00:00:00;"F";;1.8.2025 00:00:00;0;;0;;0;;0;;0;;0;;;1;0;0;0;0;1;0;0;1;0
386;2588;0;2588;;583;;1.8.2025 00:00:00;"F";;1.8.2025 00:00:00;0;;0;;0;;0;;0;;0;;;1;0;0;0;0;1;0;0;1;0
387;2589;0;2589;;584;;1.8.2025 00:00:00;"F";;1.8.2025 00:00:00;0;;0;;0;;0;;0;;0;;;1;0;0;0;0;1;0;0;1;0
388;2590;0;2590;;585;;1.8.2025 00:00:00;"F";;1.8.2025 00:00:00;0;;0;;0;;0;;0;;0;;;1;0;0;0;0;1;0;0;1;0
389;2597;0;2597;;586;;1.8.2025 00:00:00;"F";;1.8.2025 00:00:00;0;;0;;0;;0;;0;;0;;;1;0;0;0;0;1;0;0;1;0
390;2598;0;2598;;587;;1.8.2025 00:00:00;"F";;1.8.2025 00:00:00;0;;0;;0;;0;;0;;0;;;1;0;0;0;0;1;0;0;1;0
391;2591;0;2591;;588;;1.8.2025 00:00:00;"F";;1.8.2025 00:00:00;0;;0;;0;;0;;0;;0;;;1;0;0;0;0;1;0;0;1;0
392;2592;0;2592;;589;;1.8.2025 00:00:00;"F";;1.8.2025 00:00:00;0;;0;;0;;0;;0;;0;;;1;0;0;0;0;1;0;0;1;0
393;2602;0;2602;;590;;1.8.2025 00:00:00;"F";;1.8.2025 00:00:00;0;;0;;0;;0;;0;;0;;;1;0;0;0;0;1;0;0;1;0
394;1965;0;1965;;591;;1.8.2025 00:00:00;"F";;1.8.2025 00:00:00;0;;0;;0;;0;;0;;0;;;1;0;0;0;0;1;0;0;1;0
395;2604;0;2604;;592;;1.8.2025 00:00:00;"F";;1.8.2025 00:00:00;0;;0;;0;;0;;0;;0;;;1;0;0;0;0;1;0;0;1;0
396;2603;0;2603;;593;;1.8.2025 00:00:00;"F";;1.8.2025 00:00:00;0;;0;;0;;0;;0;;0;;;1;0;0;0;0;1;0;0;1;0
397;2593;0;2593;;594;;1.8.2025 00:00:00;"F";;1.8.2025 00:00:00;0;;0;;0;;0;;0;;0;;;1;0;0;0;0;1;0;0;1;0
398;2600;0;2600;;595;;1.8.2025 00:00:00;"F";;1.8.2025 00:00:00;0;;0;;0;;0;;0;;0;;;1;0;0;0;0;1;0;0;1;0
399;2587;0;2587;;596;;1.8.2025 00:00:00;"F";;1.8.2025 00:00:00;0;;0;;0;;0;;0;;0;;;1;0;0;0;0;1;0;0;1;0
400;2586;0;2586;;597;;1.8.2025 00:00:00;"F";;1.8.2025 00:00:00;0;;0;;0;;0;;0;;0;;;1;0;0;0;0;1;0;0;1;0
401;2594;0;2594;;598;;1.8.2025 00:00:00;"F";;1.8.2025 00:00:00;0;;0;;0;;0;;0;;0;;;1;0;0;0;0;1;0;0;1;0
402;2595;0;2595;;599;;1.8.2025 00:00:00;"F";;1.8.2025 00:00:00;0;;0;;0;;0;;0;;0;;;1;0;0;0;0;1;0;0;1;0
403;3911;0;3911;;600;;1.8.2025 00:00:00;"F";;1.8.2025 00:00:00;0;;0;;0;;0;;0;;0;;;1;0;0;0;0;1;0;0;1;0
404;2601;0;2601;;601;;1.8.2025 00:00:00;"F";;1.8.2025 00:00:00;0;;0;;0;;0;;0;;0;;;1;0;0;0;0;1;0;0;1;0
405;3803;0;3803;;602;;28.11.2025 00:00:00;"F";;28.11.2025 00:00:00;0;;0;;0;;0;;0;;0;;;1;0;0;0;0;1;0;0;1;0
406;3801;0;3801;;603;;28.11.2025 00:00:00;"F";;28.11.2025 00:00:00;0;;0;;0;;0;;0;;0;;;1;0;0;0;0;1;0;0;1;0
407;4047;0;4047;;604;;28.11.2025 00:00:00;"F";;28.11.2025 00:00:00;0;;0;;0;;0;;0;;0;;;1;0;0;0;0;1;0;0;1;0
408;3800;0;3800;;605;;28.11.2025 00:00:00;"F";;28.11.2025 00:00:00;0;;0;;0;;0;;0;;0;;;1;0;0;0;0;1;0;0;1;0
409;2732;0;2732;;606;;28.11.2025 00:00:00;"F";;28.11.2025 00:00:00;0;;0;;0;;0;;0;;0;;;1;0;0;0;0;1;0;0;1;0
410;3802;0;3802;;607;;28.11.2025 00:00:00;"F";;28.11.2025 00:00:00;0;;0;;0;;0;;0;;0;;;1;0;0;0;0;1;0;0;1;0
411;3804;0;3804;;608;;28.11.2025 00:00:00;"F";;28.11.2025 00:00:00;0;;0;;0;;0;;0;;0;;;1;0;0;0;0;1;0;0;1;0
412;3799;0;3799;;609;;28.11.2025 00:00:00;"F";;28.11.2025 00:00:00;0;;0;;0;;0;;0;;0;;;1;0;0;0;0;1;0;0;1;0
413;3798;0;3798;;610;;28.11.2025 00:00:00;"F";;28.11.2025 00:00:00;0;;0;;0;;0;;0;;0;;;1;0;0;0;0;1;0;0;1;0
414;497;0;497;;611;;28.4.2025 00:00:00;"F";;28.4.2025 00:00:00;0;;0;;0;;0;;0;;0;;;1;0;0;0;0;1;0;0;1;0
415;505;0;505;;612;;28.4.2025 00:00:00;"F";;28.4.2025 00:00:00;0;;0;;0;;0;;0;;0;;;1;0;0;0;0;1;0;0;1;0
416;495;0;495;;613;;28.4.2025 00:00:00;"F";;28.4.2025 00:00:00;0;;0;;0;;0;;0;;0;;;1;0;0;0;0;1;0;0;1;0
417;494;0;494;;614;;28.4.2025 00:00:00;"F";;28.4.2025 00:00:00;0;;0;;0;;0;;0;;0;;;1;0;0;0;0;1;0;0;1;0
418;501;0;501;;615;;28.4.2025 00:00:00;"F";;28.4.2025 00:00:00;0;;0;;0;;0;;0;;0;;;1;0;0;0;0;1;0;0;1;0
419;503;0;503;;616;;28.4.2025 00:00:00;"F";;28.4.2025 00:00:00;0;;0;;0;;0;;0;;0;;;1;0;0;0;0;1;0;0;1;0
420;496;0;496;;617;;28.4.2025 00:00:00;"F";;28.4.2025 00:00:00;0;;0;;0;;0;;0;;0;;;1;0;0;0;0;1;0;0;1;0
421;502;0;502;;618;;28.4.2025 00:00:00;"F";;28.4.2025 00:00:00;0;;0;;0;;0;;0;;0;;;1;0;0;0;0;1;0;0;1;0
422;498;0;498;;619;;28.4.2025 00:00:00;"F";;28.4.2025 00:00:00;0;;0;;0;;0;;0;;0;;;1;0;0;0;0;1;0;0;1;0
423;504;0;504;;620;;28.4.2025 00:00:00;"F";;28.4.2025 00:00:00;0;;0;;0;;0;;0;;0;;;1;0;0;0;0;1;0;0;1;0
424;499;0;499;;621;;28.4.2025 00:00:00;"F";;28.4.2025 00:00:00;0;;0;;0;;0;;0;;0;;;1;0;0;0;0;1;0;0;1;0
425;500;0;500;;622;;28.4.2025 00:00:00;"F";;28.4.2025 00:00:00;0;;0;;0;;0;;0;;0;;;1;0;0;0;0;1;0;0;1;0
426;493;0;493;;623;;28.4.2025 00:00:00;"F";;28.4.2025 00:00:00;0;;0;;0;;0;;0;;0;;;1;0;0;0;0;1;0;0;1;0
427;506;0;506;;624;;28.4.2025 00:00:00;"F";;28.4.2025 00:00:00;0;;0;;0;;0;;0;;0;;;1;0;0;0;0;1;0;0;1;0
428;507;0;507;;625;;28.4.2025 00:00:00;"F";;28.4.2025 00:00:00;0;;0;;0;;0;;0;;0;;;1;0;0;0;0;1;0;0;1;0
429;3634;0;3634;;626;;27.11.2025 00:00:00;"F";;27.11.2025 00:00:00;0;;0;;0;;0;;0;;0;;;1;0;0;0;0;1;0;0;1;0
430;3631;0;3631;;627;;27.11.2025 00:00:00;"F";;27.11.2025 00:00:00;0;;0;;0;;0;;0;;0;;;1;0;0;0;0;1;0;0;1;0
431;3635;0;3635;;628;;27.11.2025 00:00:00;"F";;27.11.2025 00:00:00;0;;0;;0;;0;;0;;0;;;1;0;0;0;0;1;0;0;1;0
432;710;0;710;;629;;27.11.2025 00:00:00;"F";;27.11.2025 00:00:00;0;;0;;0;;0;;0;;0;;;1;0;0;0;0;1;0;0;1;0
433;3630;0;3630;;630;;27.11.2025 00:00:00;"F";;27.11.2025 00:00:00;0;;0;;0;;0;;0;;0;;;1;0;0;0;0;1;0;0;1;0
434;3571;0;3571;;632;;27.11.2025 00:00:00;"F";;27.11.2025 00:00:00;0;;0;;0;;0;;0;;0;;;1;0;0;0;0;1;0;0;1;0
436;44;0;44;;633;;27.11.2025 00:00:00;"F";;27.11.2025 00:00:00;0;;0;;0;;0;;0;;0;;;1;0;0;0;0;1;0;0;1;0
437;3570;0;3570;;634;;27.11.2025 00:00:00;"F";;27.11.2025 00:00:00;0;;0;;0;;0;;0;;0;;;1;0;0;0;0;1;0;0;1;0
438;3563;0;3563;;635;;27.11.2025 00:00:00;"F";;27.11.2025 00:00:00;0;;0;;0;;0;;0;;0;;;1;0;0;0;0;1;0;0;1;0
439;3564;0;3564;;636;;27.11.2025 00:00:00;"F";;27.11.2025 00:00:00;0;;0;;0;;0;;0;;0;;;1;0;0;0;0;1;0;0;1;0
440;3567;0;3567;;637;;27.11.2025 00:00:00;"F";;27.11.2025 00:00:00;0;;0;;0;;0;;0;;0;;;1;0;0;0;0;1;0;0;1;0
441;2789;0;2789;;638;;27.11.2025 00:00:00;"F";;27.11.2025 00:00:00;0;;0;;0;;0;;0;;0;;;1;0;0;0;0;1;0;0;1;0
442;3568;0;3568;;639;;27.11.2025 00:00:00;"F";;27.11.2025 00:00:00;0;;0;;0;;0;;0;;0;;;1;0;0;0;0;1;0;0;1;0
443;3565;0;3565;;640;;27.11.2025 00:00:00;"F";;27.11.2025 00:00:00;0;;0;;0;;0;;0;;0;;;1;0;0;0;0;1;0;0;1;0
444;3573;0;3573;;641;;27.11.2025 00:00:00;"F";;27.11.2025 00:00:00;0;;0;;0;;0;;0;;0;;;1;0;0;0;0;1;0;0;1;0
445;3569;0;3569;;642;;27.11.2025 00:00:00;"F";;27.11.2025 00:00:00;0;;0;;0;;0;;0;;0;;;1;0;0;0;0;1;0;0;1;0
446;3566;0;3566;;643;;27.11.2025 00:00:00;"F";;27.11.2025 00:00:00;0;;0;;0;;0;;0;;0;;;1;0;0;0;0;1;0;0;1;0
447;3683;0;3683;;644;;27.11.2025 00:00:00;"F";;27.11.2025 00:00:00;0;;0;;0;;0;;0;;0;;;1;0;0;0;0;1;0;0;1;0
448;3678;0;3678;;645;;27.11.2025 00:00:00;"F";;27.11.2025 00:00:00;0;;0;;0;;0;;0;;0;;;1;0;0;0;0;1;0;0;1;0
449;19;0;19;;646;;27.11.2025 00:00:00;"F";;27.11.2025 00:00:00;0;;0;;0;;0;;0;;0;;;1;0;0;0;0;1;0;0;1;0
450;901;0;901;;647;;27.11.2025 00:00:00;"F";;27.11.2025 00:00:00;0;;0;;0;;0;;0;;0;;;1;0;0;0;0;1;0;0;1;0
451;3676;0;3676;;649;;27.11.2025 00:00:00;"F";;27.11.2025 00:00:00;0;;0;;0;;0;;0;;0;;;1;0;0;0;0;1;0;0;1;0
453;3679;0;3679;;650;;27.11.2025 00:00:00;"F";;27.11.2025 00:00:00;0;;0;;0;;0;;0;;0;;;1;0;0;0;0;1;0;0;1;0
454;3686;0;3686;;651;;27.11.2025 00:00:00;"F";;27.11.2025 00:00:00;0;;0;;0;;0;;0;;0;;;1;0;0;0;0;1;0;0;1;0
455;3687;0;3687;;652;;27.11.2025 00:00:00;"F";;27.11.2025 00:00:00;0;;0;;0;;0;;0;;0;;;1;0;0;0;0;1;0;0;1;0
456;3682;0;3682;;653;;27.11.2025 00:00:00;"F";;27.11.2025 00:00:00;0;;0;;0;;0;;0;;0;;;1;0;0;0;0;1;0;0;1;0
457;3675;0;3675;;654;;27.11.2025 00:00:00;"F";;27.11.2025 00:00:00;0;;0;;0;;0;;0;;0;;;1;0;0;0;0;1;0;0;1;0
458;36;0;36;;655;;27.11.2025 00:00:00;"F";;27.11.2025 00:00:00;0;;0;;0;;0;;0;;0;;;1;0;0;0;0;1;0;0;1;0
459;3684;0;3684;;657;;27.11.2025 00:00:00;"F";;27.11.2025 00:00:00;0;;0;;0;;0;;0;;0;;;1;0;0;0;0;1;0;0;1;0
461;3677;0;3677;;658;;27.11.2025 00:00:00;"F";;27.11.2025 00:00:00;0;;0;;0;;0;;0;;0;;;1;0;0;0;0;1;0;0;1;0
462;3862;0;3862;;659;;27.11.2025 00:00:00;"F";;27.11.2025 00:00:00;0;;0;;0;;0;;0;;0;;;1;0;0;0;0;1;0;0;1;0
463;1650;0;1650;;660;;27.11.2025 00:00:00;"F";;27.11.2025 00:00:00;0;;0;;0;;0;;0;;0;;;1;0;0;0;0;1;0;0;1;0
464;1060;0;1060;;661;;27.11.2025 00:00:00;"F";;27.11.2025 00:00:00;0;;0;;0;;0;;0;;0;;;1;0;0;0;0;1;0;0;1;0
465;2792;0;2792;;662;;27.11.2025 00:00:00;"F";;27.11.2025 00:00:00;0;;0;;0;;0;;0;;0;;;1;0;0;0;0;1;0;0;1;0
466;41;0;41;;663;;27.11.2025 00:00:00;"F";;27.11.2025 00:00:00;0;;0;;0;;0;;0;;0;;;1;0;0;0;0;1;0;0;1;0
467;3872;0;3872;;664;;27.11.2025 00:00:00;"F";;27.11.2025 00:00:00;0;;0;;0;;0;;0;;0;;;1;0;0;0;0;1;0;0;1;0
469;3868;0;3868;;666;;27.11.2025 00:00:00;"F";;27.11.2025 00:00:00;0;;0;;0;;0;;0;;0;;;1;0;0;0;0;1;0;0;1;0
470;4097;0;4097;;667;;27.11.2025 00:00:00;"F";;27.11.2025 00:00:00;0;;0;;0;;0;;0;;0;;;1;0;0;0;0;1;0;0;1;0
471;1090;0;1090;;668;;27.11.2025 00:00:00;"F";;27.11.2025 00:00:00;0;;0;;0;;0;;0;;0;;;1;0;0;0;0;1;0;0;1;0
472;4046;0;4046;;669;;27.11.2025 00:00:00;"F";;27.11.2025 00:00:00;0;;0;;0;;0;;0;;0;;;1;0;0;0;0;1;0;0;1;0
473;3869;0;3869;;670;;27.11.2025 00:00:00;"F";;27.11.2025 00:00:00;0;;0;;0;;0;;0;;0;;;1;0;0;0;0;1;0;0;1;0
474;1071;0;1071;;671;;27.11.2025 00:00:00;"F";;27.11.2025 00:00:00;0;;0;;0;;0;;0;;0;;;1;0;0;0;0;1;0;0;1;0
475;3867;0;3867;;672;;27.11.2025 00:00:00;"F";;27.11.2025 00:00:00;0;;0;;0;;0;;0;;0;;;1;0;0;0;0;1;0;0;1;0
476;3864;0;3864;;673;;27.11.2025 00:00:00;"F";;27.11.2025 00:00:00;0;;0;;0;;0;;0;;0;;;1;0;0;0;0;1;0;0;1;0
477;4096;0;4096;;674;;27.11.2025 00:00:00;"F";;27.11.2025 00:00:00;0;;0;;0;;0;;0;;0;;;1;0;0;0;0;1;0;0;1;0
478;1072;0;1072;;675;;27.11.2025 00:00:00;"F";;27.11.2025 00:00:00;0;;0;;0;;0;;0;;0;;;1;0;0;0;0;1;0;0;1;0
479;2398;0;2398;;676;;27.11.2025 00:00:00;"F";;27.11.2025 00:00:00;0;;0;;0;;0;;0;;0;;;1;0;0;0;0;1;0;0;1;0
480;3865;0;3865;;677;;27.11.2025 00:00:00;"F";;27.11.2025 00:00:00;0;;0;;0;;0;;0;;0;;;1;0;0;0;0;1;0;0;1;0
481;3866;0;3866;;678;;27.11.2025 00:00:00;"F";;27.11.2025 00:00:00;0;;0;;0;;0;;0;;0;;;1;0;0;0;0;1;0;0;1;0
482;1077;0;1077;;679;;27.11.2025 00:00:00;"F";;27.11.2025 00:00:00;0;;0;;0;;0;;0;;0;;;1;0;0;0;0;1;0;0;1;0
483;3871;0;3871;;680;;27.11.2025 00:00:00;"F";;27.11.2025 00:00:00;0;;0;;0;;0;;0;;0;;;1;0;0;0;0;1;0;0;1;0
484;3863;0;3863;;681;;27.11.2025 00:00:00;"F";;27.11.2025 00:00:00;0;;0;;0;;0;;0;;0;;;1;0;0;0;0;1;0;0;1;0
485;3873;0;3873;;682;;27.11.2025 00:00:00;"F";;27.11.2025 00:00:00;0;;0;;0;;0;;0;;0;;;1;0;0;0;0;1;0;0;1;0
486;3715;0;3715;;683;;27.11.2025 00:00:00;"F";;27.11.2025 00:00:00;0;;0;;0;;0;;0;;0;;;1;0;0;0;0;1;0;0;1;0
487;3722;0;3722;;684;;27.11.2025 00:00:00;"F";;27.11.2025 00:00:00;0;;0;;0;;0;;0;;0;;;1;0;0;0;0;1;0;0;1;0
488;3719;0;3719;;685;;27.11.2025 00:00:00;"F";;27.11.2025 00:00:00;0;;0;;0;;0;;0;;0;;;1;0;0;0;0;1;0;0;1;0
489;3709;0;3709;;686;;27.11.2025 00:00:00;"F";;27.11.2025 00:00:00;0;;0;;0;;0;;0;;0;;;1;0;0;0;0;1;0;0;1;0
490;3714;0;3714;;687;;27.11.2025 00:00:00;"F";;27.11.2025 00:00:00;0;;0;;0;;0;;0;;0;;;1;0;0;0;0;1;0;0;1;0
491;796;0;796;;688;;27.11.2025 00:00:00;"F";;27.11.2025 00:00:00;0;;0;;0;;0;;0;;0;;;1;0;0;0;0;1;0;0;1;0
492;3716;0;3716;;689;;27.11.2025 00:00:00;"F";;27.11.2025 00:00:00;0;;0;;0;;0;;0;;0;;;1;0;0;0;0;1;0;0;1;0
493;3721;0;3721;;690;;27.11.2025 00:00:00;"F";;27.11.2025 00:00:00;0;;0;;0;;0;;0;;0;;;1;0;0;0;0;1;0;0;1;0
494;3710;0;3710;;691;;27.11.2025 00:00:00;"F";;27.11.2025 00:00:00;0;;0;;0;;0;;0;;0;;;1;0;0;0;0;1;0;0;1;0
495;3723;0;3723;;692;;27.11.2025 00:00:00;"F";;27.11.2025 00:00:00;0;;0;;0;;0;;0;;0;;;1;0;0;0;0;1;0;0;1;0
496;3717;0;3717;;693;;27.11.2025 00:00:00;"F";;27.11.2025 00:00:00;0;;0;;0;;0;;0;;0;;;1;0;0;0;0;1;0;0;1;0
497;3713;0;3713;;694;;27.11.2025 00:00:00;"F";;27.11.2025 00:00:00;0;;0;;0;;0;;0;;0;;;1;0;0;0;0;1;0;0;1;0
498;3711;0;3711;;695;;27.11.2025 00:00:00;"F";;27.11.2025 00:00:00;0;;0;;0;;0;;0;;0;;;1;0;0;0;0;1;0;0;1;0
499;3720;0;3720;;696;;27.11.2025 00:00:00;"F";;27.11.2025 00:00:00;0;;0;;0;;0;;0;;0;;;1;0;0;0;0;1;0;0;1;0
500;4095;0;4095;;697;;27.11.2025 00:00:00;"F";;27.11.2025 00:00:00;0;;0;;0;;0;;0;;0;;;1;0;0;0;0;1;0;0;1;0
501;3724;0;3724;;698;;27.11.2025 00:00:00;"F";;27.11.2025 00:00:00;0;;0;;0;;0;;0;;0;;;1;0;0;0;0;1;0;0;1;0
502;3712;0;3712;;699;;27.11.2025 00:00:00;"F";;27.11.2025 00:00:00;0;;0;;0;;0;;0;;0;;;1;0;0;0;0;1;0;0;1;0
503;3718;0;3718;;700;;27.11.2025 00:00:00;"F";;27.11.2025 00:00:00;0;;0;;0;;0;;0;;0;;;1;0;0;0;0;1;0;0;1;0
504;1541;0;1541;;701;;27.6.2025 00:00:00;"F";;27.6.2025 00:00:00;0;;0;;0;;0;;0;;0;;;1;0;0;0;0;1;0;0;1;0
505;1538;0;1538;;702;;27.6.2025 00:00:00;"F";;27.6.2025 00:00:00;0;;0;;0;;0;;0;;0;;;1;0;0;0;0;1;0;0;1;0
506;1537;0;1537;;703;;27.6.2025 00:00:00;"F";;27.6.2025 00:00:00;0;;0;;0;;0;;0;;0;;;1;0;0;0;0;1;0;0;1;0
507;1536;0;1536;;704;;27.6.2025 00:00:00;"F";;27.6.2025 00:00:00;0;;0;;0;;0;;0;;0;;;1;0;0;0;0;1;0;0;1;0
508;1542;0;1542;;705;;27.6.2025 00:00:00;"F";;27.6.2025 00:00:00;0;;0;;0;;0;;0;;0;;;1;0;0;0;0;1;0;0;1;0
509;1540;0;1540;;706;;27.6.2025 00:00:00;"F";;27.6.2025 00:00:00;0;;0;;0;;0;;0;;0;;;1;0;0;0;0;1;0;0;1;0
510;1539;0;1539;;707;;27.6.2025 00:00:00;"F";;27.6.2025 00:00:00;0;;0;;0;;0;;0;;0;;;1;0;0;0;0;1;0;0;1;0
511;1535;0;1535;;708;;27.6.2025 00:00:00;"F";;27.6.2025 00:00:00;0;;0;;0;;0;;0;;0;;;1;0;0;0;0;1;0;0;1;0
512;2289;0;2289;;709;;27.6.2025 00:00:00;"F";;27.6.2025 00:00:00;0;;0;;0;;0;;0;;0;;;1;0;0;0;0;1;0;0;1;0
513;2292;0;2292;;710;;27.6.2025 00:00:00;"F";;27.6.2025 00:00:00;0;;0;;0;;0;;0;;0;;;1;0;0;0;0;1;0;0;1;0
514;2294;0;2294;;711;;27.6.2025 00:00:00;"F";;27.6.2025 00:00:00;0;;0;;0;;0;;0;;0;;;1;0;0;0;0;1;0;0;1;0
515;2290;0;2290;;712;;27.6.2025 00:00:00;"F";;27.6.2025 00:00:00;0;;0;;0;;0;;0;;0;;;1;0;0;0;0;1;0;0;1;0
516;979;0;979;;713;;27.6.2025 00:00:00;"F";;27.6.2025 00:00:00;0;;0;;0;;0;;0;;0;;;1;0;0;0;0;1;0;0;1;0
517;2293;0;2293;;714;;27.6.2025 00:00:00;"F";;27.6.2025 00:00:00;0;;0;;0;;0;;0;;0;;;1;0;0;0;0;1;0;0;1;0
518;2291;0;2291;;715;;27.6.2025 00:00:00;"F";;27.6.2025 00:00:00;0;;0;;0;;0;;0;;0;;;1;0;0;0;0;1;0;0;1;0
519;2287;0;2287;;716;;27.6.2025 00:00:00;"F";;27.6.2025 00:00:00;0;;0;;0;;0;;0;;0;;;1;0;0;0;0;1;0;0;1;0
520;983;0;983;;717;;27.6.2025 00:00:00;"F";;27.6.2025 00:00:00;0;;0;;0;;0;;0;;0;;;1;0;0;0;0;1;0;0;1;0
521;2472;0;2472;;718;;27.6.2025 00:00:00;"F";;27.6.2025 00:00:00;0;;0;;0;;0;;0;;0;;;1;0;0;0;0;1;0;0;1;0
522;2466;0;2466;;719;;27.6.2025 00:00:00;"F";;27.6.2025 00:00:00;0;;0;;0;;0;;0;;0;;;1;0;0;0;0;1;0;0;1;0
523;2467;0;2467;;720;;27.6.2025 00:00:00;"F";;27.6.2025 00:00:00;0;;0;;0;;0;;0;;0;;;1;0;0;0;0;1;0;0;1;0
524;2469;0;2469;;721;;27.6.2025 00:00:00;"F";;27.6.2025 00:00:00;0;;0;;0;;0;;0;;0;;;1;0;0;0;0;1;0;0;1;0
525;2470;0;2470;;722;;27.6.2025 00:00:00;"F";;27.6.2025 00:00:00;0;;0;;0;;0;;0;;0;;;1;0;0;0;0;1;0;0;1;0
526;2465;0;2465;;723;;27.6.2025 00:00:00;"F";;27.6.2025 00:00:00;0;;0;;0;;0;;0;;0;;;1;0;0;0;0;1;0;0;1;0
527;2471;0;2471;;724;;27.6.2025 00:00:00;"F";;27.6.2025 00:00:00;0;;0;;0;;0;;0;;0;;;1;0;0;0;0;1;0;0;1;0
528;2464;0;2464;;725;;27.6.2025 00:00:00;"F";;27.6.2025 00:00:00;0;;0;;0;;0;;0;;0;;;1;0;0;0;0;1;0;0;1;0
529;2468;0;2468;;726;;27.6.2025 00:00:00;"F";;27.6.2025 00:00:00;0;;0;;0;;0;;0;;0;;;1;0;0;0;0;1;0;0;1;0
530;1683;0;1683;;727;;27.5.2025 00:00:00;"F";;27.5.2025 00:00:00;0;;0;;0;;0;;0;;0;;;1;0;0;0;0;1;0;0;1;0
531;1688;0;1688;;728;;27.5.2025 00:00:00;"F";;27.5.2025 00:00:00;0;;0;;0;;0;;0;;0;;;1;0;0;0;0;1;0;0;1;0
532;1689;0;1689;;729;;27.5.2025 00:00:00;"F";;27.5.2025 00:00:00;0;;0;;0;;0;;0;;0;;;1;0;0;0;0;1;0;0;1;0
533;1690;0;1690;;730;;27.5.2025 00:00:00;"F";;27.5.2025 00:00:00;0;;0;;0;;0;;0;;0;;;1;0;0;0;0;1;0;0;1;0
534;1691;0;1691;;731;;27.5.2025 00:00:00;"F";;27.5.2025 00:00:00;0;;0;;0;;0;;0;;0;;;1;0;0;0;0;1;0;0;1;0
535;1685;0;1685;;732;;27.5.2025 00:00:00;"F";;27.5.2025 00:00:00;0;;0;;0;;0;;0;;0;;;1;0;0;0;0;1;0;0;1;0
536;1692;0;1692;;733;;27.5.2025 00:00:00;"F";;27.5.2025 00:00:00;0;;0;;0;;0;;0;;0;;;1;0;0;0;0;1;0;0;1;0
537;1687;0;1687;;734;;27.5.2025 00:00:00;"F";;27.5.2025 00:00:00;0;;0;;0;;0;;0;;0;;;1;0;0;0;0;1;0;0;1;0
538;291;0;291;;735;;27.5.2025 00:00:00;"F";;27.5.2025 00:00:00;0;;0;;0;;0;;0;;0;;;1;0;0;0;0;1;0;0;1;0
539;1686;0;1686;;736;;27.5.2025 00:00:00;"F";;27.5.2025 00:00:00;0;;0;;0;;0;;0;;0;;;1;0;0;0;0;1;0;0;1;0
540;1694;0;1694;;737;;27.5.2025 00:00:00;"F";;27.5.2025 00:00:00;0;;0;;0;;0;;0;;0;;;1;0;0;0;0;1;0;0;1;0
541;1684;0;1684;;738;;27.5.2025 00:00:00;"F";;27.5.2025 00:00:00;0;;0;;0;;0;;0;;0;;;1;0;0;0;0;1;0;0;1;0
542;3576;0;3576;;739;;24.10.2025 00:00:00;"F";;24.10.2025 00:00:00;0;;0;;0;;0;;0;;0;;;1;0;0;0;0;1;0;0;1;0
543;2826;0;2826;;740;;24.10.2025 00:00:00;"F";;24.10.2025 00:00:00;0;;0;;0;;0;;0;;0;;;1;0;0;0;0;1;0;0;1;0
544;1428;0;1428;;741;;24.10.2025 00:00:00;"F";;24.10.2025 00:00:00;0;;0;;0;;0;;0;;0;;;1;0;0;0;0;1;0;0;1;0
545;2815;0;2815;;742;;24.10.2025 00:00:00;"F";;24.10.2025 00:00:00;0;;0;;0;;0;;0;;0;;;1;0;0;0;0;1;0;0;1;0
546;3581;0;3581;;743;;24.10.2025 00:00:00;"F";;24.10.2025 00:00:00;0;;0;;0;;0;;0;;0;;;1;0;0;0;0;1;0;0;1;0
547;3584;0;3584;;744;;24.10.2025 00:00:00;"F";;24.10.2025 00:00:00;0;;0;;0;;0;;0;;0;;;1;0;0;0;0;1;0;0;1;0
548;3579;0;3579;;745;;24.10.2025 00:00:00;"F";;24.10.2025 00:00:00;0;;0;;0;;0;;0;;0;;;1;0;0;0;0;1;0;0;1;0
549;3583;0;3583;;746;;24.10.2025 00:00:00;"F";;24.10.2025 00:00:00;0;;0;;0;;0;;0;;0;;;1;0;0;0;0;1;0;0;1;0
550;3575;0;3575;;747;;24.10.2025 00:00:00;"F";;24.10.2025 00:00:00;0;;0;;0;;0;;0;;0;;;1;0;0;0;0;1;0;0;1;0
551;3580;0;3580;;748;;24.10.2025 00:00:00;"F";;24.10.2025 00:00:00;0;;0;;0;;0;;0;;0;;;1;0;0;0;0;1;0;0;1;0
552;3582;0;3582;;749;;24.10.2025 00:00:00;"F";;24.10.2025 00:00:00;0;;0;;0;;0;;0;;0;;;1;0;0;0;0;1;0;0;1;0
553;3585;0;3585;;750;;24.10.2025 00:00:00;"F";;24.10.2025 00:00:00;0;;0;;0;;0;;0;;0;;;1;0;0;0;0;1;0;0;1;0
554;2739;0;2739;;751;;24.10.2025 00:00:00;"F";;24.10.2025 00:00:00;0;;0;;0;;0;;0;;0;;;1;0;0;0;0;1;0;0;1;0
555;3586;0;3586;;752;;24.10.2025 00:00:00;"F";;24.10.2025 00:00:00;0;;0;;0;;0;;0;;0;;;1;0;0;0;0;1;0;0;1;0
556;3577;0;3577;;753;;24.10.2025 00:00:00;"F";;24.10.2025 00:00:00;0;;0;;0;;0;;0;;0;;;1;0;0;0;0;1;0;0;1;0
557;1729;0;1729;;754;;24.10.2025 00:00:00;"F";;24.10.2025 00:00:00;0;;0;;0;;0;;0;;0;;;1;0;0;0;0;1;0;0;1;0
558;2688;0;2688;;755;;24.10.2025 00:00:00;"F";;24.10.2025 00:00:00;0;;0;;0;;0;;0;;0;;;1;0;0;0;0;1;0;0;1;0
559;3587;0;3587;;756;;24.10.2025 00:00:00;"F";;24.10.2025 00:00:00;0;;0;;0;;0;;0;;0;;;1;0;0;0;0;1;0;0;1;0
560;1747;0;1747;;757;;24.10.2025 00:00:00;"F";;24.10.2025 00:00:00;0;;0;;0;;0;;0;;0;;;1;0;0;0;0;1;0;0;1;0
561;3578;0;3578;;758;;24.10.2025 00:00:00;"F";;24.10.2025 00:00:00;0;;0;;0;;0;;0;;0;;;1;0;0;0;0;1;0;0;1;0
562;2489;0;2489;;759;;24.1.2025 00:00:00;"F";;24.1.2025 00:00:00;0;;0;;0;;0;;0;;0;;;1;0;0;0;0;1;0;0;1;0
563;2476;0;2476;;760;;24.1.2025 00:00:00;"F";;24.1.2025 00:00:00;0;;0;;0;;0;;0;;0;;;1;0;0;0;0;1;0;0;1;0
564;2505;0;2505;;761;;24.1.2025 00:00:00;"F";;24.1.2025 00:00:00;0;;0;;0;;0;;0;;0;;;1;0;0;0;0;1;0;0;1;0
565;2494;0;2494;;762;;24.1.2025 00:00:00;"F";;24.1.2025 00:00:00;0;;0;;0;;0;;0;;0;;;1;0;0;0;0;1;0;0;1;0
566;2496;0;2496;;763;;24.1.2025 00:00:00;"F";;24.1.2025 00:00:00;0;;0;;0;;0;;0;;0;;;1;0;0;0;0;1;0;0;1;0
567;778;0;778;;764;;24.1.2025 00:00:00;"F";;24.1.2025 00:00:00;0;;0;;0;;0;;0;;0;;;1;0;0;0;0;1;0;0;1;0
568;2481;0;2481;;765;;24.1.2025 00:00:00;"F";;24.1.2025 00:00:00;0;;0;;0;;0;;0;;0;;;1;0;0;0;0;1;0;0;1;0
569;2490;0;2490;;766;;24.1.2025 00:00:00;"F";;24.1.2025 00:00:00;0;;0;;0;;0;;0;;0;;;1;0;0;0;0;1;0;0;1;0
570;790;0;790;;767;;24.1.2025 00:00:00;"F";;24.1.2025 00:00:00;0;;0;;0;;0;;0;;0;;;1;0;0;0;0;1;0;0;1;0
571;2504;0;2504;;768;;24.1.2025 00:00:00;"F";;24.1.2025 00:00:00;0;;0;;0;;0;;0;;0;;;1;0;0;0;0;1;0;0;1;0
572;2477;0;2477;;769;;24.1.2025 00:00:00;"F";;24.1.2025 00:00:00;0;;0;;0;;0;;0;;0;;;1;0;0;0;0;1;0;0;1;0
573;2499;0;2499;;770;;24.1.2025 00:00:00;"F";;24.1.2025 00:00:00;0;;0;;0;;0;;0;;0;;;1;0;0;0;0;1;0;0;1;0
574;2473;0;2473;;771;;24.1.2025 00:00:00;"F";;24.1.2025 00:00:00;0;;0;;0;;0;;0;;0;;;1;0;0;0;0;1;0;0;1;0
575;2487;0;2487;;772;;24.1.2025 00:00:00;"F";;24.1.2025 00:00:00;0;;0;;0;;0;;0;;0;;;1;0;0;0;0;1;0;0;1;0
576;2497;0;2497;;773;;24.1.2025 00:00:00;"F";;24.1.2025 00:00:00;0;;0;;0;;0;;0;;0;;;1;0;0;0;0;1;0;0;1;0
577;2474;0;2474;;774;;24.1.2025 00:00:00;"F";;24.1.2025 00:00:00;0;;0;;0;;0;;0;;0;;;1;0;0;0;0;1;0;0;1;0
578;2491;0;2491;;775;;24.1.2025 00:00:00;"F";;24.1.2025 00:00:00;0;;0;;0;;0;;0;;0;;;1;0;0;0;0;1;0;0;1;0
579;2492;0;2492;;776;;24.1.2025 00:00:00;"F";;24.1.2025 00:00:00;0;;0;;0;;0;;0;;0;;;1;0;0;0;0;1;0;0;1;0
580;2500;0;2500;;777;;24.1.2025 00:00:00;"F";;24.1.2025 00:00:00;0;;0;;0;;0;;0;;0;;;1;0;0;0;0;1;0;0;1;0
581;2498;0;2498;;778;;24.1.2025 00:00:00;"F";;24.1.2025 00:00:00;0;;0;;0;;0;;0;;0;;;1;0;0;0;0;1;0;0;1;0
582;2478;0;2478;;779;;24.1.2025 00:00:00;"F";;24.1.2025 00:00:00;0;;0;;0;;0;;0;;0;;;1;0;0;0;0;1;0;0;1;0
583;2495;0;2495;;780;;24.1.2025 00:00:00;"F";;24.1.2025 00:00:00;0;;0;;0;;0;;0;;0;;;1;0;0;0;0;1;0;0;1;0
584;2488;0;2488;;781;;24.1.2025 00:00:00;"F";;24.1.2025 00:00:00;0;;0;;0;;0;;0;;0;;;1;0;0;0;0;1;0;0;1;0
585;2493;0;2493;;782;;24.1.2025 00:00:00;"F";;24.1.2025 00:00:00;0;;0;;0;;0;;0;;0;;;1;0;0;0;0;1;0;0;1;0
586;2482;0;2482;;783;;24.1.2025 00:00:00;"F";;24.1.2025 00:00:00;0;;0;;0;;0;;0;;0;;;1;0;0;0;0;1;0;0;1;0
587;2486;0;2486;;784;;24.1.2025 00:00:00;"F";;24.1.2025 00:00:00;0;;0;;0;;0;;0;;0;;;1;0;0;0;0;1;0;0;1;0
588;2501;0;2501;;785;;24.1.2025 00:00:00;"F";;24.1.2025 00:00:00;0;;0;;0;;0;;0;;0;;;1;0;0;0;0;1;0;0;1;0
589;2475;0;2475;;786;;24.1.2025 00:00:00;"F";;24.1.2025 00:00:00;0;;0;;0;;0;;0;;0;;;1;0;0;0;0;1;0;0;1;0
590;2485;0;2485;;787;;24.1.2025 00:00:00;"F";;24.1.2025 00:00:00;0;;0;;0;;0;;0;;0;;;1;0;0;0;0;1;0;0;1;0
591;2502;0;2502;;788;;24.1.2025 00:00:00;"F";;24.1.2025 00:00:00;0;;0;;0;;0;;0;;0;;;1;0;0;0;0;1;0;0;1;0
592;2483;0;2483;;789;;24.1.2025 00:00:00;"F";;24.1.2025 00:00:00;0;;0;;0;;0;;0;;0;;;1;0;0;0;0;1;0;0;1;0
593;2484;0;2484;;790;;24.1.2025 00:00:00;"F";;24.1.2025 00:00:00;0;;0;;0;;0;;0;;0;;;1;0;0;0;0;1;0;0;1;0
594;2480;0;2480;;791;;24.1.2025 00:00:00;"F";;24.1.2025 00:00:00;0;;0;;0;;0;;0;;0;;;1;0;0;0;0;1;0;0;1;0
595;3599;0;3599;;793;;23.10.2025 00:00:00;"F";;23.10.2025 00:00:00;0;;0;;0;;0;;0;;0;;;1;0;0;0;0;1;0;0;1;0
597;3600;0;3600;;794;;23.10.2025 00:00:00;"F";;23.10.2025 00:00:00;0;;0;;0;;0;;0;;0;;;1;0;0;0;0;1;0;0;1;0
598;3593;0;3593;;795;;23.10.2025 00:00:00;"F";;23.10.2025 00:00:00;0;;0;;0;;0;;0;;0;;;1;0;0;0;0;1;0;0;1;0
599;3594;0;3594;;796;;23.10.2025 00:00:00;"F";;23.10.2025 00:00:00;0;;0;;0;;0;;0;;0;;;1;0;0;0;0;1;0;0;1;0
600;3588;0;3588;;797;;23.10.2025 00:00:00;"F";;23.10.2025 00:00:00;0;;0;;0;;0;;0;;0;;;1;0;0;0;0;1;0;0;1;0
601;22;0;22;;798;;23.10.2025 00:00:00;"F";;23.10.2025 00:00:00;0;;0;;0;;0;;0;;0;;;1;0;0;0;0;1;0;0;1;0
602;3598;0;3598;;799;;23.10.2025 00:00:00;"F";;23.10.2025 00:00:00;0;;0;;0;;0;;0;;0;;;1;0;0;0;0;1;0;0;1;0
603;3591;0;3591;;800;;23.10.2025 00:00:00;"F";;23.10.2025 00:00:00;0;;0;;0;;0;;0;;0;;;1;0;0;0;0;1;0;0;1;0
604;3596;0;3596;;801;;23.10.2025 00:00:00;"F";;23.10.2025 00:00:00;0;;0;;0;;0;;0;;0;;;1;0;0;0;0;1;0;0;1;0
605;3597;0;3597;;802;;23.10.2025 00:00:00;"F";;23.10.2025 00:00:00;0;;0;;0;;0;;0;;0;;;1;0;0;0;0;1;0;0;1;0
606;3592;0;3592;;803;;23.10.2025 00:00:00;"F";;23.10.2025 00:00:00;0;;0;;0;;0;;0;;0;;;1;0;0;0;0;1;0;0;1;0
607;3589;0;3589;;804;;23.10.2025 00:00:00;"F";;23.10.2025 00:00:00;0;;0;;0;;0;;0;;0;;;1;0;0;0;0;1;0;0;1;0
608;3595;0;3595;;805;;23.10.2025 00:00:00;"F";;23.10.2025 00:00:00;0;;0;;0;;0;;0;;0;;;1;0;0;0;0;1;0;0;1;0
609;3590;0;3590;;806;;23.10.2025 00:00:00;"F";;23.10.2025 00:00:00;0;;0;;0;;0;;0;;0;;;1;0;0;0;0;1;0;0;1;0
610;3832;0;3832;;808;;23.10.2025 00:00:00;"F";;23.10.2025 00:00:00;0;;0;;0;;0;;0;;0;;;1;0;0;0;0;1;0;0;1;0
612;3839;0;3839;;809;;23.10.2025 00:00:00;"F";;23.10.2025 00:00:00;0;;0;;0;;0;;0;;0;;;1;0;0;0;0;1;0;0;1;0
613;3827;0;3827;;810;;23.10.2025 00:00:00;"F";;23.10.2025 00:00:00;0;;0;;0;;0;;0;;0;;;1;0;0;0;0;1;0;0;1;0
614;3841;0;3841;;811;;23.10.2025 00:00:00;"F";;23.10.2025 00:00:00;0;;0;;0;;0;;0;;0;;;1;0;0;0;0;1;0;0;1;0
615;3828;0;3828;;812;;23.10.2025 00:00:00;"F";;23.10.2025 00:00:00;0;;0;;0;;0;;0;;0;;;1;0;0;0;0;1;0;0;1;0
616;3836;0;3836;;813;;23.10.2025 00:00:00;"F";;23.10.2025 00:00:00;0;;0;;0;;0;;0;;0;;;1;0;0;0;0;1;0;0;1;0
617;3829;0;3829;;814;;23.10.2025 00:00:00;"F";;23.10.2025 00:00:00;0;;0;;0;;0;;0;;0;;;1;0;0;0;0;1;0;0;1;0
618;3844;0;3844;;815;;23.10.2025 00:00:00;"F";;23.10.2025 00:00:00;0;;0;;0;;0;;0;;0;;;1;0;0;0;0;1;0;0;1;0
619;2778;0;2778;;816;;23.10.2025 00:00:00;"F";;23.10.2025 00:00:00;0;;0;;0;;0;;0;;0;;;1;0;0;0;0;1;0;0;1;0
620;3835;0;3835;;817;;23.10.2025 00:00:00;"F";;23.10.2025 00:00:00;0;;0;;0;;0;;0;;0;;;1;0;0;0;0;1;0;0;1;0
621;3833;0;3833;;818;;23.10.2025 00:00:00;"F";;23.10.2025 00:00:00;0;;0;;0;;0;;0;;0;;;1;0;0;0;0;1;0;0;1;0
622;3842;0;3842;;819;;23.10.2025 00:00:00;"F";;23.10.2025 00:00:00;0;;0;;0;;0;;0;;0;;;1;0;0;0;0;1;0;0;1;0
623;3830;0;3830;;821;;23.10.2025 00:00:00;"F";;23.10.2025 00:00:00;0;;0;;0;;0;;0;;0;;;1;0;0;0;0;1;0;0;1;0
625;3837;0;3837;;822;;23.10.2025 00:00:00;"F";;23.10.2025 00:00:00;0;;0;;0;;0;;0;;0;;;1;0;0;0;0;1;0;0;1;0
626;2777;0;2777;;823;;23.10.2025 00:00:00;"F";;23.10.2025 00:00:00;0;;0;;0;;0;;0;;0;;;1;0;0;0;0;1;0;0;1;0
627;2780;0;2780;;824;;23.10.2025 00:00:00;"F";;23.10.2025 00:00:00;0;;0;;0;;0;;0;;0;;;1;0;0;0;0;1;0;0;1;0
628;3834;0;3834;;825;;23.10.2025 00:00:00;"F";;23.10.2025 00:00:00;0;;0;;0;;0;;0;;0;;;1;0;0;0;0;1;0;0;1;0
629;3840;0;3840;;826;;23.10.2025 00:00:00;"F";;23.10.2025 00:00:00;0;;0;;0;;0;;0;;0;;;1;0;0;0;0;1;0;0;1;0
630;3843;0;3843;;827;;23.10.2025 00:00:00;"F";;23.10.2025 00:00:00;0;;0;;0;;0;;0;;0;;;1;0;0;0;0;1;0;0;1;0
631;2728;0;2728;;828;;23.10.2025 00:00:00;"F";;23.10.2025 00:00:00;0;;0;;0;;0;;0;;0;;;1;0;0;0;0;1;0;0;1;0
632;3831;0;3831;;829;;23.10.2025 00:00:00;"F";;23.10.2025 00:00:00;0;;0;;0;;0;;0;;0;;;1;0;0;0;0;1;0;0;1;0
633;1255;0;1255;;830;;23.10.2025 00:00:00;"F";;23.10.2025 00:00:00;0;;0;;0;;0;;0;;0;;;1;0;0;0;0;1;0;0;1;0
634;2768;0;2768;;831;;23.10.2025 00:00:00;"F";;23.10.2025 00:00:00;0;;0;;0;;0;;0;;0;;;1;0;0;0;0;1;0;0;1;0
635;3882;0;3882;;832;;23.10.2025 00:00:00;"F";;23.10.2025 00:00:00;0;;0;;0;;0;;0;;0;;;1;0;0;0;0;1;0;0;1;0
636;3888;0;3888;;833;;23.10.2025 00:00:00;"F";;23.10.2025 00:00:00;0;;0;;0;;0;;0;;0;;;1;0;0;0;0;1;0;0;1;0
637;3890;0;3890;;834;;23.10.2025 00:00:00;"F";;23.10.2025 00:00:00;0;;0;;0;;0;;0;;0;;;1;0;0;0;0;1;0;0;1;0
638;3884;0;3884;;835;;23.10.2025 00:00:00;"F";;23.10.2025 00:00:00;0;;0;;0;;0;;0;;0;;;1;0;0;0;0;1;0;0;1;0
639;3892;0;3892;;836;;23.10.2025 00:00:00;"F";;23.10.2025 00:00:00;0;;0;;0;;0;;0;;0;;;1;0;0;0;0;1;0;0;1;0
640;3880;0;3880;;837;;23.10.2025 00:00:00;"F";;23.10.2025 00:00:00;0;;0;;0;;0;;0;;0;;;1;0;0;0;0;1;0;0;1;0
641;885;0;885;;838;;23.10.2025 00:00:00;"F";;23.10.2025 00:00:00;0;;0;;0;;0;;0;;0;;;1;0;0;0;0;1;0;0;1;0
642;3885;0;3885;;839;;23.10.2025 00:00:00;"F";;23.10.2025 00:00:00;0;;0;;0;;0;;0;;0;;;1;0;0;0;0;1;0;0;1;0
643;3883;0;3883;;840;;23.10.2025 00:00:00;"F";;23.10.2025 00:00:00;0;;0;;0;;0;;0;;0;;;1;0;0;0;0;1;0;0;1;0
644;3876;0;3876;;841;;23.10.2025 00:00:00;"F";;23.10.2025 00:00:00;0;;0;;0;;0;;0;;0;;;1;0;0;0;0;1;0;0;1;0
645;3879;0;3879;;842;;23.10.2025 00:00:00;"F";;23.10.2025 00:00:00;0;;0;;0;;0;;0;;0;;;1;0;0;0;0;1;0;0;1;0
646;3881;0;3881;;843;;23.10.2025 00:00:00;"F";;23.10.2025 00:00:00;0;;0;;0;;0;;0;;0;;;1;0;0;0;0;1;0;0;1;0
647;3877;0;3877;;844;;23.10.2025 00:00:00;"F";;23.10.2025 00:00:00;0;;0;;0;;0;;0;;0;;;1;0;0;0;0;1;0;0;1;0
648;3889;0;3889;;845;;23.10.2025 00:00:00;"F";;23.10.2025 00:00:00;0;;0;;0;;0;;0;;0;;;1;0;0;0;0;1;0;0;1;0
649;3878;0;3878;;846;;23.10.2025 00:00:00;"F";;23.10.2025 00:00:00;0;;0;;0;;0;;0;;0;;;1;0;0;0;0;1;0;0;1;0
650;3875;0;3875;;847;;23.10.2025 00:00:00;"F";;23.10.2025 00:00:00;0;;0;;0;;0;;0;;0;;;1;0;0;0;0;1;0;0;1;0
651;3891;0;3891;;848;;23.10.2025 00:00:00;"F";;23.10.2025 00:00:00;0;;0;;0;;0;;0;;0;;;1;0;0;0;0;1;0;0;1;0
652;3887;0;3887;;849;;23.10.2025 00:00:00;"F";;23.10.2025 00:00:00;0;;0;;0;;0;;0;;0;;;1;0;0;0;0;1;0;0;1;0
653;3886;0;3886;;850;;23.10.2025 00:00:00;"F";;23.10.2025 00:00:00;0;;0;;0;;0;;0;;0;;;1;0;0;0;0;1;0;0;1;0
654;3893;0;3893;;851;;23.10.2025 00:00:00;"F";;23.10.2025 00:00:00;0;;0;;0;;0;;0;;0;;;1;0;0;0;0;1;0;0;1;0
655;2413;0;2413;;852;;23.10.2025 00:00:00;"F";;23.10.2025 00:00:00;0;;0;;0;;0;;0;;0;;;1;0;0;0;0;1;0;0;1;0
656;3823;0;3823;;853;;23.10.2025 00:00:00;"F";;23.10.2025 00:00:00;0;;0;;0;;0;;0;;0;;;1;0;0;0;0;1;0;0;1;0
657;2791;0;2791;;855;;23.10.2025 00:00:00;"F";;23.10.2025 00:00:00;0;;0;;0;;0;;0;;0;;;1;0;0;0;0;1;0;0;1;0
659;2417;0;2417;;856;;23.10.2025 00:00:00;"F";;23.10.2025 00:00:00;0;;0;;0;;0;;0;;0;;;1;0;0;0;0;1;0;0;1;0
660;3826;0;3826;;857;;23.10.2025 00:00:00;"F";;23.10.2025 00:00:00;0;;0;;0;;0;;0;;0;;;1;0;0;0;0;1;0;0;1;0
661;3825;0;3825;;858;;23.10.2025 00:00:00;"F";;23.10.2025 00:00:00;0;;0;;0;;0;;0;;0;;;1;0;0;0;0;1;0;0;1;0
662;2646;0;2646;;859;;23.10.2025 00:00:00;"F";;23.10.2025 00:00:00;0;;0;;0;;0;;0;;0;;;1;0;0;0;0;1;0;0;1;0
663;3821;0;3821;;860;;23.10.2025 00:00:00;"F";;23.10.2025 00:00:00;0;;0;;0;;0;;0;;0;;;1;0;0;0;0;1;0;0;1;0
664;3824;0;3824;;861;;23.10.2025 00:00:00;"F";;23.10.2025 00:00:00;0;;0;;0;;0;;0;;0;;;1;0;0;0;0;1;0;0;1;0
665;3820;0;3820;;862;;23.10.2025 00:00:00;"F";;23.10.2025 00:00:00;0;;0;;0;;0;;0;;0;;;1;0;0;0;0;1;0;0;1;0
666;3822;0;3822;;863;;23.10.2025 00:00:00;"F";;23.10.2025 00:00:00;0;;0;;0;;0;;0;;0;;;1;0;0;0;0;1;0;0;1;0
667;1817;0;1817;;864;;23.4.2025 00:00:00;"F";;23.4.2025 00:00:00;0;;0;;0;;0;;0;;0;;;1;0;0;0;0;1;0;0;1;0
668;1827;0;1827;;865;;23.4.2025 00:00:00;"F";;23.4.2025 00:00:00;0;;0;;0;;0;;0;;0;;;1;0;0;0;0;1;0;0;1;0
669;1808;0;1808;;866;;23.4.2025 00:00:00;"F";;23.4.2025 00:00:00;0;;0;;0;;0;;0;;0;;;1;0;0;0;0;1;0;0;1;0
670;1826;0;1826;;867;;23.4.2025 00:00:00;"F";;23.4.2025 00:00:00;0;;0;;0;;0;;0;;0;;;1;0;0;0;0;1;0;0;1;0
671;4321;0;1811;;868;;23.4.2025 00:00:00;"F";;23.4.2025 00:00:00;0;;0;;0;;0;;0;;0;;;1;0;0;0;0;1;0;0;1;0
672;1822;0;1822;;869;;23.4.2025 00:00:00;"F";;23.4.2025 00:00:00;0;;0;;0;;0;;0;;0;;;1;0;0;0;0;1;0;0;1;0
673;1820;0;1820;;870;;23.4.2025 00:00:00;"F";;23.4.2025 00:00:00;0;;0;;0;;0;;0;;0;;;1;0;0;0;0;1;0;0;1;0
674;1823;0;1823;;871;;23.4.2025 00:00:00;"F";;23.4.2025 00:00:00;0;;0;;0;;0;;0;;0;;;1;0;0;0;0;1;0;0;1;0
675;1819;0;1819;;872;;23.4.2025 00:00:00;"F";;23.4.2025 00:00:00;0;;0;;0;;0;;0;;0;;;1;0;0;0;0;1;0;0;1;0
676;1821;0;1821;;873;;23.4.2025 00:00:00;"F";;23.4.2025 00:00:00;0;;0;;0;;0;;0;;0;;;1;0;0;0;0;1;0;0;1;0
677;1814;0;1814;;874;;23.4.2025 00:00:00;"F";;23.4.2025 00:00:00;0;;0;;0;;0;;0;;0;;;1;0;0;0;0;1;0;0;1;0
678;1824;0;1824;;875;;23.4.2025 00:00:00;"F";;23.4.2025 00:00:00;0;;0;;0;;0;;0;;0;;;1;0;0;0;0;1;0;0;1;0
679;1809;0;1809;;876;;23.4.2025 00:00:00;"F";;23.4.2025 00:00:00;0;;0;;0;;0;;0;;0;;;1;0;0;0;0;1;0;0;1;0
680;1813;0;1813;;877;;23.4.2025 00:00:00;"F";;23.4.2025 00:00:00;0;;0;;0;;0;;0;;0;;;1;0;0;0;0;1;0;0;1;0
681;1810;0;1810;;878;;23.4.2025 00:00:00;"F";;23.4.2025 00:00:00;0;;0;;0;;0;;0;;0;;;1;0;0;0;0;1;0;0;1;0
682;1815;0;1815;;879;;23.4.2025 00:00:00;"F";;23.4.2025 00:00:00;0;;0;;0;;0;;0;;0;;;1;0;0;0;0;1;0;0;1;0
683;1812;0;1812;;880;;23.4.2025 00:00:00;"F";;23.4.2025 00:00:00;0;;0;;0;;0;;0;;0;;;1;0;0;0;0;1;0;0;1;0
684;1816;0;1816;;881;;23.4.2025 00:00:00;"F";;23.4.2025 00:00:00;0;;0;;0;;0;;0;;0;;;1;0;0;0;0;1;0;0;1;0
685;1818;0;1818;;882;;23.4.2025 00:00:00;"F";;23.4.2025 00:00:00;0;;0;;0;;0;;0;;0;;;1;0;0;0;0;1;0;0;1;0
686;1825;0;1825;;883;;23.4.2025 00:00:00;"F";;23.4.2025 00:00:00;0;;0;;0;;0;;0;;0;;;1;0;0;0;0;1;0;0;1;0
687;2463;0;2463;;884;;21.11.2025 00:00:00;"F";;21.11.2025 00:00:00;0;;0;;0;;0;;0;;0;;;1;0;0;0;0;1;0;0;1;0
688;2461;0;2461;;885;;21.11.2025 00:00:00;"F";;21.11.2025 00:00:00;0;;0;;0;;0;;0;;0;;;1;0;0;0;0;1;0;0;1;0
689;2457;0;2457;;886;;21.11.2025 00:00:00;"F";;21.11.2025 00:00:00;0;;0;;0;;0;;0;;0;;;1;0;0;0;0;1;0;0;1;0
690;2441;0;2441;;887;;21.11.2025 00:00:00;"F";;21.11.2025 00:00:00;0;;0;;0;;0;;0;;0;;;1;0;0;0;0;1;0;0;1;0
691;2452;0;2452;;888;;21.11.2025 00:00:00;"F";;21.11.2025 00:00:00;0;;0;;0;;0;;0;;0;;;1;0;0;0;0;1;0;0;1;0
692;3907;0;3907;;889;;21.11.2025 00:00:00;"F";;21.11.2025 00:00:00;0;;0;;0;;0;;0;;0;;;1;0;0;0;0;1;0;0;1;0
693;2454;0;2454;;890;;21.11.2025 00:00:00;"F";;21.11.2025 00:00:00;0;;0;;0;;0;;0;;0;;;1;0;0;0;0;1;0;0;1;0
694;3906;0;3906;;891;;21.11.2025 00:00:00;"F";;21.11.2025 00:00:00;0;;0;;0;;0;;0;;0;;;1;0;0;0;0;1;0;0;1;0
695;2451;0;2451;;892;;21.11.2025 00:00:00;"F";;21.11.2025 00:00:00;0;;0;;0;;0;;0;;0;;;1;0;0;0;0;1;0;0;1;0
696;3902;0;3902;;893;;21.11.2025 00:00:00;"F";;21.11.2025 00:00:00;0;;0;;0;;0;;0;;0;;;1;0;0;0;0;1;0;0;1;0
697;3903;0;3903;;894;;21.11.2025 00:00:00;"F";;21.11.2025 00:00:00;0;;0;;0;;0;;0;;0;;;1;0;0;0;0;1;0;0;1;0
698;3908;0;3908;;895;;21.11.2025 00:00:00;"F";;21.11.2025 00:00:00;0;;0;;0;;0;;0;;0;;;1;0;0;0;0;1;0;0;1;0
699;3904;0;3904;;896;;21.11.2025 00:00:00;"F";;21.11.2025 00:00:00;0;;0;;0;;0;;0;;0;;;1;0;0;0;0;1;0;0;1;0
700;2443;0;2443;;897;;21.11.2025 00:00:00;"F";;21.11.2025 00:00:00;0;;0;;0;;0;;0;;0;;;1;0;0;0;0;1;0;0;1;0
701;2440;0;2440;;898;;21.11.2025 00:00:00;"F";;21.11.2025 00:00:00;0;;0;;0;;0;;0;;0;;;1;0;0;0;0;1;0;0;1;0
702;3905;0;3905;;899;;21.11.2025 00:00:00;"F";;21.11.2025 00:00:00;0;;0;;0;;0;;0;;0;;;1;0;0;0;0;1;0;0;1;0
703;3739;0;3739;;900;;21.11.2025 00:00:00;"F";;21.11.2025 00:00:00;0;;0;;0;;0;;0;;0;;;1;0;0;0;0;1;0;0;1;0
704;3747;0;3747;;901;;21.11.2025 00:00:00;"F";;21.11.2025 00:00:00;0;;0;;0;;0;;0;;0;;;1;0;0;0;0;1;0;0;1;0
706;3748;0;3748;;903;;21.11.2025 00:00:00;"F";;21.11.2025 00:00:00;0;;0;;0;;0;;0;;0;;;1;0;0;0;0;1;0;0;1;0
707;254;0;254;;904;;21.11.2025 00:00:00;"F";;21.11.2025 00:00:00;0;;0;;0;;0;;0;;0;;;1;0;0;0;0;1;0;0;1;0
708;3745;0;3745;;905;;21.11.2025 00:00:00;"F";;21.11.2025 00:00:00;0;;0;;0;;0;;0;;0;;;1;0;0;0;0;1;0;0;1;0
709;3749;0;3749;;906;;21.11.2025 00:00:00;"F";;21.11.2025 00:00:00;0;;0;;0;;0;;0;;0;;;1;0;0;0;0;1;0;0;1;0
710;3750;0;3750;;907;;21.11.2025 00:00:00;"F";;21.11.2025 00:00:00;0;;0;;0;;0;;0;;0;;;1;0;0;0;0;1;0;0;1;0
711;3744;0;3744;;908;;21.11.2025 00:00:00;"F";;21.11.2025 00:00:00;0;;0;;0;;0;;0;;0;;;1;0;0;0;0;1;0;0;1;0
712;3746;0;3746;;909;;21.11.2025 00:00:00;"F";;21.11.2025 00:00:00;0;;0;;0;;0;;0;;0;;;1;0;0;0;0;1;0;0;1;0
713;3560;0;3560;;910;;21.10.2025 00:00:00;"F";;21.10.2025 00:00:00;0;;0;;0;;0;;0;;0;;;1;0;0;0;0;1;0;0;1;0
714;3552;0;3552;;912;;21.10.2025 00:00:00;"F";;21.10.2025 00:00:00;0;;0;;0;;0;;0;;0;;;1;0;0;0;0;1;0;0;1;0
716;3542;0;3542;;913;;21.10.2025 00:00:00;"F";;21.10.2025 00:00:00;0;;0;;0;;0;;0;;0;;;1;0;0;0;0;1;0;0;1;0
717;2669;0;2669;;914;;21.10.2025 00:00:00;"F";;21.10.2025 00:00:00;0;;0;;0;;0;;0;;0;;;1;0;0;0;0;1;0;0;1;0
718;2034;0;2034;;915;;21.10.2025 00:00:00;"F";;21.10.2025 00:00:00;0;;0;;0;;0;;0;;0;;;1;0;0;0;0;1;0;0;1;0
719;3555;0;3555;;916;;21.10.2025 00:00:00;"F";;21.10.2025 00:00:00;0;;0;;0;;0;;0;;0;;;1;0;0;0;0;1;0;0;1;0
720;3550;0;3550;;917;;21.10.2025 00:00:00;"F";;21.10.2025 00:00:00;0;;0;;0;;0;;0;;0;;;1;0;0;0;0;1;0;0;1;0
721;3540;0;3540;;918;;21.10.2025 00:00:00;"F";;21.10.2025 00:00:00;0;;0;;0;;0;;0;;0;;;1;0;0;0;0;1;0;0;1;0
722;3559;0;3559;;919;;21.10.2025 00:00:00;"F";;21.10.2025 00:00:00;0;;0;;0;;0;;0;;0;;;1;0;0;0;0;1;0;0;1;0
723;3546;0;3546;;920;;21.10.2025 00:00:00;"F";;21.10.2025 00:00:00;0;;0;;0;;0;;0;;0;;;1;0;0;0;0;1;0;0;1;0
724;3554;0;3554;;921;;21.10.2025 00:00:00;"F";;21.10.2025 00:00:00;0;;0;;0;;0;;0;;0;;;1;0;0;0;0;1;0;0;1;0
725;3544;0;3544;;922;;21.10.2025 00:00:00;"F";;21.10.2025 00:00:00;0;;0;;0;;0;;0;;0;;;1;0;0;0;0;1;0;0;1;0
726;3541;0;3541;;923;;21.10.2025 00:00:00;"F";;21.10.2025 00:00:00;0;;0;;0;;0;;0;;0;;;1;0;0;0;0;1;0;0;1;0
727;3496;0;3496;;924;;21.10.2025 00:00:00;"F";;21.10.2025 00:00:00;0;;0;;0;;0;;0;;0;;;1;0;0;0;0;1;0;0;1;0
728;3545;0;3545;;925;;21.10.2025 00:00:00;"F";;21.10.2025 00:00:00;0;;0;;0;;0;;0;;0;;;1;0;0;0;0;1;0;0;1;0
729;2665;0;2665;;926;;21.10.2025 00:00:00;"F";;21.10.2025 00:00:00;0;;0;;0;;0;;0;;0;;;1;0;0;0;0;1;0;0;1;0
730;3547;0;3547;;927;;21.10.2025 00:00:00;"F";;21.10.2025 00:00:00;0;;0;;0;;0;;0;;0;;;1;0;0;0;0;1;0;0;1;0
731;3553;0;3553;;928;;21.10.2025 00:00:00;"F";;21.10.2025 00:00:00;0;;0;;0;;0;;0;;0;;;1;0;0;0;0;1;0;0;1;0
732;3557;0;3557;;929;;21.10.2025 00:00:00;"F";;21.10.2025 00:00:00;0;;0;;0;;0;;0;;0;;;1;0;0;0;0;1;0;0;1;0
733;2033;0;2033;;930;;21.10.2025 00:00:00;"F";;21.10.2025 00:00:00;0;;0;;0;;0;;0;;0;;;1;0;0;0;0;1;0;0;1;0
734;3549;0;3549;;931;;21.10.2025 00:00:00;"F";;21.10.2025 00:00:00;0;;0;;0;;0;;0;;0;;;1;0;0;0;0;1;0;0;1;0
735;3556;0;3556;;932;;21.10.2025 00:00:00;"F";;21.10.2025 00:00:00;0;;0;;0;;0;;0;;0;;;1;0;0;0;0;1;0;0;1;0
736;3543;0;3543;;933;;21.10.2025 00:00:00;"F";;21.10.2025 00:00:00;0;;0;;0;;0;;0;;0;;;1;0;0;0;0;1;0;0;1;0
737;3551;0;3551;;934;;21.10.2025 00:00:00;"F";;21.10.2025 00:00:00;0;;0;;0;;0;;0;;0;;;1;0;0;0;0;1;0;0;1;0
738;2027;0;2027;;935;;21.10.2025 00:00:00;"F";;21.10.2025 00:00:00;0;;0;;0;;0;;0;;0;;;1;0;0;0;0;1;0;0;1;0
739;3561;0;3561;;936;;21.10.2025 00:00:00;"F";;21.10.2025 00:00:00;0;;0;;0;;0;;0;;0;;;1;0;0;0;0;1;0;0;1;0
740;2731;0;2731;;937;;20.11.2025 00:00:00;"F";;20.11.2025 00:00:00;0;;0;;0;;0;;0;;0;;;1;0;0;0;0;1;0;0;1;0
741;3797;0;3797;;938;;20.11.2025 00:00:00;"F";;20.11.2025 00:00:00;0;;0;;0;;0;;0;;0;;;1;0;0;0;0;1;0;0;1;0
742;3795;0;3795;;939;;20.11.2025 00:00:00;"F";;20.11.2025 00:00:00;0;;0;;0;;0;;0;;0;;;1;0;0;0;0;1;0;0;1;0
743;3796;0;3796;;940;;20.11.2025 00:00:00;"F";;20.11.2025 00:00:00;0;;0;;0;;0;;0;;0;;;1;0;0;0;0;1;0;0;1;0
744;2436;0;2436;;941;;20.11.2025 00:00:00;"F";;20.11.2025 00:00:00;0;;0;;0;;0;;0;;0;;;1;0;0;0;0;1;0;0;1;0
745;2425;0;2425;;942;;20.11.2025 00:00:00;"F";;20.11.2025 00:00:00;0;;0;;0;;0;;0;;0;;;1;0;0;0;0;1;0;0;1;0
746;3781;0;3781;;943;;20.11.2025 00:00:00;"F";;20.11.2025 00:00:00;0;;0;;0;;0;;0;;0;;;1;0;0;0;0;1;0;0;1;0
747;2424;0;2424;;944;;20.11.2025 00:00:00;"F";;20.11.2025 00:00:00;0;;0;;0;;0;;0;;0;;;1;0;0;0;0;1;0;0;1;0
748;2434;0;2434;;945;;20.11.2025 00:00:00;"F";;20.11.2025 00:00:00;0;;0;;0;;0;;0;;0;;;1;0;0;0;0;1;0;0;1;0
749;3780;0;3780;;946;;20.11.2025 00:00:00;"F";;20.11.2025 00:00:00;0;;0;;0;;0;;0;;0;;;1;0;0;0;0;1;0;0;1;0
750;2432;0;2432;;947;;20.11.2025 00:00:00;"F";;20.11.2025 00:00:00;0;;0;;0;;0;;0;;0;;;1;0;0;0;0;1;0;0;1;0
751;2438;0;2438;;948;;20.11.2025 00:00:00;"F";;20.11.2025 00:00:00;0;;0;;0;;0;;0;;0;;;1;0;0;0;0;1;0;0;1;0
752;2439;0;2439;;949;;20.11.2025 00:00:00;"F";;20.11.2025 00:00:00;0;;0;;0;;0;;0;;0;;;1;0;0;0;0;1;0;0;1;0
753;2437;0;2437;;950;;20.11.2025 00:00:00;"F";;20.11.2025 00:00:00;0;;0;;0;;0;;0;;0;;;1;0;0;0;0;1;0;0;1;0
754;3782;0;3782;;951;;20.11.2025 00:00:00;"F";;20.11.2025 00:00:00;0;;0;;0;;0;;0;;0;;;1;0;0;0;0;1;0;0;1;0
755;3778;0;3778;;952;;20.11.2025 00:00:00;"F";;20.11.2025 00:00:00;0;;0;;0;;0;;0;;0;;;1;0;0;0;0;1;0;0;1;0
756;2332;0;2332;;953;;20.11.2025 00:00:00;"F";;20.11.2025 00:00:00;0;;0;;0;;0;;0;;0;;;1;0;0;0;0;1;0;0;1;0
757;3779;0;3779;;954;;20.11.2025 00:00:00;"F";;20.11.2025 00:00:00;0;;0;;0;;0;;0;;0;;;1;0;0;0;0;1;0;0;1;0
758;3777;0;3777;;955;;20.11.2025 00:00:00;"F";;20.11.2025 00:00:00;0;;0;;0;;0;;0;;0;;;1;0;0;0;0;1;0;0;1;0
759;2787;0;2787;;956;;20.11.2025 00:00:00;"F";;20.11.2025 00:00:00;0;;0;;0;;0;;0;;0;;;1;0;0;0;0;1;0;0;1;0
760;3794;0;3794;;957;;20.11.2025 00:00:00;"F";;20.11.2025 00:00:00;0;;0;;0;;0;;0;;0;;;1;0;0;0;0;1;0;0;1;0
761;1955;0;1955;;958;;20.11.2025 00:00:00;"F";;20.11.2025 00:00:00;0;;0;;0;;0;;0;;0;;;1;0;0;0;0;1;0;0;1;0
762;1939;0;1939;;959;;20.11.2025 00:00:00;"F";;20.11.2025 00:00:00;0;;0;;0;;0;;0;;0;;;1;0;0;0;0;1;0;0;1;0
763;3793;0;3793;;960;;20.11.2025 00:00:00;"F";;20.11.2025 00:00:00;0;;0;;0;;0;;0;;0;;;1;0;0;0;0;1;0;0;1;0
764;3788;0;3788;;961;;20.11.2025 00:00:00;"F";;20.11.2025 00:00:00;0;;0;;0;;0;;0;;0;;;1;0;0;0;0;1;0;0;1;0
765;1938;0;1938;;962;;20.11.2025 00:00:00;"F";;20.11.2025 00:00:00;0;;0;;0;;0;;0;;0;;;1;0;0;0;0;1;0;0;1;0
766;1937;0;1937;;963;;20.11.2025 00:00:00;"F";;20.11.2025 00:00:00;0;;0;;0;;0;;0;;0;;;1;0;0;0;0;1;0;0;1;0
767;2782;0;2782;;964;;20.11.2025 00:00:00;"F";;20.11.2025 00:00:00;0;;0;;0;;0;;0;;0;;;1;0;0;0;0;1;0;0;1;0
768;3784;0;3784;;965;;20.11.2025 00:00:00;"F";;20.11.2025 00:00:00;0;;0;;0;;0;;0;;0;;;1;0;0;0;0;1;0;0;1;0
769;1953;0;1953;;966;;20.11.2025 00:00:00;"F";;20.11.2025 00:00:00;0;;0;;0;;0;;0;;0;;;1;0;0;0;0;1;0;0;1;0
771;1960;0;1960;;968;;20.11.2025 00:00:00;"F";;20.11.2025 00:00:00;0;;0;;0;;0;;0;;0;;;1;0;0;0;0;1;0;0;1;0
772;1948;0;1948;;969;;20.11.2025 00:00:00;"F";;20.11.2025 00:00:00;0;;0;;0;;0;;0;;0;;;1;0;0;0;0;1;0;0;1;0
773;3785;0;3785;;970;;20.11.2025 00:00:00;"F";;20.11.2025 00:00:00;0;;0;;0;;0;;0;;0;;;1;0;0;0;0;1;0;0;1;0
774;3786;0;3786;;971;;20.11.2025 00:00:00;"F";;20.11.2025 00:00:00;0;;0;;0;;0;;0;;0;;;1;0;0;0;0;1;0;0;1;0
775;1947;0;1947;;972;;20.11.2025 00:00:00;"F";;20.11.2025 00:00:00;0;;0;;0;;0;;0;;0;;;1;0;0;0;0;1;0;0;1;0
776;1951;0;1951;;973;;20.11.2025 00:00:00;"F";;20.11.2025 00:00:00;0;;0;;0;;0;;0;;0;;;1;0;0;0;0;1;0;0;1;0
777;3790;0;3790;;974;;20.11.2025 00:00:00;"F";;20.11.2025 00:00:00;0;;0;;0;;0;;0;;0;;;1;0;0;0;0;1;0;0;1;0
778;4257;0;1956;;975;;20.11.2025 00:00:00;"F";;20.11.2025 00:00:00;0;;0;;0;;0;;0;;0;;;1;0;0;0;0;1;0;0;1;0
779;3792;0;3792;;976;;20.11.2025 00:00:00;"F";;20.11.2025 00:00:00;0;;0;;0;;0;;0;;0;;;1;0;0;0;0;1;0;0;1;0
780;1945;0;1945;;977;;20.11.2025 00:00:00;"F";;20.11.2025 00:00:00;0;;0;;0;;0;;0;;0;;;1;0;0;0;0;1;0;0;1;0
781;1950;0;1950;;978;;20.11.2025 00:00:00;"F";;20.11.2025 00:00:00;0;;0;;0;;0;;0;;0;;;1;0;0;0;0;1;0;0;1;0
782;1940;0;1940;;979;;20.11.2025 00:00:00;"F";;20.11.2025 00:00:00;0;;0;;0;;0;;0;;0;;;1;0;0;0;0;1;0;0;1;0
783;1944;0;1944;;980;;20.11.2025 00:00:00;"F";;20.11.2025 00:00:00;0;;0;;0;;0;;0;;0;;;1;0;0;0;0;1;0;0;1;0
784;3789;0;3789;;981;;20.11.2025 00:00:00;"F";;20.11.2025 00:00:00;0;;0;;0;;0;;0;;0;;;1;0;0;0;0;1;0;0;1;0
785;1957;0;1957;;982;;20.11.2025 00:00:00;"F";;20.11.2025 00:00:00;0;;0;;0;;0;;0;;0;;;1;0;0;0;0;1;0;0;1;0
786;3791;0;3791;;984;;20.11.2025 00:00:00;"F";;20.11.2025 00:00:00;0;;0;;0;;0;;0;;0;;;1;0;0;0;0;1;0;0;1;0
788;3657;0;3657;;985;;20.11.2025 00:00:00;"F";;20.11.2025 00:00:00;0;;0;;0;;0;;0;;0;;;1;0;0;0;0;1;0;0;1;0
789;3672;0;3672;;986;;20.11.2025 00:00:00;"F";;20.11.2025 00:00:00;0;;0;;0;;0;;0;;0;;;1;0;0;0;0;1;0;0;1;0
790;3645;0;3645;;987;;20.11.2025 00:00:00;"F";;20.11.2025 00:00:00;0;;0;;0;;0;;0;;0;;;1;0;0;0;0;1;0;0;1;0
791;3661;0;3661;;988;;20.11.2025 00:00:00;"F";;20.11.2025 00:00:00;0;;0;;0;;0;;0;;0;;;1;0;0;0;0;1;0;0;1;0
792;3658;0;3658;;989;;20.11.2025 00:00:00;"F";;20.11.2025 00:00:00;0;;0;;0;;0;;0;;0;;;1;0;0;0;0;1;0;0;1;0
793;3664;0;3664;;990;;20.11.2025 00:00:00;"F";;20.11.2025 00:00:00;0;;0;;0;;0;;0;;0;;;1;0;0;0;0;1;0;0;1;0
794;3671;0;3671;;991;;20.11.2025 00:00:00;"F";;20.11.2025 00:00:00;0;;0;;0;;0;;0;;0;;;1;0;0;0;0;1;0;0;1;0
795;3662;0;3662;;992;;20.11.2025 00:00:00;"F";;20.11.2025 00:00:00;0;;0;;0;;0;;0;;0;;;1;0;0;0;0;1;0;0;1;0
796;3659;0;3659;;993;;20.11.2025 00:00:00;"F";;20.11.2025 00:00:00;0;;0;;0;;0;;0;;0;;;1;0;0;0;0;1;0;0;1;0
797;3669;0;3669;;994;;20.11.2025 00:00:00;"F";;20.11.2025 00:00:00;0;;0;;0;;0;;0;;0;;;1;0;0;0;0;1;0;0;1;0
798;3656;0;3656;;995;;20.11.2025 00:00:00;"F";;20.11.2025 00:00:00;0;;0;;0;;0;;0;;0;;;1;0;0;0;0;1;0;0;1;0
799;2696;0;2696;;996;;20.11.2025 00:00:00;"F";;20.11.2025 00:00:00;0;;0;;0;;0;;0;;0;;;1;0;0;0;0;1;0;0;1;0
800;3667;0;3667;;997;;20.11.2025 00:00:00;"F";;20.11.2025 00:00:00;0;;0;;0;;0;;0;;0;;;1;0;0;0;0;1;0;0;1;0
801;3670;0;3670;;998;;20.11.2025 00:00:00;"F";;20.11.2025 00:00:00;0;;0;;0;;0;;0;;0;;;1;0;0;0;0;1;0;0;1;0
802;3674;0;3674;18;999;;20.11.2025 00:00:00;"O";"";5.3.2026 14:01:24;0;"";0;"";0;"";0;"";0;"";0;;;1;0;0;0;0;1;0;0;1;0
803;2814;0;2814;;1000;;20.11.2025 00:00:00;"F";;20.11.2025 00:00:00;0;;0;;0;;0;;0;;0;;;1;0;0;0;0;1;0;0;1;0
804;3663;0;3663;;1001;;20.11.2025 00:00:00;"F";;20.11.2025 00:00:00;0;;0;;0;;0;;0;;0;;;1;0;0;0;0;1;0;0;1;0
805;2110;0;2110;;1002;;20.11.2025 00:00:00;"F";;20.11.2025 00:00:00;0;;0;;0;;0;;0;;0;;;1;0;0;0;0;1;0;0;1;0
806;3665;0;3665;;1003;;20.11.2025 00:00:00;"F";;20.11.2025 00:00:00;0;;0;;0;;0;;0;;0;;;1;0;0;0;0;1;0;0;1;0
807;3666;0;3666;;1004;;20.11.2025 00:00:00;"F";;20.11.2025 00:00:00;0;;0;;0;;0;;0;;0;;;1;0;0;0;0;1;0;0;1;0
809;2047;0;2047;;1006;;19.2.2025 00:00:00;"F";;19.2.2025 00:00:00;0;;0;;0;;0;;0;;0;;;1;0;0;0;0;1;0;0;1;0
810;2797;0;2797;;1008;;19.2.2025 00:00:00;"F";;19.2.2025 00:00:00;0;;0;;0;;0;;0;;0;;;1;0;0;0;0;1;0;0;1;0
813;2055;0;2055;;1010;;19.2.2025 00:00:00;"F";;19.2.2025 00:00:00;0;;0;;0;;0;;0;;0;;;1;0;0;0;0;1;0;0;1;0
815;2061;0;2061;;1012;;19.2.2025 00:00:00;"F";;19.2.2025 00:00:00;0;;0;;0;;0;;0;;0;;;1;0;0;0;0;1;0;0;1;0
817;2053;0;2053;;1014;;19.2.2025 00:00:00;"F";;19.2.2025 00:00:00;0;;0;;0;;0;;0;;0;;;1;0;0;0;0;1;0;0;1;0
819;2056;0;2056;;1016;;19.2.2025 00:00:00;"F";;19.2.2025 00:00:00;0;;0;;0;;0;;0;;0;;;1;0;0;0;0;1;0;0;1;0
821;2049;0;2049;;1018;;19.2.2025 00:00:00;"F";;19.2.2025 00:00:00;0;;0;;0;;0;;0;;0;;;1;0;0;0;0;1;0;0;1;0
823;2050;0;2050;;1020;;19.2.2025 00:00:00;"F";;19.2.2025 00:00:00;0;;0;;0;;0;;0;;0;;;1;0;0;0;0;1;0;0;1;0
825;2046;0;2046;;1022;;19.2.2025 00:00:00;"F";;19.2.2025 00:00:00;0;;0;;0;;0;;0;;0;;;1;0;0;0;0;1;0;0;1;0
827;2065;0;2065;;1024;;19.2.2025 00:00:00;"F";;19.2.2025 00:00:00;0;;0;;0;;0;;0;;0;;;1;0;0;0;0;1;0;0;1;0
829;2054;0;2054;;1026;;19.2.2025 00:00:00;"F";;19.2.2025 00:00:00;0;;0;;0;;0;;0;;0;;;1;0;0;0;0;1;0;0;1;0
831;2063;0;2063;;1028;;19.2.2025 00:00:00;"F";;19.2.2025 00:00:00;0;;0;;0;;0;;0;;0;;;1;0;0;0;0;1;0;0;1;0
833;2060;0;2060;;1030;;19.2.2025 00:00:00;"F";;19.2.2025 00:00:00;0;;0;;0;;0;;0;;0;;;1;0;0;0;0;1;0;0;1;0
835;2062;0;2062;;1032;;19.2.2025 00:00:00;"F";;19.2.2025 00:00:00;0;;0;;0;;0;;0;;0;;;1;0;0;0;0;1;0;0;1;0
837;2066;0;2066;;1034;;19.2.2025 00:00:00;"F";;19.2.2025 00:00:00;0;;0;;0;;0;;0;;0;;;1;0;0;0;0;1;0;0;1;0
839;2048;0;2048;;1036;;19.2.2025 00:00:00;"F";;19.2.2025 00:00:00;0;;0;;0;;0;;0;;0;;;1;0;0;0;0;1;0;0;1;0
841;2051;0;2051;;1038;;19.2.2025 00:00:00;"F";;19.2.2025 00:00:00;0;;0;;0;;0;;0;;0;;;1;0;0;0;0;1;0;0;1;0
843;2059;0;2059;;1040;;19.2.2025 00:00:00;"F";;19.2.2025 00:00:00;0;;0;;0;;0;;0;;0;;;1;0;0;0;0;1;0;0;1;0
845;2058;0;2058;;1042;;19.2.2025 00:00:00;"F";;19.2.2025 00:00:00;0;;0;;0;;0;;0;;0;;;1;0;0;0;0;1;0;0;1;0
847;2052;0;2052;;1044;;19.2.2025 00:00:00;"F";;19.2.2025 00:00:00;0;;0;;0;;0;;0;;0;;;1;0;0;0;0;1;0;0;1;0
849;2057;0;2057;;1046;;19.2.2025 00:00:00;"F";;19.2.2025 00:00:00;0;;0;;0;;0;;0;;0;;;1;0;0;0;0;1;0;0;1;0
850;2369;0;2369;;1047;;19.2.2025 00:00:00;"F";;19.2.2025 00:00:00;0;;0;;0;;0;;0;;0;;;1;0;0;0;0;1;0;0;1;0
851;2378;0;2378;;1048;;19.2.2025 00:00:00;"F";;19.2.2025 00:00:00;0;;0;;0;;0;;0;;0;;;1;0;0;0;0;1;0;0;1;0
852;2375;0;2375;;1049;;19.2.2025 00:00:00;"F";;19.2.2025 00:00:00;0;;0;;0;;0;;0;;0;;;1;0;0;0;0;1;0;0;1;0
853;2373;0;2373;;1050;;19.2.2025 00:00:00;"F";;19.2.2025 00:00:00;0;;0;;0;;0;;0;;0;;;1;0;0;0;0;1;0;0;1;0
854;2374;0;2374;;1051;;19.2.2025 00:00:00;"F";;19.2.2025 00:00:00;0;;0;;0;;0;;0;;0;;;1;0;0;0;0;1;0;0;1;0
855;2382;0;2382;;1052;;19.2.2025 00:00:00;"F";;19.2.2025 00:00:00;0;;0;;0;;0;;0;;0;;;1;0;0;0;0;1;0;0;1;0
856;2379;0;2379;;1053;;19.2.2025 00:00:00;"F";;19.2.2025 00:00:00;0;;0;;0;;0;;0;;0;;;1;0;0;0;0;1;0;0;1;0
857;2370;0;2370;;1054;;19.2.2025 00:00:00;"F";;19.2.2025 00:00:00;0;;0;;0;;0;;0;;0;;;1;0;0;0;0;1;0;0;1;0
858;2381;0;2381;;1055;;19.2.2025 00:00:00;"F";;19.2.2025 00:00:00;0;;0;;0;;0;;0;;0;;;1;0;0;0;0;1;0;0;1;0
859;2377;0;2377;;1056;;19.2.2025 00:00:00;"F";;19.2.2025 00:00:00;0;;0;;0;;0;;0;;0;;;1;0;0;0;0;1;0;0;1;0
860;2367;0;2367;;1057;;19.2.2025 00:00:00;"F";;19.2.2025 00:00:00;0;;0;;0;;0;;0;;0;;;1;0;0;0;0;1;0;0;1;0
861;2371;0;2371;;1058;;19.2.2025 00:00:00;"F";;19.2.2025 00:00:00;0;;0;;0;;0;;0;;0;;;1;0;0;0;0;1;0;0;1;0
862;2380;0;2380;;1059;;19.2.2025 00:00:00;"F";;19.2.2025 00:00:00;0;;0;;0;;0;;0;;0;;;1;0;0;0;0;1;0;0;1;0
863;2368;0;2368;;1060;;19.2.2025 00:00:00;"F";;19.2.2025 00:00:00;0;;0;;0;;0;;0;;0;;;1;0;0;0;0;1;0;0;1;0
864;2376;0;2376;;1061;;19.2.2025 00:00:00;"F";;19.2.2025 00:00:00;0;;0;;0;;0;;0;;0;;;1;0;0;0;0;1;0;0;1;0
865;2372;0;2372;;1062;;19.2.2025 00:00:00;"F";;19.2.2025 00:00:00;0;;0;;0;;0;;0;;0;;;1;0;0;0;0;1;0;0;1;0
866;3812;0;3812;;1063;;18.9.2025 00:00:00;"F";;18.9.2025 00:00:00;0;;0;;0;;0;;0;;0;;;1;0;0;0;0;1;0;0;1;0
867;3806;0;3806;;1064;;18.9.2025 00:00:00;"F";;18.9.2025 00:00:00;0;;0;;0;;0;;0;;0;;;1;0;0;0;0;1;0;0;1;0
868;3818;0;3818;;1065;;18.9.2025 00:00:00;"F";;18.9.2025 00:00:00;0;;0;;0;;0;;0;;0;;;1;0;0;0;0;1;0;0;1;0
869;3811;0;3811;;1066;;18.9.2025 00:00:00;"F";;18.9.2025 00:00:00;0;;0;;0;;0;;0;;0;;;1;0;0;0;0;1;0;0;1;0
870;3805;0;3805;;1067;;18.9.2025 00:00:00;"F";;18.9.2025 00:00:00;0;;0;;0;;0;;0;;0;;;1;0;0;0;0;1;0;0;1;0
871;3819;0;3819;;1068;;18.9.2025 00:00:00;"F";;18.9.2025 00:00:00;0;;0;;0;;0;;0;;0;;;1;0;0;0;0;1;0;0;1;0
872;3956;0;3956;;1069;;18.9.2025 00:00:00;"F";;18.9.2025 00:00:00;0;;0;;0;;0;;0;;0;;;1;0;0;0;0;1;0;0;1;0
873;3817;0;3817;;1070;;18.9.2025 00:00:00;"F";;18.9.2025 00:00:00;0;;0;;0;;0;;0;;0;;;1;0;0;0;0;1;0;0;1;0
874;3815;0;3815;;1071;;18.9.2025 00:00:00;"F";;18.9.2025 00:00:00;0;;0;;0;;0;;0;;0;;;1;0;0;0;0;1;0;0;1;0
875;3810;0;3810;;1072;;18.9.2025 00:00:00;"F";;18.9.2025 00:00:00;0;;0;;0;;0;;0;;0;;;1;0;0;0;0;1;0;0;1;0
876;3809;0;3809;;1073;;18.9.2025 00:00:00;"F";;18.9.2025 00:00:00;0;;0;;0;;0;;0;;0;;;1;0;0;0;0;1;0;0;1;0
877;3808;0;3808;;1074;;18.9.2025 00:00:00;"F";;18.9.2025 00:00:00;0;;0;;0;;0;;0;;0;;;1;0;0;0;0;1;0;0;1;0
878;3807;0;3807;;1075;;18.9.2025 00:00:00;"F";;18.9.2025 00:00:00;0;;0;;0;;0;;0;;0;;;1;0;0;0;0;1;0;0;1;0
879;3814;0;3814;;1076;;18.9.2025 00:00:00;"F";;18.9.2025 00:00:00;0;;0;;0;;0;;0;;0;;;1;0;0;0;0;1;0;0;1;0
880;3813;0;3813;;1077;;18.9.2025 00:00:00;"F";;18.9.2025 00:00:00;0;;0;;0;;0;;0;;0;;;1;0;0;0;0;1;0;0;1;0
881;3816;0;3816;;1078;;18.9.2025 00:00:00;"F";;18.9.2025 00:00:00;0;;0;;0;;0;;0;;0;;;1;0;0;0;0;1;0;0;1;0
882;3955;0;3955;;1079;;18.9.2025 00:00:00;"F";;18.9.2025 00:00:00;0;;0;;0;;0;;0;;0;;;1;0;0;0;0;1;0;0;1;0
883;1346;0;1346;;1080;;17.3.2025 00:00:00;"F";;17.3.2025 00:00:00;0;;0;;0;;0;;0;;0;;;1;0;0;0;0;1;0;0;1;0
884;1348;0;1348;;1081;;17.3.2025 00:00:00;"F";;17.3.2025 00:00:00;0;;0;;0;;0;;0;;0;;;1;0;0;0;0;1;0;0;1;0
885;1347;0;1347;;1082;;17.3.2025 00:00:00;"F";;17.3.2025 00:00:00;0;;0;;0;;0;;0;;0;;;1;0;0;0;0;1;0;0;1;0
886;1350;0;1350;;1083;;17.3.2025 00:00:00;"F";;17.3.2025 00:00:00;0;;0;;0;;0;;0;;0;;;1;0;0;0;0;1;0;0;1;0
887;1351;0;1351;;1084;;17.3.2025 00:00:00;"F";;17.3.2025 00:00:00;0;;0;;0;;0;;0;;0;;;1;0;0;0;0;1;0;0;1;0
888;1349;0;1349;;1085;;17.3.2025 00:00:00;"F";;17.3.2025 00:00:00;0;;0;;0;;0;;0;;0;;;1;0;0;0;0;1;0;0;1;0
889;4056;0;4056;;1086;;11.12.2025 00:00:00;"F";;11.12.2025 00:00:00;0;;0;;0;;0;;0;;0;;;1;0;0;0;0;1;0;0;1;0
890;133;0;133;;1087;;11.12.2025 00:00:00;"F";;11.12.2025 00:00:00;0;;0;;0;;0;;0;;0;;;1;0;0;0;0;1;0;0;1;0
891;4062;0;4062;;1088;;11.12.2025 00:00:00;"F";;11.12.2025 00:00:00;0;;0;;0;;0;;0;;0;;;1;0;0;0;0;1;0;0;1;0
892;129;0;129;;1089;;11.12.2025 00:00:00;"F";;11.12.2025 00:00:00;0;;0;;0;;0;;0;;0;;;1;0;0;0;0;1;0;0;1;0
893;4064;0;4064;;1090;;11.12.2025 00:00:00;"F";;11.12.2025 00:00:00;0;;0;;0;;0;;0;;0;;;1;0;0;0;0;1;0;0;1;0
894;4057;0;4057;;1091;;11.12.2025 00:00:00;"F";;11.12.2025 00:00:00;0;;0;;0;;0;;0;;0;;;1;0;0;0;0;1;0;0;1;0
895;4060;0;4060;;1092;;11.12.2025 00:00:00;"F";;11.12.2025 00:00:00;0;;0;;0;;0;;0;;0;;;1;0;0;0;0;1;0;0;1;0
896;4066;0;4066;;1093;;11.12.2025 00:00:00;"F";;11.12.2025 00:00:00;0;;0;;0;;0;;0;;0;;;1;0;0;0;0;1;0;0;1;0
897;134;0;134;;1094;;11.12.2025 00:00:00;"F";;11.12.2025 00:00:00;0;;0;;0;;0;;0;;0;;;1;0;0;0;0;1;0;0;1;0
898;135;0;135;;1095;;11.12.2025 00:00:00;"F";;11.12.2025 00:00:00;0;;0;;0;;0;;0;;0;;;1;0;0;0;0;1;0;0;1;0
899;4042;0;4042;;1096;;11.12.2025 00:00:00;"F";;11.12.2025 00:00:00;0;;0;;0;;0;;0;;0;;;1;0;0;0;0;1;0;0;1;0
900;130;0;130;;1097;;11.12.2025 00:00:00;"F";;11.12.2025 00:00:00;0;;0;;0;;0;;0;;0;;;1;0;0;0;0;1;0;0;1;0
901;4055;0;4055;;1098;;11.12.2025 00:00:00;"F";;11.12.2025 00:00:00;0;;0;;0;;0;;0;;0;;;1;0;0;0;0;1;0;0;1;0
902;4065;0;4065;;1099;;11.12.2025 00:00:00;"F";;11.12.2025 00:00:00;0;;0;;0;;0;;0;;0;;;1;0;0;0;0;1;0;0;1;0
903;4061;0;4061;;1100;;11.12.2025 00:00:00;"F";;11.12.2025 00:00:00;0;;0;;0;;0;;0;;0;;;1;0;0;0;0;1;0;0;1;0
904;4043;0;4043;;1101;;11.12.2025 00:00:00;"F";;11.12.2025 00:00:00;0;;0;;0;;0;;0;;0;;;1;0;0;0;0;1;0;0;1;0
905;4059;0;4059;;1102;;11.12.2025 00:00:00;"F";;11.12.2025 00:00:00;0;;0;;0;;0;;0;;0;;;1;0;0;0;0;1;0;0;1;0
906;4058;0;4058;;1103;;11.12.2025 00:00:00;"F";;11.12.2025 00:00:00;0;;0;;0;;0;;0;;0;;;1;0;0;0;0;1;0;0;1;0
907;4063;0;4063;;1104;;11.12.2025 00:00:00;"F";;11.12.2025 00:00:00;0;;0;;0;;0;;0;;0;;;1;0;0;0;0;1;0;0;1;0
908;4069;0;4069;;1105;;11.12.2025 00:00:00;"F";;11.12.2025 00:00:00;0;;0;;0;;0;;0;;0;;;1;0;0;0;0;1;0;0;1;0
909;904;0;904;;1106;;11.12.2025 00:00:00;"F";;11.12.2025 00:00:00;0;;0;;0;;0;;0;;0;;;1;0;0;0;0;1;0;0;1;0
910;4068;0;4068;;1107;;11.12.2025 00:00:00;"F";;11.12.2025 00:00:00;0;;0;;0;;0;;0;;0;;;1;0;0;0;0;1;0;0;1;0
911;905;0;905;;1108;;11.12.2025 00:00:00;"F";;11.12.2025 00:00:00;0;;0;;0;;0;;0;;0;;;1;0;0;0;0;1;0;0;1;0
912;902;0;902;;1109;;11.12.2025 00:00:00;"F";;11.12.2025 00:00:00;0;;0;;0;;0;;0;;0;;;1;0;0;0;0;1;0;0;1;0
913;4067;0;4067;;1110;;11.12.2025 00:00:00;"F";;11.12.2025 00:00:00;0;;0;;0;;0;;0;;0;;;1;0;0;0;0;1;0;0;1;0
914;547;0;547;;1111;;9.4.2025 00:00:00;"F";;9.4.2025 00:00:00;0;;0;;0;;0;;0;;0;;;1;0;0;0;0;1;0;0;1;0
915;49;0;49;;1112;;9.4.2025 00:00:00;"F";;9.4.2025 00:00:00;0;;0;;0;;0;;0;;0;;;1;0;0;0;0;1;0;0;1;0
916;541;0;541;;1113;;9.4.2025 00:00:00;"F";;9.4.2025 00:00:00;0;;0;;0;;0;;0;;0;;;1;0;0;0;0;1;0;0;1;0
917;532;0;532;;1114;;9.4.2025 00:00:00;"F";;9.4.2025 00:00:00;0;;0;;0;;0;;0;;0;;;1;0;0;0;0;1;0;0;1;0
918;534;0;534;;1115;;9.4.2025 00:00:00;"F";;9.4.2025 00:00:00;0;;0;;0;;0;;0;;0;;;1;0;0;0;0;1;0;0;1;0
919;545;0;545;;1116;;9.4.2025 00:00:00;"F";;9.4.2025 00:00:00;0;;0;;0;;0;;0;;0;;;1;0;0;0;0;1;0;0;1;0
920;55;0;55;;1117;;9.4.2025 00:00:00;"F";;9.4.2025 00:00:00;0;;0;;0;;0;;0;;0;;;1;0;0;0;0;1;0;0;1;0
921;2340;0;2340;;1118;;9.4.2025 00:00:00;"F";;9.4.2025 00:00:00;0;;0;;0;;0;;0;;0;;;1;0;0;0;0;1;0;0;1;0
922;537;0;537;;1119;;9.4.2025 00:00:00;"F";;9.4.2025 00:00:00;0;;0;;0;;0;;0;;0;;;1;0;0;0;0;1;0;0;1;0
923;544;0;544;;1120;;9.4.2025 00:00:00;"F";;9.4.2025 00:00:00;0;;0;;0;;0;;0;;0;;;1;0;0;0;0;1;0;0;1;0
924;533;0;533;;1121;;9.4.2025 00:00:00;"F";;9.4.2025 00:00:00;0;;0;;0;;0;;0;;0;;;1;0;0;0;0;1;0;0;1;0
925;546;0;546;;1122;;9.4.2025 00:00:00;"F";;9.4.2025 00:00:00;0;;0;;0;;0;;0;;0;;;1;0;0;0;0;1;0;0;1;0
926;535;0;535;;1123;;9.4.2025 00:00:00;"F";;9.4.2025 00:00:00;0;;0;;0;;0;;0;;0;;;1;0;0;0;0;1;0;0;1;0
927;530;0;530;;1124;;9.4.2025 00:00:00;"F";;9.4.2025 00:00:00;0;;0;;0;;0;;0;;0;;;1;0;0;0;0;1;0;0;1;0
928;2343;0;2343;;1125;;9.4.2025 00:00:00;"F";;9.4.2025 00:00:00;0;;0;;0;;0;;0;;0;;;1;0;0;0;0;1;0;0;1;0
929;536;0;536;;1126;;9.4.2025 00:00:00;"F";;9.4.2025 00:00:00;0;;0;;0;;0;;0;;0;;;1;0;0;0;0;1;0;0;1;0
930;543;0;543;;1127;;9.4.2025 00:00:00;"F";;9.4.2025 00:00:00;0;;0;;0;;0;;0;;0;;;1;0;0;0;0;1;0;0;1;0
931;542;0;542;;1128;;9.4.2025 00:00:00;"F";;9.4.2025 00:00:00;0;;0;;0;;0;;0;;0;;;1;0;0;0;0;1;0;0;1;0
932;3702;0;3702;;1129;;7.11.2025 00:00:00;"F";;7.11.2025 00:00:00;0;;0;;0;;0;;0;;0;;;1;0;0;0;0;1;0;0;1;0
933;93;0;93;;1130;;7.11.2025 00:00:00;"F";;7.11.2025 00:00:00;0;;0;;0;;0;;0;;0;;;1;0;0;0;0;1;0;0;1;0
934;109;0;109;;1131;;7.11.2025 00:00:00;"F";;7.11.2025 00:00:00;0;;0;;0;;0;;0;;0;;;1;0;0;0;0;1;0;0;1;0
935;160;0;160;;1132;;7.11.2025 00:00:00;"F";;7.11.2025 00:00:00;0;;0;;0;;0;;0;;0;;;1;0;0;0;0;1;0;0;1;0
936;106;0;106;;1133;;7.11.2025 00:00:00;"F";;7.11.2025 00:00:00;0;;0;;0;;0;;0;;0;;;1;0;0;0;0;1;0;0;1;0
937;111;0;111;;1135;;7.11.2025 00:00:00;"F";;7.11.2025 00:00:00;0;;0;;0;;0;;0;;0;;;1;0;0;0;0;1;0;0;1;0
939;102;0;102;;1136;;7.11.2025 00:00:00;"F";;7.11.2025 00:00:00;0;;0;;0;;0;;0;;0;;;1;0;0;0;0;1;0;0;1;0
940;74;0;74;;1137;;7.11.2025 00:00:00;"F";;7.11.2025 00:00:00;0;;0;;0;;0;;0;;0;;;1;0;0;0;0;1;0;0;1;0
941;3701;0;3701;;1138;;7.11.2025 00:00:00;"F";;7.11.2025 00:00:00;0;;0;;0;;0;;0;;0;;;1;0;0;0;0;1;0;0;1;0
942;162;0;162;;1139;;7.11.2025 00:00:00;"F";;7.11.2025 00:00:00;0;;0;;0;;0;;0;;0;;;1;0;0;0;0;1;0;0;1;0
943;83;0;83;;1140;;7.11.2025 00:00:00;"F";;7.11.2025 00:00:00;0;;0;;0;;0;;0;;0;;;1;0;0;0;0;1;0;0;1;0
944;3695;0;3695;;1141;;7.11.2025 00:00:00;"F";;7.11.2025 00:00:00;0;;0;;0;;0;;0;;0;;;1;0;0;0;0;1;0;0;1;0
945;154;0;154;;1142;;7.11.2025 00:00:00;"F";;7.11.2025 00:00:00;0;;0;;0;;0;;0;;0;;;1;0;0;0;0;1;0;0;1;0
946;87;0;87;;1143;;7.11.2025 00:00:00;"F";;7.11.2025 00:00:00;0;;0;;0;;0;;0;;0;;;1;0;0;0;0;1;0;0;1;0
947;98;0;98;;1144;;7.11.2025 00:00:00;"F";;7.11.2025 00:00:00;0;;0;;0;;0;;0;;0;;;1;0;0;0;0;1;0;0;1;0
948;100;0;100;;1145;;7.11.2025 00:00:00;"F";;7.11.2025 00:00:00;0;;0;;0;;0;;0;;0;;;1;0;0;0;0;1;0;0;1;0
949;161;0;161;;1146;;7.11.2025 00:00:00;"F";;7.11.2025 00:00:00;0;;0;;0;;0;;0;;0;;;1;0;0;0;0;1;0;0;1;0
950;157;0;157;;1147;;7.11.2025 00:00:00;"F";;7.11.2025 00:00:00;0;;0;;0;;0;;0;;0;;;1;0;0;0;0;1;0;0;1;0
951;85;0;85;;1148;;7.11.2025 00:00:00;"F";;7.11.2025 00:00:00;0;;0;;0;;0;;0;;0;;;1;0;0;0;0;1;0;0;1;0
952;96;0;96;;1149;;7.11.2025 00:00:00;"F";;7.11.2025 00:00:00;0;;0;;0;;0;;0;;0;;;1;0;0;0;0;1;0;0;1;0
953;3699;0;3699;;1150;;7.11.2025 00:00:00;"F";;7.11.2025 00:00:00;0;;0;;0;;0;;0;;0;;;1;0;0;0;0;1;0;0;1;0
954;89;0;89;;1151;;7.11.2025 00:00:00;"F";;7.11.2025 00:00:00;0;;0;;0;;0;;0;;0;;;1;0;0;0;0;1;0;0;1;0
955;2794;0;2794;;1152;;7.11.2025 00:00:00;"F";;7.11.2025 00:00:00;0;;0;;0;;0;;0;;0;;;1;0;0;0;0;1;0;0;1;0
956;3706;0;3706;;1153;;7.11.2025 00:00:00;"F";;7.11.2025 00:00:00;0;;0;;0;;0;;0;;0;;;1;0;0;0;0;1;0;0;1;0
957;3703;0;3703;;1154;;7.11.2025 00:00:00;"F";;7.11.2025 00:00:00;0;;0;;0;;0;;0;;0;;;1;0;0;0;0;1;0;0;1;0
958;164;0;164;;1155;;7.11.2025 00:00:00;"F";;7.11.2025 00:00:00;0;;0;;0;;0;;0;;0;;;1;0;0;0;0;1;0;0;1;0
959;3705;0;3705;;1156;;7.11.2025 00:00:00;"F";;7.11.2025 00:00:00;0;;0;;0;;0;;0;;0;;;1;0;0;0;0;1;0;0;1;0
960;166;0;166;;1157;;7.11.2025 00:00:00;"F";;7.11.2025 00:00:00;0;;0;;0;;0;;0;;0;;;1;0;0;0;0;1;0;0;1;0
961;3698;0;3698;;1158;;7.11.2025 00:00:00;"F";;7.11.2025 00:00:00;0;;0;;0;;0;;0;;0;;;1;0;0;0;0;1;0;0;1;0
962;158;0;158;;1159;;7.11.2025 00:00:00;"F";;7.11.2025 00:00:00;0;;0;;0;;0;;0;;0;;;1;0;0;0;0;1;0;0;1;0
963;156;0;156;;1160;;7.11.2025 00:00:00;"F";;7.11.2025 00:00:00;0;;0;;0;;0;;0;;0;;;1;0;0;0;0;1;0;0;1;0
964;3704;0;3704;;1161;;7.11.2025 00:00:00;"F";;7.11.2025 00:00:00;0;;0;;0;;0;;0;;0;;;1;0;0;0;0;1;0;0;1;0
965;155;0;155;;1162;;7.11.2025 00:00:00;"F";;7.11.2025 00:00:00;0;;0;;0;;0;;0;;0;;;1;0;0;0;0;1;0;0;1;0
966;167;0;167;;1163;;7.11.2025 00:00:00;"F";;7.11.2025 00:00:00;0;;0;;0;;0;;0;;0;;;1;0;0;0;0;1;0;0;1;0
967;3697;0;3697;;1164;;7.11.2025 00:00:00;"F";;7.11.2025 00:00:00;0;;0;;0;;0;;0;;0;;;1;0;0;0;0;1;0;0;1;0
968;3708;0;3708;;1165;;7.11.2025 00:00:00;"F";;7.11.2025 00:00:00;0;;0;;0;;0;;0;;0;;;1;0;0;0;0;1;0;0;1;0
969;3700;0;3700;;1166;;7.11.2025 00:00:00;"F";;7.11.2025 00:00:00;0;;0;;0;;0;;0;;0;;;1;0;0;0;0;1;0;0;1;0
970;110;0;110;;1167;;7.11.2025 00:00:00;"F";;7.11.2025 00:00:00;0;;0;;0;;0;;0;;0;;;1;0;0;0;0;1;0;0;1;0
971;82;0;82;;1168;;7.11.2025 00:00:00;"F";;7.11.2025 00:00:00;0;;0;;0;;0;;0;;0;;;1;0;0;0;0;1;0;0;1;0
972;2797;0;2797;;1169;;7.11.2025 00:00:00;"F";;7.11.2025 00:00:00;0;;0;;0;;0;;0;;0;;;1;0;0;0;0;1;0;0;1;0
973;1173;0;1173;;1170;;7.11.2025 00:00:00;"F";;7.11.2025 00:00:00;0;;0;;0;;0;;0;;0;;;1;0;0;0;0;1;0;0;1;0
974;3846;0;3846;;1171;;7.11.2025 00:00:00;"F";;7.11.2025 00:00:00;0;;0;;0;;0;;0;;0;;;1;0;0;0;0;1;0;0;1;0
975;2217;0;2217;;1172;;7.11.2025 00:00:00;"F";;7.11.2025 00:00:00;0;;0;;0;;0;;0;;0;;;1;0;0;0;0;1;0;0;1;0
976;3845;0;3845;;1173;;7.11.2025 00:00:00;"F";;7.11.2025 00:00:00;0;;0;;0;;0;;0;;0;;;1;0;0;0;0;1;0;0;1;0
977;1179;0;1179;;1174;;7.11.2025 00:00:00;"F";;7.11.2025 00:00:00;0;;0;;0;;0;;0;;0;;;1;0;0;0;0;1;0;0;1;0
978;1161;0;1161;;1175;;7.11.2025 00:00:00;"F";;7.11.2025 00:00:00;0;;0;;0;;0;;0;;0;;;1;0;0;0;0;1;0;0;1;0
980;2046;0;2046;;1177;;7.11.2025 00:00:00;"F";;7.11.2025 00:00:00;0;;0;;0;;0;;0;;0;;;1;0;0;0;0;1;0;0;1;0
981;2801;0;2801;;1178;;7.11.2025 00:00:00;"F";;7.11.2025 00:00:00;0;;0;;0;;0;;0;;0;;;1;0;0;0;0;1;0;0;1;0
982;1176;0;1176;;1179;;7.11.2025 00:00:00;"F";;7.11.2025 00:00:00;0;;0;;0;;0;;0;;0;;;1;0;0;0;0;1;0;0;1;0
983;2802;0;2802;;1180;;7.11.2025 00:00:00;"F";;7.11.2025 00:00:00;0;;0;;0;;0;;0;;0;;;1;0;0;0;0;1;0;0;1;0
984;3851;0;3851;;1181;;7.11.2025 00:00:00;"F";;7.11.2025 00:00:00;0;;0;;0;;0;;0;;0;;;1;0;0;0;0;1;0;0;1;0
985;3848;0;3848;;1182;;7.11.2025 00:00:00;"F";;7.11.2025 00:00:00;0;;0;;0;;0;;0;;0;;;1;0;0;0;0;1;0;0;1;0
986;2054;0;2054;;1183;;7.11.2025 00:00:00;"F";;7.11.2025 00:00:00;0;;0;;0;;0;;0;;0;;;1;0;0;0;0;1;0;0;1;0
987;1190;0;1190;;1184;;7.11.2025 00:00:00;"F";;7.11.2025 00:00:00;0;;0;;0;;0;;0;;0;;;1;0;0;0;0;1;0;0;1;0
988;1707;0;1707;;1185;;7.11.2025 00:00:00;"F";;7.11.2025 00:00:00;0;;0;;0;;0;;0;;0;;;1;0;0;0;0;1;0;0;1;0
989;2800;0;2800;;1186;;7.11.2025 00:00:00;"F";;7.11.2025 00:00:00;0;;0;;0;;0;;0;;0;;;1;0;0;0;0;1;0;0;1;0
990;2805;0;2805;;1187;;7.11.2025 00:00:00;"F";;7.11.2025 00:00:00;0;;0;;0;;0;;0;;0;;;1;0;0;0;0;1;0;0;1;0
991;2803;0;2803;;1188;;7.11.2025 00:00:00;"F";;7.11.2025 00:00:00;0;;0;;0;;0;;0;;0;;;1;0;0;0;0;1;0;0;1;0
992;2020;0;2020;;1189;;7.11.2025 00:00:00;"F";;7.11.2025 00:00:00;0;;0;;0;;0;;0;;0;;;1;0;0;0;0;1;0;0;1;0
993;1165;0;1165;;1190;;7.11.2025 00:00:00;"F";;7.11.2025 00:00:00;0;;0;;0;;0;;0;;0;;;1;0;0;0;0;1;0;0;1;0
994;2796;0;2796;;1191;;7.11.2025 00:00:00;"F";;7.11.2025 00:00:00;0;;0;;0;;0;;0;;0;;;1;0;0;0;0;1;0;0;1;0
995;2017;0;2017;;1192;;7.11.2025 00:00:00;"F";;7.11.2025 00:00:00;0;;0;;0;;0;;0;;0;;;1;0;0;0;0;1;0;0;1;0
996;2643;0;2643;;1193;;7.11.2025 00:00:00;"F";;7.11.2025 00:00:00;0;;0;;0;;0;;0;;0;;;1;0;0;0;0;1;0;0;1;0
997;1188;0;1188;;1194;;7.11.2025 00:00:00;"F";;7.11.2025 00:00:00;0;;0;;0;;0;;0;;0;;;1;0;0;0;0;1;0;0;1;0
998;4099;0;4099;;1195;;7.11.2025 00:00:00;"F";;7.11.2025 00:00:00;0;;0;;0;;0;;0;;0;;;1;0;0;0;0;1;0;0;1;0
999;2804;0;2804;;1196;;7.11.2025 00:00:00;"F";;7.11.2025 00:00:00;0;;0;;0;;0;;0;;0;;;1;0;0;0;0;1;0;0;1;0
1000;3861;0;3861;;1197;;7.11.2025 00:00:00;"F";;7.11.2025 00:00:00;0;;0;;0;;0;;0;;0;;;1;0;0;0;0;1;0;0;1;0
1001;2645;0;2645;;1198;;7.11.2025 00:00:00;"F";;7.11.2025 00:00:00;0;;0;;0;;0;;0;;0;;;1;0;0;0;0;1;0;0;1;0
1002;3850;0;3850;;1199;;7.11.2025 00:00:00;"F";;7.11.2025 00:00:00;0;;0;;0;;0;;0;;0;;;1;0;0;0;0;1;0;0;1;0
1003;3849;0;3849;;1200;;7.11.2025 00:00:00;"F";;7.11.2025 00:00:00;0;;0;;0;;0;;0;;0;;;1;0;0;0;0;1;0;0;1;0
1004;3855;0;3855;;1201;;7.11.2025 00:00:00;"F";;7.11.2025 00:00:00;0;;0;;0;;0;;0;;0;;;1;0;0;0;0;1;0;0;1;0
1005;3854;0;3854;;1202;;7.11.2025 00:00:00;"F";;7.11.2025 00:00:00;0;;0;;0;;0;;0;;0;;;1;0;0;0;0;1;0;0;1;0
1006;1164;0;1164;;1203;;7.11.2025 00:00:00;"F";;7.11.2025 00:00:00;0;;0;;0;;0;;0;;0;;;1;0;0;0;0;1;0;0;1;0
1007;2052;0;2052;;1204;;7.11.2025 00:00:00;"F";;7.11.2025 00:00:00;0;;0;;0;;0;;0;;0;;;1;0;0;0;0;1;0;0;1;0
1008;3856;0;3856;;1205;;7.11.2025 00:00:00;"F";;7.11.2025 00:00:00;0;;0;;0;;0;;0;;0;;;1;0;0;0;0;1;0;0;1;0
1009;3847;0;3847;;1206;;7.11.2025 00:00:00;"F";;7.11.2025 00:00:00;0;;0;;0;;0;;0;;0;;;1;0;0;0;0;1;0;0;1;0
1010;2798;0;2798;;1207;;7.11.2025 00:00:00;"F";;7.11.2025 00:00:00;0;;0;;0;;0;;0;;0;;;1;0;0;0;0;1;0;0;1;0
1011;3853;0;3853;;1208;;7.11.2025 00:00:00;"F";;7.11.2025 00:00:00;0;;0;;0;;0;;0;;0;;;1;0;0;0;0;1;0;0;1;0
1012;2799;0;2799;;1209;;7.11.2025 00:00:00;"F";;7.11.2025 00:00:00;0;;0;;0;;0;;0;;0;;;1;0;0;0;0;1;0;0;1;0
1013;3775;0;3775;;1210;;7.11.2025 00:00:00;"F";;7.11.2025 00:00:00;0;;0;;0;;0;;0;;0;;;1;0;0;0;0;1;0;0;1;0
1014;3766;0;3766;;1211;;7.11.2025 00:00:00;"F";;7.11.2025 00:00:00;0;;0;;0;;0;;0;;0;;;1;0;0;0;0;1;0;0;1;0
1015;3767;0;3767;;1212;;7.11.2025 00:00:00;"F";;7.11.2025 00:00:00;0;;0;;0;;0;;0;;0;;;1;0;0;0;0;1;0;0;1;0
1016;3762;0;3762;;1213;;7.11.2025 00:00:00;"F";;7.11.2025 00:00:00;0;;0;;0;;0;;0;;0;;;1;0;0;0;0;1;0;0;1;0
1017;1126;0;1126;;1214;;7.11.2025 00:00:00;"F";;7.11.2025 00:00:00;0;;0;;0;;0;;0;;0;;;1;0;0;0;0;1;0;0;1;0
1018;3770;0;3770;;1215;;7.11.2025 00:00:00;"F";;7.11.2025 00:00:00;0;;0;;0;;0;;0;;0;;;1;0;0;0;0;1;0;0;1;0
1019;3774;0;3774;;1216;;7.11.2025 00:00:00;"F";;7.11.2025 00:00:00;0;;0;;0;;0;;0;;0;;;1;0;0;0;0;1;0;0;1;0
1020;3763;0;3763;;1217;;7.11.2025 00:00:00;"F";;7.11.2025 00:00:00;0;;0;;0;;0;;0;;0;;;1;0;0;0;0;1;0;0;1;0
1021;3493;0;3493;;1218;;7.11.2025 00:00:00;"F";;7.11.2025 00:00:00;0;;0;;0;;0;;0;;0;;;1;0;0;0;0;1;0;0;1;0
1022;3764;0;3764;;1219;;7.11.2025 00:00:00;"F";;7.11.2025 00:00:00;0;;0;;0;;0;;0;;0;;;1;0;0;0;0;1;0;0;1;0
1023;3769;0;3769;;1220;;7.11.2025 00:00:00;"F";;7.11.2025 00:00:00;0;;0;;0;;0;;0;;0;;;1;0;0;0;0;1;0;0;1;0
1024;3765;0;3765;;1221;;7.11.2025 00:00:00;"F";;7.11.2025 00:00:00;0;;0;;0;;0;;0;;0;;;1;0;0;0;0;1;0;0;1;0
1025;3768;0;3768;;1222;;7.11.2025 00:00:00;"F";;7.11.2025 00:00:00;0;;0;;0;;0;;0;;0;;;1;0;0;0;0;1;0;0;1;0
1026;2828;0;2828;;1223;;7.11.2025 00:00:00;"F";;7.11.2025 00:00:00;0;;0;;0;;0;;0;;0;;;1;0;0;0;0;1;0;0;1;0
1027;3772;0;3772;;1224;;7.11.2025 00:00:00;"F";;7.11.2025 00:00:00;0;;0;;0;;0;;0;;0;;;1;0;0;0;0;1;0;0;1;0
1028;3773;0;3773;;1225;;7.11.2025 00:00:00;"F";;7.11.2025 00:00:00;0;;0;;0;;0;;0;;0;;;1;0;0;0;0;1;0;0;1;0
1029;3771;0;3771;;1226;;7.11.2025 00:00:00;"F";;7.11.2025 00:00:00;0;;0;;0;;0;;0;;0;;;1;0;0;0;0;1;0;0;1;0
1030;3776;0;3776;;1227;;7.11.2025 00:00:00;"F";;7.11.2025 00:00:00;0;;0;;0;;0;;0;;0;;;1;0;0;0;0;1;0;0;1;0
1031;558;0;558;;1228;;7.11.2025 00:00:00;"F";;7.11.2025 00:00:00;0;;0;;0;;0;;0;;0;;;1;0;0;0;0;1;0;0;1;0
1032;552;0;552;;1229;;7.11.2025 00:00:00;"F";;7.11.2025 00:00:00;0;;0;;0;;0;;0;;0;;;1;0;0;0;0;1;0;0;1;0
1033;3614;0;3614;;1230;;7.11.2025 00:00:00;"F";;7.11.2025 00:00:00;0;;0;;0;;0;;0;;0;;;1;0;0;0;0;1;0;0;1;0
1034;3497;0;3497;;1231;;7.11.2025 00:00:00;"F";;7.11.2025 00:00:00;0;;0;;0;;0;;0;;0;;;1;0;0;0;0;1;0;0;1;0
1035;3609;0;3609;;1232;;7.11.2025 00:00:00;"F";;7.11.2025 00:00:00;0;;0;;0;;0;;0;;0;;;1;0;0;0;0;1;0;0;1;0
1036;2703;0;2703;;1233;;7.11.2025 00:00:00;"F";;7.11.2025 00:00:00;0;;0;;0;;0;;0;;0;;;1;0;0;0;0;1;0;0;1;0
1037;3622;0;3622;;1234;;7.11.2025 00:00:00;"F";;7.11.2025 00:00:00;0;;0;;0;;0;;0;;0;;;1;0;0;0;0;1;0;0;1;0
1038;479;0;479;;1235;;7.11.2025 00:00:00;"F";;7.11.2025 00:00:00;0;;0;;0;;0;;0;;0;;;1;0;0;0;0;1;0;0;1;0
1039;2654;0;2654;;1236;;7.11.2025 00:00:00;"F";;7.11.2025 00:00:00;0;;0;;0;;0;;0;;0;;;1;0;0;0;0;1;0;0;1;0
1040;3625;0;3625;;1237;;7.11.2025 00:00:00;"F";;7.11.2025 00:00:00;0;;0;;0;;0;;0;;0;;;1;0;0;0;0;1;0;0;1;0
1041;3610;0;3610;;1238;;7.11.2025 00:00:00;"F";;7.11.2025 00:00:00;0;;0;;0;;0;;0;;0;;;1;0;0;0;0;1;0;0;1;0
1042;3616;0;3616;;1239;;7.11.2025 00:00:00;"F";;7.11.2025 00:00:00;0;;0;;0;;0;;0;;0;;;1;0;0;0;0;1;0;0;1;0
1043;3624;0;3624;;1240;;7.11.2025 00:00:00;"F";;7.11.2025 00:00:00;0;;0;;0;;0;;0;;0;;;1;0;0;0;0;1;0;0;1;0
1044;3613;0;3613;;1241;;7.11.2025 00:00:00;"F";;7.11.2025 00:00:00;0;;0;;0;;0;;0;;0;;;1;0;0;0;0;1;0;0;1;0
1045;1051;0;1051;;1242;;7.11.2025 00:00:00;"F";;7.11.2025 00:00:00;0;;0;;0;;0;;0;;0;;;1;0;0;0;0;1;0;0;1;0
1046;3621;0;3621;;1243;;7.11.2025 00:00:00;"F";;7.11.2025 00:00:00;0;;0;;0;;0;;0;;0;;;1;0;0;0;0;1;0;0;1;0
1047;1029;0;1029;;1244;;7.11.2025 00:00:00;"F";;7.11.2025 00:00:00;0;;0;;0;;0;;0;;0;;;1;0;0;0;0;1;0;0;1;0
1048;1991;0;1991;;1245;;7.11.2025 00:00:00;"F";;7.11.2025 00:00:00;0;;0;;0;;0;;0;;0;;;1;0;0;0;0;1;0;0;1;0
1049;3620;0;3620;;1246;;7.11.2025 00:00:00;"F";;7.11.2025 00:00:00;0;;0;;0;;0;;0;;0;;;1;0;0;0;0;1;0;0;1;0
1050;3618;0;3618;;1247;;7.11.2025 00:00:00;"F";;7.11.2025 00:00:00;0;;0;;0;;0;;0;;0;;;1;0;0;0;0;1;0;0;1;0
1051;4098;0;4098;;1248;;7.11.2025 00:00:00;"F";;7.11.2025 00:00:00;0;;0;;0;;0;;0;;0;;;1;0;0;0;0;1;0;0;1;0
1052;3611;0;3611;;1249;;7.11.2025 00:00:00;"F";;7.11.2025 00:00:00;0;;0;;0;;0;;0;;0;;;1;0;0;0;0;1;0;0;1;0
1053;3619;0;3619;;1250;;7.11.2025 00:00:00;"F";;7.11.2025 00:00:00;0;;0;;0;;0;;0;;0;;;1;0;0;0;0;1;0;0;1;0
1054;3617;0;3617;;1251;;7.11.2025 00:00:00;"F";;7.11.2025 00:00:00;0;;0;;0;;0;;0;;0;;;1;0;0;0;0;1;0;0;1;0
1055;807;0;807;;1252;;7.11.2025 00:00:00;"F";;7.11.2025 00:00:00;0;;0;;0;;0;;0;;0;;;1;0;0;0;0;1;0;0;1;0
1056;3499;0;3499;;1253;;7.11.2025 00:00:00;"F";;7.11.2025 00:00:00;0;;0;;0;;0;;0;;0;;;1;0;0;0;0;1;0;0;1;0
1057;3491;0;3491;;1254;;7.11.2025 00:00:00;"F";;7.11.2025 00:00:00;0;;0;;0;;0;;0;;0;;;1;0;0;0;0;1;0;0;1;0
1058;3612;0;3612;;1255;;7.11.2025 00:00:00;"F";;7.11.2025 00:00:00;0;;0;;0;;0;;0;;0;;;1;0;0;0;0;1;0;0;1;0
1059;2653;0;2653;;1256;;7.11.2025 00:00:00;"F";;7.11.2025 00:00:00;0;;0;;0;;0;;0;;0;;;1;0;0;0;0;1;0;0;1;0
1060;3615;0;3615;;1257;;7.11.2025 00:00:00;"F";;7.11.2025 00:00:00;0;;0;;0;;0;;0;;0;;;1;0;0;0;0;1;0;0;1;0
1061;2650;0;2650;;1258;;7.11.2025 00:00:00;"F";;7.11.2025 00:00:00;0;;0;;0;;0;;0;;0;;;1;0;0;0;0;1;0;0;1;0
1062;1898;0;1898;;1259;;7.5.2025 00:00:00;"F";;7.5.2025 00:00:00;0;;0;;0;;0;;0;;0;;;1;0;0;0;0;1;0;0;1;0
1063;1891;0;1891;;1260;;7.5.2025 00:00:00;"F";;7.5.2025 00:00:00;0;;0;;0;;0;;0;;0;;;1;0;0;0;0;1;0;0;1;0
1064;871;0;871;;1261;;7.5.2025 00:00:00;"F";;7.5.2025 00:00:00;0;;0;;0;;0;;0;;0;;;1;0;0;0;0;1;0;0;1;0
1065;3977;0;3977;;1262;;7.5.2025 00:00:00;"F";;7.5.2025 00:00:00;0;;0;;0;;0;;0;;0;;;1;0;0;0;0;1;0;0;1;0
1066;1895;0;1895;;1263;;7.5.2025 00:00:00;"F";;7.5.2025 00:00:00;0;;0;;0;;0;;0;;0;;;1;0;0;0;0;1;0;0;1;0
1067;1892;0;1892;;1264;;7.5.2025 00:00:00;"F";;7.5.2025 00:00:00;0;;0;;0;;0;;0;;0;;;1;0;0;0;0;1;0;0;1;0
1068;847;0;847;;1265;;7.5.2025 00:00:00;"F";;7.5.2025 00:00:00;0;;0;;0;;0;;0;;0;;;1;0;0;0;0;1;0;0;1;0
1069;797;0;797;;1266;;7.5.2025 00:00:00;"F";;7.5.2025 00:00:00;0;;0;;0;;0;;0;;0;;;1;0;0;0;0;1;0;0;1;0
1070;3918;0;3918;;1267;;7.5.2025 00:00:00;"F";;7.5.2025 00:00:00;0;;0;;0;;0;;0;;0;;;1;0;0;0;0;1;0;0;1;0
1071;3916;0;3916;;1268;;7.5.2025 00:00:00;"F";;7.5.2025 00:00:00;0;;0;;0;;0;;0;;0;;;1;0;0;0;0;1;0;0;1;0
1072;2219;0;2219;;1269;;7.5.2025 00:00:00;"F";;7.5.2025 00:00:00;0;;0;;0;;0;;0;;0;;;1;0;0;0;0;1;0;0;1;0
1073;2220;0;2220;;1270;;7.5.2025 00:00:00;"F";;7.5.2025 00:00:00;0;;0;;0;;0;;0;;0;;;1;0;0;0;0;1;0;0;1;0
1074;2223;0;2223;;1271;;7.5.2025 00:00:00;"F";;7.5.2025 00:00:00;0;;0;;0;;0;;0;;0;;;1;0;0;0;0;1;0;0;1;0
1075;2225;0;2225;;1272;;7.5.2025 00:00:00;"F";;7.5.2025 00:00:00;0;;0;;0;;0;;0;;0;;;1;0;0;0;0;1;0;0;1;0
1076;2222;0;2222;;1273;;7.5.2025 00:00:00;"F";;7.5.2025 00:00:00;0;;0;;0;;0;;0;;0;;;1;0;0;0;0;1;0;0;1;0
1077;2221;0;2221;;1274;;7.5.2025 00:00:00;"F";;7.5.2025 00:00:00;0;;0;;0;;0;;0;;0;;;1;0;0;0;0;1;0;0;1;0
1078;2224;0;2224;;1275;;7.5.2025 00:00:00;"F";;7.5.2025 00:00:00;0;;0;;0;;0;;0;;0;;;1;0;0;0;0;1;0;0;1;0
1079;2218;0;2218;;1276;;7.5.2025 00:00:00;"F";;7.5.2025 00:00:00;0;;0;;0;;0;;0;;0;;;1;0;0;0;0;1;0;0;1;0
1080;1838;0;1838;;1277;;7.4.2025 00:00:00;"F";;7.4.2025 00:00:00;0;;0;;0;;0;;0;;0;;;1;0;0;0;0;1;0;0;1;0
1081;1839;0;1839;;1278;;7.4.2025 00:00:00;"F";;7.4.2025 00:00:00;0;;0;;0;;0;;0;;0;;;1;0;0;0;0;1;0;0;1;0
1082;1840;0;1840;;1279;;7.4.2025 00:00:00;"F";;7.4.2025 00:00:00;0;;0;;0;;0;;0;;0;;;1;0;0;0;0;1;0;0;1;0
1083;1834;0;1834;;1280;;7.4.2025 00:00:00;"F";;7.4.2025 00:00:00;0;;0;;0;;0;;0;;0;;;1;0;0;0;0;1;0;0;1;0
1084;1831;0;1831;;1281;;7.4.2025 00:00:00;"F";;7.4.2025 00:00:00;0;;0;;0;;0;;0;;0;;;1;0;0;0;0;1;0;0;1;0
1085;1843;0;1843;;1282;;7.4.2025 00:00:00;"F";;7.4.2025 00:00:00;0;;0;;0;;0;;0;;0;;;1;0;0;0;0;1;0;0;1;0
1086;1830;0;1830;;1283;;7.4.2025 00:00:00;"F";;7.4.2025 00:00:00;0;;0;;0;;0;;0;;0;;;1;0;0;0;0;1;0;0;1;0
1087;1842;0;1842;;1284;;7.4.2025 00:00:00;"F";;7.4.2025 00:00:00;0;;0;;0;;0;;0;;0;;;1;0;0;0;0;1;0;0;1;0
1088;1833;0;1833;;1285;;7.4.2025 00:00:00;"F";;7.4.2025 00:00:00;0;;0;;0;;0;;0;;0;;;1;0;0;0;0;1;0;0;1;0
1089;1848;0;1848;;1286;;7.4.2025 00:00:00;"F";;7.4.2025 00:00:00;0;;0;;0;;0;;0;;0;;;1;0;0;0;0;1;0;0;1;0
1090;1841;0;1841;;1287;;7.4.2025 00:00:00;"F";;7.4.2025 00:00:00;0;;0;;0;;0;;0;;0;;;1;0;0;0;0;1;0;0;1;0
1091;1829;0;1829;;1288;;7.4.2025 00:00:00;"F";;7.4.2025 00:00:00;0;;0;;0;;0;;0;;0;;;1;0;0;0;0;1;0;0;1;0
1092;1152;0;1152;;1289;;7.4.2025 00:00:00;"F";;7.4.2025 00:00:00;0;;0;;0;;0;;0;;0;;;1;0;0;0;0;1;0;0;1;0
1093;1828;0;1828;;1290;;7.4.2025 00:00:00;"F";;7.4.2025 00:00:00;0;;0;;0;;0;;0;;0;;;1;0;0;0;0;1;0;0;1;0
1094;1847;0;1847;;1291;;7.4.2025 00:00:00;"F";;7.4.2025 00:00:00;0;;0;;0;;0;;0;;0;;;1;0;0;0;0;1;0;0;1;0
1095;1846;0;1846;;1292;;7.4.2025 00:00:00;"F";;7.4.2025 00:00:00;0;;0;;0;;0;;0;;0;;;1;0;0;0;0;1;0;0;1;0
1096;1836;0;1836;;1293;;7.4.2025 00:00:00;"F";;7.4.2025 00:00:00;0;;0;;0;;0;;0;;0;;;1;0;0;0;0;1;0;0;1;0
1097;1837;0;1837;;1294;;7.4.2025 00:00:00;"F";;7.4.2025 00:00:00;0;;0;;0;;0;;0;;0;;;1;0;0;0;0;1;0;0;1;0
1098;1845;0;1845;;1295;;7.4.2025 00:00:00;"F";;7.4.2025 00:00:00;0;;0;;0;;0;;0;;0;;;1;0;0;0;0;1;0;0;1;0
1099;1844;0;1844;;1296;;7.4.2025 00:00:00;"F";;7.4.2025 00:00:00;0;;0;;0;;0;;0;;0;;;1;0;0;0;0;1;0;0;1;0
1100;1832;0;1832;;1297;;7.4.2025 00:00:00;"F";;7.4.2025 00:00:00;0;;0;;0;;0;;0;;0;;;1;0;0;0;0;1;0;0;1;0
1101;2002;0;2002;;1298;;4.12.2025 00:00:00;"F";;4.12.2025 00:00:00;0;;0;;0;;0;;0;;0;;;1;0;0;0;0;1;0;0;1;0
1102;4100;0;4100;;1299;;4.12.2025 00:00:00;"F";;4.12.2025 00:00:00;0;;0;;0;;0;;0;;0;;;1;0;0;0;0;1;0;0;1;0
1103;4077;0;4077;;1300;;4.12.2025 00:00:00;"F";;4.12.2025 00:00:00;0;;0;;0;;0;;0;;0;;;1;0;0;0;0;1;0;0;1;0
1104;495;0;495;;1301;;4.12.2025 00:00:00;"F";;4.12.2025 00:00:00;0;;0;;0;;0;;0;;0;;;1;0;0;0;0;1;0;0;1;0
1105;4075;0;4075;;1302;;4.12.2025 00:00:00;"F";;4.12.2025 00:00:00;0;;0;;0;;0;;0;;0;;;1;0;0;0;0;1;0;0;1;0
1106;4073;0;4073;;1303;;4.12.2025 00:00:00;"F";;4.12.2025 00:00:00;0;;0;;0;;0;;0;;0;;;1;0;0;0;0;1;0;0;1;0
1107;1057;0;1057;;1304;;4.12.2025 00:00:00;"F";;4.12.2025 00:00:00;0;;0;;0;;0;;0;;0;;;1;0;0;0;0;1;0;0;1;0
1108;1056;0;1056;;1305;;4.12.2025 00:00:00;"F";;4.12.2025 00:00:00;0;;0;;0;;0;;0;;0;;;1;0;0;0;0;1;0;0;1;0
1109;4071;0;4071;;1306;;4.12.2025 00:00:00;"F";;4.12.2025 00:00:00;0;;0;;0;;0;;0;;0;;;1;0;0;0;0;1;0;0;1;0
1110;4078;0;4078;;1307;;4.12.2025 00:00:00;"F";;4.12.2025 00:00:00;0;;0;;0;;0;;0;;0;;;1;0;0;0;0;1;0;0;1;0
1111;4074;0;4074;;1308;;4.12.2025 00:00:00;"F";;4.12.2025 00:00:00;0;;0;;0;;0;;0;;0;;;1;0;0;0;0;1;0;0;1;0
1112;4070;0;4070;;1309;;4.12.2025 00:00:00;"F";;4.12.2025 00:00:00;0;;0;;0;;0;;0;;0;;;1;0;0;0;0;1;0;0;1;0
1113;4072;0;4072;;1310;;4.12.2025 00:00:00;"F";;4.12.2025 00:00:00;0;;0;;0;;0;;0;;0;;;1;0;0;0;0;1;0;0;1;0
1114;4076;0;4076;;1311;;4.12.2025 00:00:00;"F";;4.12.2025 00:00:00;0;;0;;0;;0;;0;;0;;;1;0;0;0;0;1;0;0;1;0
1115;788;0;788;;1312;;4.9.2025 00:00:00;"F";;4.9.2025 00:00:00;0;;0;;0;;0;;0;;0;;;1;0;0;0;0;1;0;0;1;0
1116;1145;0;1145;;1313;;4.9.2025 00:00:00;"F";;4.9.2025 00:00:00;0;;0;;0;;0;;0;;0;;;1;0;0;0;0;1;0;0;1;0
1117;3947;0;3947;;1314;;4.9.2025 00:00:00;"F";;4.9.2025 00:00:00;0;;0;;0;;0;;0;;0;;;1;0;0;0;0;1;0;0;1;0
1118;2694;0;2694;;1315;;4.9.2025 00:00:00;"F";;4.9.2025 00:00:00;0;;0;;0;;0;;0;;0;;;1;0;0;0;0;1;0;0;1;0
1119;3945;0;3945;;1316;;4.9.2025 00:00:00;"F";;4.9.2025 00:00:00;0;;0;;0;;0;;0;;0;;;1;0;0;0;0;1;0;0;1;0
1120;2670;0;2670;;1317;;4.9.2025 00:00:00;"F";;4.9.2025 00:00:00;0;;0;;0;;0;;0;;0;;;1;0;0;0;0;1;0;0;1;0
1121;3943;0;3943;;1318;;4.9.2025 00:00:00;"F";;4.9.2025 00:00:00;0;;0;;0;;0;;0;;0;;;1;0;0;0;0;1;0;0;1;0
1122;3950;0;3950;;1319;;4.9.2025 00:00:00;"F";;4.9.2025 00:00:00;0;;0;;0;;0;;0;;0;;;1;0;0;0;0;1;0;0;1;0
1123;3941;0;3941;;1320;;4.9.2025 00:00:00;"F";;4.9.2025 00:00:00;0;;0;;0;;0;;0;;0;;;1;0;0;0;0;1;0;0;1;0
1124;3944;0;3944;;1321;;4.9.2025 00:00:00;"F";;4.9.2025 00:00:00;0;;0;;0;;0;;0;;0;;;1;0;0;0;0;1;0;0;1;0
1125;3952;0;3952;;1322;;4.9.2025 00:00:00;"F";;4.9.2025 00:00:00;0;;0;;0;;0;;0;;0;;;1;0;0;0;0;1;0;0;1;0
1126;2816;0;2816;;1323;;4.9.2025 00:00:00;"F";;4.9.2025 00:00:00;0;;0;;0;;0;;0;;0;;;1;0;0;0;0;1;0;0;1;0
1127;3953;0;3953;;1324;;4.9.2025 00:00:00;"F";;4.9.2025 00:00:00;0;;0;;0;;0;;0;;0;;;1;0;0;0;0;1;0;0;1;0
1128;3949;0;3949;;1325;;4.9.2025 00:00:00;"F";;4.9.2025 00:00:00;0;;0;;0;;0;;0;;0;;;1;0;0;0;0;1;0;0;1;0
1129;1131;0;1131;;1326;;4.9.2025 00:00:00;"F";;4.9.2025 00:00:00;0;;0;;0;;0;;0;;0;;;1;0;0;0;0;1;0;0;1;0
1130;3948;0;3948;;1327;;4.9.2025 00:00:00;"F";;4.9.2025 00:00:00;0;;0;;0;;0;;0;;0;;;1;0;0;0;0;1;0;0;1;0
1131;2658;0;2658;;1328;;4.9.2025 00:00:00;"F";;4.9.2025 00:00:00;0;;0;;0;;0;;0;;0;;;1;0;0;0;0;1;0;0;1;0
1132;3946;0;3946;;1329;;4.9.2025 00:00:00;"F";;4.9.2025 00:00:00;0;;0;;0;;0;;0;;0;;;1;0;0;0;0;1;0;0;1;0
1133;2822;0;2822;;1330;;4.9.2025 00:00:00;"F";;4.9.2025 00:00:00;0;;0;;0;;0;;0;;0;;;1;0;0;0;0;1;0;0;1;0
1134;3942;0;3942;;1331;;4.9.2025 00:00:00;"F";;4.9.2025 00:00:00;0;;0;;0;;0;;0;;0;;;1;0;0;0;0;1;0;0;1;0
1135;1137;0;1137;;1332;;4.9.2025 00:00:00;"F";;4.9.2025 00:00:00;0;;0;;0;;0;;0;;0;;;1;0;0;0;0;1;0;0;1;0
1136;4081;0;4081;;1334;;3.12.2025 00:00:00;"F";;3.12.2025 00:00:00;0;;0;;0;;0;;0;;0;;;1;0;0;0;0;1;0;0;1;0
1138;4079;0;4079;;1336;;3.12.2025 00:00:00;"F";;3.12.2025 00:00:00;0;;0;;0;;0;;0;;0;;;1;0;0;0;0;1;0;0;1;0
1140;4080;0;4080;;1338;;3.12.2025 00:00:00;"F";;3.12.2025 00:00:00;0;;0;;0;;0;;0;;0;;;1;0;0;0;0;1;0;0;1;0
1142;4089;0;4089;;1339;;3.12.2025 00:00:00;"F";;3.12.2025 00:00:00;0;;0;;0;;0;;0;;0;;;1;0;0;0;0;1;0;0;1;0
1143;431;0;431;;1340;;3.12.2025 00:00:00;"F";;3.12.2025 00:00:00;0;;0;;0;;0;;0;;0;;;1;0;0;0;0;1;0;0;1;0
1144;4091;0;4091;;1341;;3.12.2025 00:00:00;"F";;3.12.2025 00:00:00;0;;0;;0;;0;;0;;0;;;1;0;0;0;0;1;0;0;1;0
1145;4082;0;4082;;1342;;3.12.2025 00:00:00;"F";;3.12.2025 00:00:00;0;;0;;0;;0;;0;;0;;;1;0;0;0;0;1;0;0;1;0
1146;4092;0;4092;;1343;;3.12.2025 00:00:00;"F";;3.12.2025 00:00:00;0;;0;;0;;0;;0;;0;;;1;0;0;0;0;1;0;0;1;0
1147;429;0;429;;1344;;3.12.2025 00:00:00;"F";;3.12.2025 00:00:00;0;;0;;0;;0;;0;;0;;;1;0;0;0;0;1;0;0;1;0
1148;425;0;425;;1345;;3.12.2025 00:00:00;"F";;3.12.2025 00:00:00;0;;0;;0;;0;;0;;0;;;1;0;0;0;0;1;0;0;1;0
1149;424;0;424;;1346;;3.12.2025 00:00:00;"F";;3.12.2025 00:00:00;0;;0;;0;;0;;0;;0;;;1;0;0;0;0;1;0;0;1;0
1150;1109;0;1109;;1347;;3.12.2025 00:00:00;"F";;3.12.2025 00:00:00;0;;0;;0;;0;;0;;0;;;1;0;0;0;0;1;0;0;1;0
1151;2672;0;2672;;1348;;3.12.2025 00:00:00;"F";;3.12.2025 00:00:00;0;;0;;0;;0;;0;;0;;;1;0;0;0;0;1;0;0;1;0
1152;4083;0;4083;;1349;;3.12.2025 00:00:00;"F";;3.12.2025 00:00:00;0;;0;;0;;0;;0;;0;;;1;0;0;0;0;1;0;0;1;0
1153;4090;0;4090;;1350;;3.12.2025 00:00:00;"F";;3.12.2025 00:00:00;0;;0;;0;;0;;0;;0;;;1;0;0;0;0;1;0;0;1;0
1154;4088;0;4088;;1351;;3.12.2025 00:00:00;"F";;3.12.2025 00:00:00;0;;0;;0;;0;;0;;0;;;1;0;0;0;0;1;0;0;1;0
1155;4084;0;4084;;1352;;3.12.2025 00:00:00;"F";;3.12.2025 00:00:00;0;;0;;0;;0;;0;;0;;;1;0;0;0;0;1;0;0;1;0
1156;4087;0;4087;;1353;;3.12.2025 00:00:00;"F";;3.12.2025 00:00:00;0;;0;;0;;0;;0;;0;;;1;0;0;0;0;1;0;0;1;0
1157;427;0;427;;1354;;3.12.2025 00:00:00;"F";;3.12.2025 00:00:00;0;;0;;0;;0;;0;;0;;;1;0;0;0;0;1;0;0;1;0
1158;432;0;432;;1355;;3.12.2025 00:00:00;"F";;3.12.2025 00:00:00;0;;0;;0;;0;;0;;0;;;1;0;0;0;0;1;0;0;1;0
1159;2388;0;2388;;1356;;3.12.2025 00:00:00;"F";;3.12.2025 00:00:00;0;;0;;0;;0;;0;;0;;;1;0;0;0;0;1;0;0;1;0
1160;4093;0;4093;;1357;;3.12.2025 00:00:00;"F";;3.12.2025 00:00:00;0;;0;;0;;0;;0;;0;;;1;0;0;0;0;1;0;0;1;0
1161;2655;0;2655;;1358;;3.12.2025 00:00:00;"F";;3.12.2025 00:00:00;0;;0;;0;;0;;0;;0;;;1;0;0;0;0;1;0;0;1;0
1162;426;0;426;;1359;;3.12.2025 00:00:00;"F";;3.12.2025 00:00:00;0;;0;;0;;0;;0;;0;;;1;0;0;0;0;1;0;0;1;0
1163;4094;0;4094;;1360;;3.12.2025 00:00:00;"F";;3.12.2025 00:00:00;0;;0;;0;;0;;0;;0;;;1;0;0;0;0;1;0;0;1;0
1164;4086;0;4086;;1361;;3.12.2025 00:00:00;"F";;3.12.2025 00:00:00;0;;0;;0;;0;;0;;0;;;1;0;0;0;0;1;0;0;1;0
1165;4085;0;4085;;1362;;3.12.2025 00:00:00;"F";;3.12.2025 00:00:00;0;;0;;0;;0;;0;;0;;;1;0;0;0;0;1;0;0;1;0
1166;2464;0;2464;;1363;;3.12.2025 00:00:00;"F";;3.12.2025 00:00:00;0;;0;;0;;0;;0;;0;;;1;0;0;0;0;1;0;0;1;0
1167;428;0;428;;1364;;3.12.2025 00:00:00;"F";;3.12.2025 00:00:00;0;;0;;0;;0;;0;;0;;;1;0;0;0;0;1;0;0;1;0
1168;4049;0;4049;;1365;;3.12.2025 00:00:00;"F";;3.12.2025 00:00:00;0;;0;;0;;0;;0;;0;;;1;0;0;0;0;1;0;0;1;0
1169;4050;0;4050;;1366;;3.12.2025 00:00:00;"F";;3.12.2025 00:00:00;0;;0;;0;;0;;0;;0;;;1;0;0;0;0;1;0;0;1;0
1170;4051;0;4051;;1367;;3.12.2025 00:00:00;"F";;3.12.2025 00:00:00;0;;0;;0;;0;;0;;0;;;1;0;0;0;0;1;0;0;1;0
1171;4048;0;4048;;1368;;3.12.2025 00:00:00;"F";;3.12.2025 00:00:00;0;;0;;0;;0;;0;;0;;;1;0;0;0;0;1;0;0;1;0
1172;479;0;479;;1369;;29.8.2024 00:00:00;"F";;29.8.2024 00:00:00;0;;0;;0;;0;;0;;0;;;1;0;0;0;0;1;0;0;1;0
1173;1045;0;1045;;1370;;29.8.2024 00:00:00;"F";;29.8.2024 00:00:00;0;;0;;0;;0;;0;;0;;;1;0;0;0;0;1;0;0;1;0
1174;1030;0;1030;;1371;;29.8.2024 00:00:00;"F";;29.8.2024 00:00:00;0;;0;;0;;0;;0;;0;;;1;0;0;0;0;1;0;0;1;0
1175;1032;0;1032;;1372;;29.8.2024 00:00:00;"F";;29.8.2024 00:00:00;0;;0;;0;;0;;0;;0;;;1;0;0;0;0;1;0;0;1;0
1176;1028;0;1028;;1373;;29.8.2024 00:00:00;"F";;29.8.2024 00:00:00;0;;0;;0;;0;;0;;0;;;1;0;0;0;0;1;0;0;1;0
1177;1019;0;1019;;1374;;29.8.2024 00:00:00;"F";;29.8.2024 00:00:00;0;;0;;0;;0;;0;;0;;;1;0;0;0;0;1;0;0;1;0
1178;1025;0;1025;;1375;;29.8.2024 00:00:00;"F";;29.8.2024 00:00:00;0;;0;;0;;0;;0;;0;;;1;0;0;0;0;1;0;0;1;0
1179;1012;0;1012;;1376;;29.8.2024 00:00:00;"F";;29.8.2024 00:00:00;0;;0;;0;;0;;0;;0;;;1;0;0;0;0;1;0;0;1;0
1180;1046;0;1046;;1377;;29.8.2024 00:00:00;"F";;29.8.2024 00:00:00;0;;0;;0;;0;;0;;0;;;1;0;0;0;0;1;0;0;1;0
1181;1014;0;1014;;1378;;29.8.2024 00:00:00;"F";;29.8.2024 00:00:00;0;;0;;0;;0;;0;;0;;;1;0;0;0;0;1;0;0;1;0
1182;482;0;482;;1379;;29.8.2024 00:00:00;"F";;29.8.2024 00:00:00;0;;0;;0;;0;;0;;0;;;1;0;0;0;0;1;0;0;1;0
1183;1051;0;1051;;1380;;29.8.2024 00:00:00;"F";;29.8.2024 00:00:00;0;;0;;0;;0;;0;;0;;;1;0;0;0;0;1;0;0;1;0
1184;1010;0;1010;;1381;;29.8.2024 00:00:00;"F";;29.8.2024 00:00:00;0;;0;;0;;0;;0;;0;;;1;0;0;0;0;1;0;0;1;0
1185;1055;0;1055;;1382;;29.8.2024 00:00:00;"F";;29.8.2024 00:00:00;0;;0;;0;;0;;0;;0;;;1;0;0;0;0;1;0;0;1;0
1186;1013;0;1013;;1383;;29.8.2024 00:00:00;"F";;29.8.2024 00:00:00;0;;0;;0;;0;;0;;0;;;1;0;0;0;0;1;0;0;1;0
1187;1034;0;1034;;1384;;29.8.2024 00:00:00;"F";;29.8.2024 00:00:00;0;;0;;0;;0;;0;;0;;;1;0;0;0;0;1;0;0;1;0
1188;1011;0;1011;;1385;;29.8.2024 00:00:00;"F";;29.8.2024 00:00:00;0;;0;;0;;0;;0;;0;;;1;0;0;0;0;1;0;0;1;0
1189;1039;0;1039;;1386;;29.8.2024 00:00:00;"F";;29.8.2024 00:00:00;0;;0;;0;;0;;0;;0;;;1;0;0;0;0;1;0;0;1;0
1190;1052;0;1052;;1387;;29.8.2024 00:00:00;"F";;29.8.2024 00:00:00;0;;0;;0;;0;;0;;0;;;1;0;0;0;0;1;0;0;1;0
1191;1054;0;1054;;1388;;29.8.2024 00:00:00;"F";;29.8.2024 00:00:00;0;;0;;0;;0;;0;;0;;;1;0;0;0;0;1;0;0;1;0
1192;1029;0;1029;;1389;;29.8.2024 00:00:00;"F";;29.8.2024 00:00:00;0;;0;;0;;0;;0;;0;;;1;0;0;0;0;1;0;0;1;0
1193;1043;0;1043;;1390;;29.8.2024 00:00:00;"F";;29.8.2024 00:00:00;0;;0;;0;;0;;0;;0;;;1;0;0;0;0;1;0;0;1;0
1194;491;0;491;;1391;;29.8.2024 00:00:00;"F";;29.8.2024 00:00:00;0;;0;;0;;0;;0;;0;;;1;0;0;0;0;1;0;0;1;0
1195;1017;0;1017;;1392;;29.8.2024 00:00:00;"F";;29.8.2024 00:00:00;0;;0;;0;;0;;0;;0;;;1;0;0;0;0;1;0;0;1;0
1196;1042;0;1042;;1393;;29.8.2024 00:00:00;"F";;29.8.2024 00:00:00;0;;0;;0;;0;;0;;0;;;1;0;0;0;0;1;0;0;1;0
1197;1027;0;1027;;1394;;29.8.2024 00:00:00;"F";;29.8.2024 00:00:00;0;;0;;0;;0;;0;;0;;;1;0;0;0;0;1;0;0;1;0
1198;1037;0;1037;;1395;;29.8.2024 00:00:00;"F";;29.8.2024 00:00:00;0;;0;;0;;0;;0;;0;;;1;0;0;0;0;1;0;0;1;0
1199;1016;0;1016;;1396;;29.8.2024 00:00:00;"F";;29.8.2024 00:00:00;0;;0;;0;;0;;0;;0;;;1;0;0;0;0;1;0;0;1;0
1200;1015;0;1015;;1397;;29.8.2024 00:00:00;"F";;29.8.2024 00:00:00;0;;0;;0;;0;;0;;0;;;1;0;0;0;0;1;0;0;1;0
1201;1023;0;1023;;1398;;29.8.2024 00:00:00;"F";;29.8.2024 00:00:00;0;;0;;0;;0;;0;;0;;;1;0;0;0;0;1;0;0;1;0
1202;3619;0;3619;;1399;;29.8.2024 00:00:00;"F";;29.8.2024 00:00:00;0;;0;;0;;0;;0;;0;;;1;0;0;0;0;1;0;0;1;0
1203;471;0;471;;1400;;29.8.2024 00:00:00;"F";;29.8.2024 00:00:00;0;;0;;0;;0;;0;;0;;;1;0;0;0;0;1;0;0;1;0
1204;1040;0;1040;;1401;;29.8.2024 00:00:00;"F";;29.8.2024 00:00:00;0;;0;;0;;0;;0;;0;;;1;0;0;0;0;1;0;0;1;0
1205;1031;0;1031;;1402;;29.8.2024 00:00:00;"F";;29.8.2024 00:00:00;0;;0;;0;;0;;0;;0;;;1;0;0;0;0;1;0;0;1;0
1206;1018;0;1018;;1403;;29.8.2024 00:00:00;"F";;29.8.2024 00:00:00;0;;0;;0;;0;;0;;0;;;1;0;0;0;0;1;0;0;1;0
1207;1033;0;1033;;1404;;29.8.2024 00:00:00;"F";;29.8.2024 00:00:00;0;;0;;0;;0;;0;;0;;;1;0;0;0;0;1;0;0;1;0
1208;1024;0;1024;;1405;;29.8.2024 00:00:00;"F";;29.8.2024 00:00:00;0;;0;;0;;0;;0;;0;;;1;0;0;0;0;1;0;0;1;0
1209;1036;0;1036;;1406;;29.8.2024 00:00:00;"F";;29.8.2024 00:00:00;0;;0;;0;;0;;0;;0;;;1;0;0;0;0;1;0;0;1;0
1210;1044;0;1044;;1407;;29.8.2024 00:00:00;"F";;29.8.2024 00:00:00;0;;0;;0;;0;;0;;0;;;1;0;0;0;0;1;0;0;1;0
1211;1049;0;1049;;1408;;29.8.2024 00:00:00;"F";;29.8.2024 00:00:00;0;;0;;0;;0;;0;;0;;;1;0;0;0;0;1;0;0;1;0
1212;475;0;475;;1409;;29.8.2024 00:00:00;"F";;29.8.2024 00:00:00;0;;0;;0;;0;;0;;0;;;1;0;0;0;0;1;0;0;1;0
1213;1022;0;1022;;1410;;29.8.2024 00:00:00;"F";;29.8.2024 00:00:00;0;;0;;0;;0;;0;;0;;;1;0;0;0;0;1;0;0;1;0
1214;1026;0;1026;;1411;;29.8.2024 00:00:00;"F";;29.8.2024 00:00:00;0;;0;;0;;0;;0;;0;;;1;0;0;0;0;1;0;0;1;0
1215;1020;0;1020;;1412;;29.8.2024 00:00:00;"F";;29.8.2024 00:00:00;0;;0;;0;;0;;0;;0;;;1;0;0;0;0;1;0;0;1;0
1216;487;0;487;;1413;;29.8.2024 00:00:00;"F";;29.8.2024 00:00:00;0;;0;;0;;0;;0;;0;;;1;0;0;0;0;1;0;0;1;0
1217;481;0;481;;1414;;29.8.2024 00:00:00;"F";;29.8.2024 00:00:00;0;;0;;0;;0;;0;;0;;;1;0;0;0;0;1;0;0;1;0
1218;2305;0;2305;;1415;;28.6.2024 00:00:00;"F";;28.6.2024 00:00:00;0;;0;;0;;0;;0;;0;;;1;0;0;0;0;1;0;0;1;0
1219;2304;0;2304;;1416;;28.6.2024 00:00:00;"F";;28.6.2024 00:00:00;0;;0;;0;;0;;0;;0;;;1;0;0;0;0;1;0;0;1;0
1220;2311;0;2311;;1417;;28.6.2024 00:00:00;"F";;28.6.2024 00:00:00;0;;0;;0;;0;;0;;0;;;1;0;0;0;0;1;0;0;1;0
1221;2301;0;2301;;1418;;28.6.2024 00:00:00;"F";;28.6.2024 00:00:00;0;;0;;0;;0;;0;;0;;;1;0;0;0;0;1;0;0;1;0
1222;2302;0;2302;;1419;;28.6.2024 00:00:00;"F";;28.6.2024 00:00:00;0;;0;;0;;0;;0;;0;;;1;0;0;0;0;1;0;0;1;0
1223;2296;0;2296;;1420;;28.6.2024 00:00:00;"F";;28.6.2024 00:00:00;0;;0;;0;;0;;0;;0;;;1;0;0;0;0;1;0;0;1;0
1224;2297;0;2297;;1421;;28.6.2024 00:00:00;"F";;28.6.2024 00:00:00;0;;0;;0;;0;;0;;0;;;1;0;0;0;0;1;0;0;1;0
1225;2298;0;2298;;1422;;28.6.2024 00:00:00;"F";;28.6.2024 00:00:00;0;;0;;0;;0;;0;;0;;;1;0;0;0;0;1;0;0;1;0
1226;2312;0;2312;;1423;;28.6.2024 00:00:00;"F";;28.6.2024 00:00:00;0;;0;;0;;0;;0;;0;;;1;0;0;0;0;1;0;0;1;0
1227;4255;0;2299;;1424;;28.6.2024 00:00:00;"F";;28.6.2024 00:00:00;0;;0;;0;;0;;0;;0;;;1;0;0;0;0;1;0;0;1;0
1228;2313;0;2313;;1425;;28.6.2024 00:00:00;"F";;28.6.2024 00:00:00;0;;0;;0;;0;;0;;0;;;1;0;0;0;0;1;0;0;1;0
1229;2314;0;2314;;1426;;28.6.2024 00:00:00;"F";;28.6.2024 00:00:00;0;;0;;0;;0;;0;;0;;;1;0;0;0;0;1;0;0;1;0
1230;2306;0;2306;;1427;;28.6.2024 00:00:00;"F";;28.6.2024 00:00:00;0;;0;;0;;0;;0;;0;;;1;0;0;0;0;1;0;0;1;0
1231;3688;0;3688;;1428;;28.6.2024 00:00:00;"F";;28.6.2024 00:00:00;0;;0;;0;;0;;0;;0;;;1;0;0;0;0;1;0;0;1;0
1232;2309;0;2309;;1429;;28.6.2024 00:00:00;"F";;28.6.2024 00:00:00;0;;0;;0;;0;;0;;0;;;1;0;0;0;0;1;0;0;1;0
1233;2310;0;2310;;1430;;28.6.2024 00:00:00;"F";;28.6.2024 00:00:00;0;;0;;0;;0;;0;;0;;;1;0;0;0;0;1;0;0;1;0
1234;2308;0;2308;;1431;;28.6.2024 00:00:00;"F";;28.6.2024 00:00:00;0;;0;;0;;0;;0;;0;;;1;0;0;0;0;1;0;0;1;0
1235;2303;0;2303;;1432;;28.6.2024 00:00:00;"F";;28.6.2024 00:00:00;0;;0;;0;;0;;0;;0;;;1;0;0;0;0;1;0;0;1;0
1236;2300;0;2300;;1433;;28.6.2024 00:00:00;"F";;28.6.2024 00:00:00;0;;0;;0;;0;;0;;0;;;1;0;0;0;0;1;0;0;1;0
1237;2246;0;2246;;1434;;28.6.2024 00:00:00;"F";;28.6.2024 00:00:00;0;;0;;0;;0;;0;;0;;;1;0;0;0;0;1;0;0;1;0
1238;2229;0;2229;;1435;;28.6.2024 00:00:00;"F";;28.6.2024 00:00:00;0;;0;;0;;0;;0;;0;;;1;0;0;0;0;1;0;0;1;0
1239;2232;0;2232;;1436;;28.6.2024 00:00:00;"F";;28.6.2024 00:00:00;0;;0;;0;;0;;0;;0;;;1;0;0;0;0;1;0;0;1;0
1240;2240;0;2240;;1437;;28.6.2024 00:00:00;"F";;28.6.2024 00:00:00;0;;0;;0;;0;;0;;0;;;1;0;0;0;0;1;0;0;1;0
1241;2230;0;2230;;1438;;28.6.2024 00:00:00;"F";;28.6.2024 00:00:00;0;;0;;0;;0;;0;;0;;;1;0;0;0;0;1;0;0;1;0
1242;2226;0;2226;;1439;;28.6.2024 00:00:00;"F";;28.6.2024 00:00:00;0;;0;;0;;0;;0;;0;;;1;0;0;0;0;1;0;0;1;0
1243;2234;0;2234;;1440;;28.6.2024 00:00:00;"F";;28.6.2024 00:00:00;0;;0;;0;;0;;0;;0;;;1;0;0;0;0;1;0;0;1;0
1244;2255;0;2255;;1441;;28.6.2024 00:00:00;"F";;28.6.2024 00:00:00;0;;0;;0;;0;;0;;0;;;1;0;0;0;0;1;0;0;1;0
1245;2233;0;2233;;1442;;28.6.2024 00:00:00;"F";;28.6.2024 00:00:00;0;;0;;0;;0;;0;;0;;;1;0;0;0;0;1;0;0;1;0
1246;2248;0;2248;;1443;;28.6.2024 00:00:00;"F";;28.6.2024 00:00:00;0;;0;;0;;0;;0;;0;;;1;0;0;0;0;1;0;0;1;0
1247;114;0;114;;1444;;28.6.2024 00:00:00;"F";;28.6.2024 00:00:00;0;;0;;0;;0;;0;;0;;;1;0;0;0;0;1;0;0;1;0
1248;2237;0;2237;;1445;;28.6.2024 00:00:00;"F";;28.6.2024 00:00:00;0;;0;;0;;0;;0;;0;;;1;0;0;0;0;1;0;0;1;0
1249;2238;0;2238;;1446;;28.6.2024 00:00:00;"F";;28.6.2024 00:00:00;0;;0;;0;;0;;0;;0;;;1;0;0;0;0;1;0;0;1;0
1250;2245;0;2245;;1447;;28.6.2024 00:00:00;"F";;28.6.2024 00:00:00;0;;0;;0;;0;;0;;0;;;1;0;0;0;0;1;0;0;1;0
1251;2241;0;2241;;1448;;28.6.2024 00:00:00;"F";;28.6.2024 00:00:00;0;;0;;0;;0;;0;;0;;;1;0;0;0;0;1;0;0;1;0
1252;2242;0;2242;;1449;;28.6.2024 00:00:00;"F";;28.6.2024 00:00:00;0;;0;;0;;0;;0;;0;;;1;0;0;0;0;1;0;0;1;0
1253;2251;0;2251;;1450;;28.6.2024 00:00:00;"F";;28.6.2024 00:00:00;0;;0;;0;;0;;0;;0;;;1;0;0;0;0;1;0;0;1;0
1254;2249;0;2249;;1451;;28.6.2024 00:00:00;"F";;28.6.2024 00:00:00;0;;0;;0;;0;;0;;0;;;1;0;0;0;0;1;0;0;1;0
1255;2250;0;2250;;1452;;28.6.2024 00:00:00;"F";;28.6.2024 00:00:00;0;;0;;0;;0;;0;;0;;;1;0;0;0;0;1;0;0;1;0
1256;2239;0;2239;;1453;;28.6.2024 00:00:00;"F";;28.6.2024 00:00:00;0;;0;;0;;0;;0;;0;;;1;0;0;0;0;1;0;0;1;0
1257;2253;0;2253;;1454;;28.6.2024 00:00:00;"F";;28.6.2024 00:00:00;0;;0;;0;;0;;0;;0;;;1;0;0;0;0;1;0;0;1;0
1258;2247;0;2247;;1455;;28.6.2024 00:00:00;"F";;28.6.2024 00:00:00;0;;0;;0;;0;;0;;0;;;1;0;0;0;0;1;0;0;1;0
1259;2231;0;2231;;1456;;28.6.2024 00:00:00;"F";;28.6.2024 00:00:00;0;;0;;0;;0;;0;;0;;;1;0;0;0;0;1;0;0;1;0
1260;2244;0;2244;;1457;;28.6.2024 00:00:00;"F";;28.6.2024 00:00:00;0;;0;;0;;0;;0;;0;;;1;0;0;0;0;1;0;0;1;0
1261;2235;0;2235;;1458;;28.6.2024 00:00:00;"F";;28.6.2024 00:00:00;0;;0;;0;;0;;0;;0;;;1;0;0;0;0;1;0;0;1;0
1262;2254;0;2254;;1459;;28.6.2024 00:00:00;"F";;28.6.2024 00:00:00;0;;0;;0;;0;;0;;0;;;1;0;0;0;0;1;0;0;1;0
1263;2256;0;2256;;1460;;28.6.2024 00:00:00;"F";;28.6.2024 00:00:00;0;;0;;0;;0;;0;;0;;;1;0;0;0;0;1;0;0;1;0
1264;2227;0;2227;;1461;;28.6.2024 00:00:00;"F";;28.6.2024 00:00:00;0;;0;;0;;0;;0;;0;;;1;0;0;0;0;1;0;0;1;0
1265;3691;0;3691;;1462;;28.6.2024 00:00:00;"F";;28.6.2024 00:00:00;0;;0;;0;;0;;0;;0;;;1;0;0;0;0;1;0;0;1;0
1266;116;0;116;;1463;;28.6.2024 00:00:00;"F";;28.6.2024 00:00:00;0;;0;;0;;0;;0;;0;;;1;0;0;0;0;1;0;0;1;0
1267;2243;0;2243;;1464;;28.6.2024 00:00:00;"F";;28.6.2024 00:00:00;0;;0;;0;;0;;0;;0;;;1;0;0;0;0;1;0;0;1;0
1268;580;0;580;;1465;;28.6.2024 00:00:00;"F";;28.6.2024 00:00:00;0;;0;;0;;0;;0;;0;;;1;0;0;0;0;1;0;0;1;0
1269;622;0;622;;1466;;28.6.2024 00:00:00;"F";;28.6.2024 00:00:00;0;;0;;0;;0;;0;;0;;;1;0;0;0;0;1;0;0;1;0
1270;1471;0;1471;56;1467;;28.6.2024 00:00:00;"O";"";5.1.2026 23:17:45;0;"";0;"";0;"";0;"";0;"";0;;;1;0;0;0;0;1;0;0;1;0
1271;1498;0;1498;;1468;;28.6.2024 00:00:00;"F";;28.6.2024 00:00:00;0;;0;;0;;0;;0;;0;;;1;0;0;0;0;1;0;0;1;0
1272;1483;0;1483;;1469;;28.6.2024 00:00:00;"F";;28.6.2024 00:00:00;0;;0;;0;;0;;0;;0;;;1;0;0;0;0;1;0;0;1;0
1273;757;0;757;;1470;;28.6.2024 00:00:00;"F";;28.6.2024 00:00:00;0;;0;;0;;0;;0;;0;;;1;0;0;0;0;1;0;0;1;0
1274;1467;0;1467;;1471;;28.6.2024 00:00:00;"F";;28.6.2024 00:00:00;0;;0;;0;;0;;0;;0;;;1;0;0;0;0;1;0;0;1;0
1275;654;0;654;;1472;;28.6.2024 00:00:00;"F";;28.6.2024 00:00:00;0;;0;;0;;0;;0;;0;;;1;0;0;0;0;1;0;0;1;0
1276;1213;0;1213;;1474;;28.6.2024 00:00:00;"F";;28.6.2024 00:00:00;0;;0;;0;;0;;0;;0;;;1;0;0;0;0;1;0;0;1;0
1278;1478;0;1478;;1475;;28.6.2024 00:00:00;"F";;28.6.2024 00:00:00;0;;0;;0;;0;;0;;0;;;1;0;0;0;0;1;0;0;1;0
1279;1476;0;1476;;1476;;28.6.2024 00:00:00;"F";;28.6.2024 00:00:00;0;;0;;0;;0;;0;;0;;;1;0;0;0;0;1;0;0;1;0
1280;1485;0;1485;;1477;;28.6.2024 00:00:00;"F";;28.6.2024 00:00:00;0;;0;;0;;0;;0;;0;;;1;0;0;0;0;1;0;0;1;0
1281;600;0;600;;1478;;28.6.2024 00:00:00;"F";;28.6.2024 00:00:00;0;;0;;0;;0;;0;;0;;;1;0;0;0;0;1;0;0;1;0
1282;747;0;747;;1479;;28.6.2024 00:00:00;"F";;28.6.2024 00:00:00;0;;0;;0;;0;;0;;0;;;1;0;0;0;0;1;0;0;1;0
1283;1257;0;1257;;1480;;28.6.2024 00:00:00;"F";;28.6.2024 00:00:00;0;;0;;0;;0;;0;;0;;;1;0;0;0;0;1;0;0;1;0
1284;1465;0;1465;;1481;;28.6.2024 00:00:00;"F";;28.6.2024 00:00:00;0;;0;;0;;0;;0;;0;;;1;0;0;0;0;1;0;0;1;0
1285;1490;0;1490;;1482;;28.6.2024 00:00:00;"F";;28.6.2024 00:00:00;0;;0;;0;;0;;0;;0;;;1;0;0;0;0;1;0;0;1;0
1286;1197;0;1197;;1483;;28.6.2024 00:00:00;"F";;28.6.2024 00:00:00;0;;0;;0;;0;;0;;0;;;1;0;0;0;0;1;0;0;1;0
1287;1460;0;1460;;1484;;28.6.2024 00:00:00;"F";;28.6.2024 00:00:00;0;;0;;0;;0;;0;;0;;;1;0;0;0;0;1;0;0;1;0
1288;1500;0;1500;;1485;;28.6.2024 00:00:00;"F";;28.6.2024 00:00:00;0;;0;;0;;0;;0;;0;;;1;0;0;0;0;1;0;0;1;0
1289;1493;0;1493;;1486;;28.6.2024 00:00:00;"F";;28.6.2024 00:00:00;0;;0;;0;;0;;0;;0;;;1;0;0;0;0;1;0;0;1;0
1290;1489;0;1489;;1487;;28.6.2024 00:00:00;"F";;28.6.2024 00:00:00;0;;0;;0;;0;;0;;0;;;1;0;0;0;0;1;0;0;1;0
1291;1499;0;1499;;1488;;28.6.2024 00:00:00;"F";;28.6.2024 00:00:00;0;;0;;0;;0;;0;;0;;;1;0;0;0;0;1;0;0;1;0
1292;1477;0;1477;;1489;;28.6.2024 00:00:00;"F";;28.6.2024 00:00:00;0;;0;;0;;0;;0;;0;;;1;0;0;0;0;1;0;0;1;0
1293;1479;0;1479;;1490;;28.6.2024 00:00:00;"F";;28.6.2024 00:00:00;0;;0;;0;;0;;0;;0;;;1;0;0;0;0;1;0;0;1;0
1294;1501;0;1501;;1491;;28.6.2024 00:00:00;"F";;28.6.2024 00:00:00;0;;0;;0;;0;;0;;0;;;1;0;0;0;0;1;0;0;1;0
1295;4031;0;4031;;1492;;28.6.2024 00:00:00;"F";;28.6.2024 00:00:00;0;;0;;0;;0;;0;;0;;;1;0;0;0;0;1;0;0;1;0
1296;1468;0;1468;;1493;;28.6.2024 00:00:00;"F";;28.6.2024 00:00:00;0;;0;;0;;0;;0;;0;;;1;0;0;0;0;1;0;0;1;0
1297;3754;0;1487;;1494;;28.6.2024 00:00:00;"F";;28.6.2024 00:00:00;0;;0;;0;;0;;0;;0;;;1;0;0;0;0;1;0;0;1;0
1298;1480;0;1480;;1495;;28.6.2024 00:00:00;"F";;28.6.2024 00:00:00;0;;0;;0;;0;;0;;0;;;1;0;0;0;0;1;0;0;1;0
1299;1461;0;1461;;1496;;28.6.2024 00:00:00;"F";;28.6.2024 00:00:00;0;;0;;0;;0;;0;;0;;;1;0;0;0;0;1;0;0;1;0
1300;1496;0;1496;;1497;;28.6.2024 00:00:00;"F";;28.6.2024 00:00:00;0;;0;;0;;0;;0;;0;;;1;0;0;0;0;1;0;0;1;0
1301;1482;0;1482;;1498;;28.6.2024 00:00:00;"F";;28.6.2024 00:00:00;0;;0;;0;;0;;0;;0;;;1;0;0;0;0;1;0;0;1;0
1302;1481;0;1481;;1499;;28.6.2024 00:00:00;"F";;28.6.2024 00:00:00;0;;0;;0;;0;;0;;0;;;1;0;0;0;0;1;0;0;1;0
1303;1464;0;1464;;1500;;28.6.2024 00:00:00;"F";;28.6.2024 00:00:00;0;;0;;0;;0;;0;;0;;;1;0;0;0;0;1;0;0;1;0
1304;1486;0;1486;;1501;;28.6.2024 00:00:00;"F";;28.6.2024 00:00:00;0;;0;;0;;0;;0;;0;;;1;0;0;0;0;1;0;0;1;0
1305;1497;0;1497;;1502;;28.6.2024 00:00:00;"F";;28.6.2024 00:00:00;0;;0;;0;;0;;0;;0;;;1;0;0;0;0;1;0;0;1;0
1306;1494;0;1494;;1503;;28.6.2024 00:00:00;"F";;28.6.2024 00:00:00;0;;0;;0;;0;;0;;0;;;1;0;0;0;0;1;0;0;1;0
1307;1280;0;1280;;1504;;28.6.2024 00:00:00;"F";;28.6.2024 00:00:00;0;;0;;0;;0;;0;;0;;;1;0;0;0;0;1;0;0;1;0
1308;3753;0;3753;;1505;;28.6.2024 00:00:00;"F";;28.6.2024 00:00:00;0;;0;;0;;0;;0;;0;;;1;0;0;0;0;1;0;0;1;0
1309;193;0;193;;1506;;27.9.2024 00:00:00;"F";;27.9.2024 00:00:00;0;;0;;0;;0;;0;;0;;;1;0;0;0;0;1;0;0;1;0
1310;199;0;199;;1507;;27.9.2024 00:00:00;"F";;27.9.2024 00:00:00;0;;0;;0;;0;;0;;0;;;1;0;0;0;0;1;0;0;1;0
1311;195;0;195;;1508;;27.9.2024 00:00:00;"F";;27.9.2024 00:00:00;0;;0;;0;;0;;0;;0;;;1;0;0;0;0;1;0;0;1;0
1312;196;0;196;;1509;;27.9.2024 00:00:00;"F";;27.9.2024 00:00:00;0;;0;;0;;0;;0;;0;;;1;0;0;0;0;1;0;0;1;0
1313;192;0;192;;1510;;27.9.2024 00:00:00;"F";;27.9.2024 00:00:00;0;;0;;0;;0;;0;;0;;;1;0;0;0;0;1;0;0;1;0
1314;197;0;197;;1511;;27.9.2024 00:00:00;"F";;27.9.2024 00:00:00;0;;0;;0;;0;;0;;0;;;1;0;0;0;0;1;0;0;1;0
1315;198;0;198;;1512;;27.9.2024 00:00:00;"F";;27.9.2024 00:00:00;0;;0;;0;;0;;0;;0;;;1;0;0;0;0;1;0;0;1;0
1316;194;0;194;;1513;;27.9.2024 00:00:00;"F";;27.9.2024 00:00:00;0;;0;;0;;0;;0;;0;;;1;0;0;0;0;1;0;0;1;0
1317;901;0;901;;1514;;22.10.2024 00:00:00;"F";;22.10.2024 00:00:00;0;;0;;0;;0;;0;;0;;;1;0;0;0;0;1;0;0;1;0
1318;895;0;895;;1515;;22.10.2024 00:00:00;"F";;22.10.2024 00:00:00;0;;0;;0;;0;;0;;0;;;1;0;0;0;0;1;0;0;1;0
1319;899;0;899;;1516;;22.10.2024 00:00:00;"F";;22.10.2024 00:00:00;0;;0;;0;;0;;0;;0;;;1;0;0;0;0;1;0;0;1;0
1320;898;0;898;;1517;;22.10.2024 00:00:00;"F";;22.10.2024 00:00:00;0;;0;;0;;0;;0;;0;;;1;0;0;0;0;1;0;0;1;0
1321;900;0;900;;1518;;22.10.2024 00:00:00;"F";;22.10.2024 00:00:00;0;;0;;0;;0;;0;;0;;;1;0;0;0;0;1;0;0;1;0
1322;897;0;897;;1519;;22.10.2024 00:00:00;"F";;22.10.2024 00:00:00;0;;0;;0;;0;;0;;0;;;1;0;0;0;0;1;0;0;1;0
1323;894;0;894;;1520;;22.10.2024 00:00:00;"F";;22.10.2024 00:00:00;0;;0;;0;;0;;0;;0;;;1;0;0;0;0;1;0;0;1;0
1324;896;0;896;;1521;;22.10.2024 00:00:00;"F";;22.10.2024 00:00:00;0;;0;;0;;0;;0;;0;;;1;0;0;0;0;1;0;0;1;0
1325;892;0;892;;1522;;22.10.2024 00:00:00;"F";;22.10.2024 00:00:00;0;;0;;0;;0;;0;;0;;;1;0;0;0;0;1;0;0;1;0
1326;3685;0;3685;;1523;;22.10.2024 00:00:00;"F";;22.10.2024 00:00:00;0;;0;;0;;0;;0;;0;;;1;0;0;0;0;1;0;0;1;0
1327;314;0;314;;1524;;22.8.2024 00:00:00;"F";;22.8.2024 00:00:00;0;;0;;0;;0;;0;;0;;;1;0;0;0;0;1;0;0;1;0
1328;324;0;324;;1525;;22.8.2024 00:00:00;"F";;22.8.2024 00:00:00;0;;0;;0;;0;;0;;0;;;1;0;0;0;0;1;0;0;1;0
1329;323;0;323;;1526;;22.8.2024 00:00:00;"F";;22.8.2024 00:00:00;0;;0;;0;;0;;0;;0;;;1;0;0;0;0;1;0;0;1;0
1330;317;0;317;;1527;;22.8.2024 00:00:00;"F";;22.8.2024 00:00:00;0;;0;;0;;0;;0;;0;;;1;0;0;0;0;1;0;0;1;0
1331;315;0;315;;1528;;22.8.2024 00:00:00;"F";;22.8.2024 00:00:00;0;;0;;0;;0;;0;;0;;;1;0;0;0;0;1;0;0;1;0
1332;310;0;310;;1529;;22.8.2024 00:00:00;"F";;22.8.2024 00:00:00;0;;0;;0;;0;;0;;0;;;1;0;0;0;0;1;0;0;1;0
1333;319;0;319;;1530;;22.8.2024 00:00:00;"F";;22.8.2024 00:00:00;0;;0;;0;;0;;0;;0;;;1;0;0;0;0;1;0;0;1;0
1334;316;0;316;;1531;;22.8.2024 00:00:00;"F";;22.8.2024 00:00:00;0;;0;;0;;0;;0;;0;;;1;0;0;0;0;1;0;0;1;0
1335;318;0;318;;1532;;22.8.2024 00:00:00;"F";;22.8.2024 00:00:00;0;;0;;0;;0;;0;;0;;;1;0;0;0;0;1;0;0;1;0
1336;320;0;320;;1533;;22.8.2024 00:00:00;"F";;22.8.2024 00:00:00;0;;0;;0;;0;;0;;0;;;1;0;0;0;0;1;0;0;1;0
1337;322;0;322;;1534;;22.8.2024 00:00:00;"F";;22.8.2024 00:00:00;0;;0;;0;;0;;0;;0;;;1;0;0;0;0;1;0;0;1;0
1338;321;0;321;;1535;;22.8.2024 00:00:00;"F";;22.8.2024 00:00:00;0;;0;;0;;0;;0;;0;;;1;0;0;0;0;1;0;0;1;0
1339;313;0;313;;1536;;22.8.2024 00:00:00;"F";;22.8.2024 00:00:00;0;;0;;0;;0;;0;;0;;;1;0;0;0;0;1;0;0;1;0
1340;309;0;309;;1537;;22.8.2024 00:00:00;"F";;22.8.2024 00:00:00;0;;0;;0;;0;;0;;0;;;1;0;0;0;0;1;0;0;1;0
1341;312;0;312;;1538;;22.8.2024 00:00:00;"F";;22.8.2024 00:00:00;0;;0;;0;;0;;0;;0;;;1;0;0;0;0;1;0;0;1;0
1342;311;0;311;;1539;;22.8.2024 00:00:00;"F";;22.8.2024 00:00:00;0;;0;;0;;0;;0;;0;;;1;0;0;0;0;1;0;0;1;0
1343;1776;0;1776;;1540;;20.11.2024 00:00:00;"F";;20.11.2024 00:00:00;0;;0;;0;;0;;0;;0;;;1;0;0;0;0;1;0;0;1;0
1344;1789;0;1789;;1541;;20.11.2024 00:00:00;"F";;20.11.2024 00:00:00;0;;0;;0;;0;;0;;0;;;1;0;0;0;0;1;0;0;1;0
1345;1788;0;1788;;1542;;20.11.2024 00:00:00;"F";;20.11.2024 00:00:00;0;;0;;0;;0;;0;;0;;;1;0;0;0;0;1;0;0;1;0
1346;1769;0;1769;;1543;;20.11.2024 00:00:00;"F";;20.11.2024 00:00:00;0;;0;;0;;0;;0;;0;;;1;0;0;0;0;1;0;0;1;0
1347;1779;0;1779;;1544;;20.11.2024 00:00:00;"F";;20.11.2024 00:00:00;0;;0;;0;;0;;0;;0;;;1;0;0;0;0;1;0;0;1;0
1348;1771;0;1771;;1545;;20.11.2024 00:00:00;"F";;20.11.2024 00:00:00;0;;0;;0;;0;;0;;0;;;1;0;0;0;0;1;0;0;1;0
1349;1768;0;1768;;1546;;20.11.2024 00:00:00;"F";;20.11.2024 00:00:00;0;;0;;0;;0;;0;;0;;;1;0;0;0;0;1;0;0;1;0
1350;1777;0;1777;;1547;;20.11.2024 00:00:00;"F";;20.11.2024 00:00:00;0;;0;;0;;0;;0;;0;;;1;0;0;0;0;1;0;0;1;0
1351;1764;0;1764;;1548;;20.11.2024 00:00:00;"F";;20.11.2024 00:00:00;0;;0;;0;;0;;0;;0;;;1;0;0;0;0;1;0;0;1;0
1352;1767;0;1767;;1549;;20.11.2024 00:00:00;"F";;20.11.2024 00:00:00;0;;0;;0;;0;;0;;0;;;1;0;0;0;0;1;0;0;1;0
1353;1774;0;1774;;1550;;20.11.2024 00:00:00;"F";;20.11.2024 00:00:00;0;;0;;0;;0;;0;;0;;;1;0;0;0;0;1;0;0;1;0
1354;1773;0;1773;;1551;;20.11.2024 00:00:00;"F";;20.11.2024 00:00:00;0;;0;;0;;0;;0;;0;;;1;0;0;0;0;1;0;0;1;0
1355;1785;0;1785;;1552;;20.11.2024 00:00:00;"F";;20.11.2024 00:00:00;0;;0;;0;;0;;0;;0;;;1;0;0;0;0;1;0;0;1;0
1356;1766;0;1766;;1553;;20.11.2024 00:00:00;"F";;20.11.2024 00:00:00;0;;0;;0;;0;;0;;0;;;1;0;0;0;0;1;0;0;1;0
1357;1765;0;1765;;1554;;20.11.2024 00:00:00;"F";;20.11.2024 00:00:00;0;;0;;0;;0;;0;;0;;;1;0;0;0;0;1;0;0;1;0
1358;1780;0;1780;;1555;;20.11.2024 00:00:00;"F";;20.11.2024 00:00:00;0;;0;;0;;0;;0;;0;;;1;0;0;0;0;1;0;0;1;0
1359;1784;0;1784;;1556;;20.11.2024 00:00:00;"F";;20.11.2024 00:00:00;0;;0;;0;;0;;0;;0;;;1;0;0;0;0;1;0;0;1;0
1360;1129;0;1129;;1557;;20.11.2024 00:00:00;"F";;20.11.2024 00:00:00;0;;0;;0;;0;;0;;0;;;1;0;0;0;0;1;0;0;1;0
1361;1786;0;1786;;1558;;20.11.2024 00:00:00;"F";;20.11.2024 00:00:00;0;;0;;0;;0;;0;;0;;;1;0;0;0;0;1;0;0;1;0
1362;1778;0;1778;;1559;;20.11.2024 00:00:00;"F";;20.11.2024 00:00:00;0;;0;;0;;0;;0;;0;;;1;0;0;0;0;1;0;0;1;0
1363;1787;0;1787;;1560;;20.11.2024 00:00:00;"F";;20.11.2024 00:00:00;0;;0;;0;;0;;0;;0;;;1;0;0;0;0;1;0;0;1;0
1364;1770;0;1770;;1561;;20.11.2024 00:00:00;"F";;20.11.2024 00:00:00;0;;0;;0;;0;;0;;0;;;1;0;0;0;0;1;0;0;1;0
1365;1772;0;1772;;1562;;20.11.2024 00:00:00;"F";;20.11.2024 00:00:00;0;;0;;0;;0;;0;;0;;;1;0;0;0;0;1;0;0;1;0
1366;3951;0;3951;;1563;;20.11.2024 00:00:00;"F";;20.11.2024 00:00:00;0;;0;;0;;0;;0;;0;;;1;0;0;0;0;1;0;0;1;0
1367;1781;0;1781;;1564;;20.11.2024 00:00:00;"F";;20.11.2024 00:00:00;0;;0;;0;;0;;0;;0;;;1;0;0;0;0;1;0;0;1;0
1368;815;0;815;;1565;;20.9.2024 00:00:00;"F";;20.9.2024 00:00:00;0;;0;;0;;0;;0;;0;;;1;0;0;0;0;1;0;0;1;0
1369;813;0;813;;1566;;20.9.2024 00:00:00;"F";;20.9.2024 00:00:00;0;;0;;0;;0;;0;;0;;;1;0;0;0;0;1;0;0;1;0
1370;1309;0;1309;;1567;;20.9.2024 00:00:00;"F";;20.9.2024 00:00:00;0;;0;;0;;0;;0;;0;;;1;0;0;0;0;1;0;0;1;0
1371;816;0;816;;1568;;20.9.2024 00:00:00;"F";;20.9.2024 00:00:00;0;;0;;0;;0;;0;;0;;;1;0;0;0;0;1;0;0;1;0
1372;811;0;811;;1569;;20.9.2024 00:00:00;"F";;20.9.2024 00:00:00;0;;0;;0;;0;;0;;0;;;1;0;0;0;0;1;0;0;1;0
1373;810;0;810;;1570;;20.9.2024 00:00:00;"F";;20.9.2024 00:00:00;0;;0;;0;;0;;0;;0;;;1;0;0;0;0;1;0;0;1;0
1374;819;0;819;;1571;;20.9.2024 00:00:00;"F";;20.9.2024 00:00:00;0;;0;;0;;0;;0;;0;;;1;0;0;0;0;1;0;0;1;0
1375;809;0;809;;1572;;20.9.2024 00:00:00;"F";;20.9.2024 00:00:00;0;;0;;0;;0;;0;;0;;;1;0;0;0;0;1;0;0;1;0
1376;818;0;818;;1573;;20.9.2024 00:00:00;"F";;20.9.2024 00:00:00;0;;0;;0;;0;;0;;0;;;1;0;0;0;0;1;0;0;1;0
1377;3921;0;3921;;1574;;20.9.2024 00:00:00;"F";;20.9.2024 00:00:00;0;;0;;0;;0;;0;;0;;;1;0;0;0;0;1;0;0;1;0
1378;812;0;812;;1575;;20.9.2024 00:00:00;"F";;20.9.2024 00:00:00;0;;0;;0;;0;;0;;0;;;1;0;0;0;0;1;0;0;1;0
1379;820;0;820;;1576;;20.9.2024 00:00:00;"F";;20.9.2024 00:00:00;0;;0;;0;;0;;0;;0;;;1;0;0;0;0;1;0;0;1;0
1380;874;0;874;;1577;;19.9.2024 00:00:00;"F";;19.9.2024 00:00:00;0;;0;;0;;0;;0;;0;;;1;0;0;0;0;1;0;0;1;0
1381;886;0;886;;1578;;19.9.2024 00:00:00;"F";;19.9.2024 00:00:00;0;;0;;0;;0;;0;;0;;;1;0;0;0;0;1;0;0;1;0
1382;876;0;876;;1579;;19.9.2024 00:00:00;"F";;19.9.2024 00:00:00;0;;0;;0;;0;;0;;0;;;1;0;0;0;0;1;0;0;1;0
1383;885;0;885;;1580;;19.9.2024 00:00:00;"F";;19.9.2024 00:00:00;0;;0;;0;;0;;0;;0;;;1;0;0;0;0;1;0;0;1;0
1384;873;0;873;;1581;;19.9.2024 00:00:00;"F";;19.9.2024 00:00:00;0;;0;;0;;0;;0;;0;;;1;0;0;0;0;1;0;0;1;0
1385;890;0;890;;1582;;19.9.2024 00:00:00;"F";;19.9.2024 00:00:00;0;;0;;0;;0;;0;;0;;;1;0;0;0;0;1;0;0;1;0
1386;882;0;882;;1583;;19.9.2024 00:00:00;"F";;19.9.2024 00:00:00;0;;0;;0;;0;;0;;0;;;1;0;0;0;0;1;0;0;1;0
1387;880;0;880;;1584;;19.9.2024 00:00:00;"F";;19.9.2024 00:00:00;0;;0;;0;;0;;0;;0;;;1;0;0;0;0;1;0;0;1;0
1388;877;0;877;;1585;;19.9.2024 00:00:00;"F";;19.9.2024 00:00:00;0;;0;;0;;0;;0;;0;;;1;0;0;0;0;1;0;0;1;0
1389;888;0;888;;1586;;19.9.2024 00:00:00;"F";;19.9.2024 00:00:00;0;;0;;0;;0;;0;;0;;;1;0;0;0;0;1;0;0;1;0
1390;878;0;878;;1587;;19.9.2024 00:00:00;"F";;19.9.2024 00:00:00;0;;0;;0;;0;;0;;0;;;1;0;0;0;0;1;0;0;1;0
1391;875;0;875;;1588;;19.9.2024 00:00:00;"F";;19.9.2024 00:00:00;0;;0;;0;;0;;0;;0;;;1;0;0;0;0;1;0;0;1;0
1392;891;0;891;;1589;;19.9.2024 00:00:00;"F";;19.9.2024 00:00:00;0;;0;;0;;0;;0;;0;;;1;0;0;0;0;1;0;0;1;0
1393;889;0;889;;1590;;19.9.2024 00:00:00;"F";;19.9.2024 00:00:00;0;;0;;0;;0;;0;;0;;;1;0;0;0;0;1;0;0;1;0
1394;881;0;881;;1591;;19.9.2024 00:00:00;"F";;19.9.2024 00:00:00;0;;0;;0;;0;;0;;0;;;1;0;0;0;0;1;0;0;1;0
1395;879;0;879;;1592;;19.9.2024 00:00:00;"F";;19.9.2024 00:00:00;0;;0;;0;;0;;0;;0;;;1;0;0;0;0;1;0;0;1;0
1396;884;0;884;;1593;;19.9.2024 00:00:00;"F";;19.9.2024 00:00:00;0;;0;;0;;0;;0;;0;;;1;0;0;0;0;1;0;0;1;0
1397;887;0;887;;1594;;19.9.2024 00:00:00;"F";;19.9.2024 00:00:00;0;;0;;0;;0;;0;;0;;;1;0;0;0;0;1;0;0;1;0
1398;883;0;883;;1595;;19.9.2024 00:00:00;"F";;19.9.2024 00:00:00;0;;0;;0;;0;;0;;0;;;1;0;0;0;0;1;0;0;1;0
1399;2412;0;2412;;1596;;19.9.2024 00:00:00;"F";;19.9.2024 00:00:00;0;;0;;0;;0;;0;;0;;;1;0;0;0;0;1;0;0;1;0
1400;2406;0;2406;;1597;;19.9.2024 00:00:00;"F";;19.9.2024 00:00:00;0;;0;;0;;0;;0;;0;;;1;0;0;0;0;1;0;0;1;0
1401;2409;0;2409;;1598;;19.9.2024 00:00:00;"F";;19.9.2024 00:00:00;0;;0;;0;;0;;0;;0;;;1;0;0;0;0;1;0;0;1;0
1402;2404;0;2404;;1599;;19.9.2024 00:00:00;"F";;19.9.2024 00:00:00;0;;0;;0;;0;;0;;0;;;1;0;0;0;0;1;0;0;1;0
1403;2408;0;2408;;1600;;19.9.2024 00:00:00;"F";;19.9.2024 00:00:00;0;;0;;0;;0;;0;;0;;;1;0;0;0;0;1;0;0;1;0
1404;2405;0;2405;;1601;;19.9.2024 00:00:00;"F";;19.9.2024 00:00:00;0;;0;;0;;0;;0;;0;;;1;0;0;0;0;1;0;0;1;0
1405;2403;0;2403;;1602;;19.9.2024 00:00:00;"F";;19.9.2024 00:00:00;0;;0;;0;;0;;0;;0;;;1;0;0;0;0;1;0;0;1;0
1406;2401;0;2401;;1603;;19.9.2024 00:00:00;"F";;19.9.2024 00:00:00;0;;0;;0;;0;;0;;0;;;1;0;0;0;0;1;0;0;1;0
1407;2402;0;2402;;1604;;19.9.2024 00:00:00;"F";;19.9.2024 00:00:00;0;;0;;0;;0;;0;;0;;;1;0;0;0;0;1;0;0;1;0
1408;2407;0;2407;;1605;;19.9.2024 00:00:00;"F";;19.9.2024 00:00:00;0;;0;;0;;0;;0;;0;;;1;0;0;0;0;1;0;0;1;0
1409;2410;0;2410;;1606;;19.9.2024 00:00:00;"F";;19.9.2024 00:00:00;0;;0;;0;;0;;0;;0;;;1;0;0;0;0;1;0;0;1;0
1410;2411;0;2411;;1607;;19.9.2024 00:00:00;"F";;19.9.2024 00:00:00;0;;0;;0;;0;;0;;0;;;1;0;0;0;0;1;0;0;1;0
1411;2400;0;2400;;1608;;19.9.2024 00:00:00;"F";;19.9.2024 00:00:00;0;;0;;0;;0;;0;;0;;;1;0;0;0;0;1;0;0;1;0
1412;3852;0;3852;;1609;;19.9.2024 00:00:00;"F";;19.9.2024 00:00:00;0;;0;;0;;0;;0;;0;;;1;0;0;0;0;1;0;0;1;0
1413;2069;0;2069;;1610;;19.9.2024 00:00:00;"F";;19.9.2024 00:00:00;0;;0;;0;;0;;0;;0;;;1;0;0;0;0;1;0;0;1;0
1414;2100;0;2100;;1611;;19.9.2024 00:00:00;"F";;19.9.2024 00:00:00;0;;0;;0;;0;;0;;0;;;1;0;0;0;0;1;0;0;1;0
1415;2181;0;2181;;1612;;19.9.2024 00:00:00;"F";;19.9.2024 00:00:00;0;;0;;0;;0;;0;;0;;;1;0;0;0;0;1;0;0;1;0
1416;2217;0;2217;;1613;;19.9.2024 00:00:00;"F";;19.9.2024 00:00:00;0;;0;;0;;0;;0;;0;;;1;0;0;0;0;1;0;0;1;0
1417;2044;0;2044;;1614;;19.9.2024 00:00:00;"F";;19.9.2024 00:00:00;0;;0;;0;;0;;0;;0;;;1;0;0;0;0;1;0;0;1;0
1418;2038;0;2038;;1615;;19.9.2024 00:00:00;"F";;19.9.2024 00:00:00;0;;0;;0;;0;;0;;0;;;1;0;0;0;0;1;0;0;1;0
1419;2183;0;2183;;1616;;19.9.2024 00:00:00;"F";;19.9.2024 00:00:00;0;;0;;0;;0;;0;;0;;;1;0;0;0;0;1;0;0;1;0
1420;2182;0;2182;;1617;;19.9.2024 00:00:00;"F";;19.9.2024 00:00:00;0;;0;;0;;0;;0;;0;;;1;0;0;0;0;1;0;0;1;0
1421;2088;0;2088;;1618;;19.9.2024 00:00:00;"F";;19.9.2024 00:00:00;0;;0;;0;;0;;0;;0;;;1;0;0;0;0;1;0;0;1;0
1422;2040;0;2040;;1619;;19.9.2024 00:00:00;"F";;19.9.2024 00:00:00;0;;0;;0;;0;;0;;0;;;1;0;0;0;0;1;0;0;1;0
1423;2216;0;2216;;1620;;19.9.2024 00:00:00;"F";;19.9.2024 00:00:00;0;;0;;0;;0;;0;;0;;;1;0;0;0;0;1;0;0;1;0
1424;2204;0;2204;;1621;;19.9.2024 00:00:00;"F";;19.9.2024 00:00:00;0;;0;;0;;0;;0;;0;;;1;0;0;0;0;1;0;0;1;0
1425;2208;0;2208;;1622;;19.9.2024 00:00:00;"F";;19.9.2024 00:00:00;0;;0;;0;;0;;0;;0;;;1;0;0;0;0;1;0;0;1;0
1426;2042;0;2042;;1623;;19.9.2024 00:00:00;"F";;19.9.2024 00:00:00;0;;0;;0;;0;;0;;0;;;1;0;0;0;0;1;0;0;1;0
1427;2043;0;2043;;1624;;19.9.2024 00:00:00;"F";;19.9.2024 00:00:00;0;;0;;0;;0;;0;;0;;;1;0;0;0;0;1;0;0;1;0
1428;2186;0;2186;;1625;;19.9.2024 00:00:00;"F";;19.9.2024 00:00:00;0;;0;;0;;0;;0;;0;;;1;0;0;0;0;1;0;0;1;0
1429;2200;0;2200;;1626;;19.9.2024 00:00:00;"F";;19.9.2024 00:00:00;0;;0;;0;;0;;0;;0;;;1;0;0;0;0;1;0;0;1;0
1430;2194;0;2194;;1627;;19.9.2024 00:00:00;"F";;19.9.2024 00:00:00;0;;0;;0;;0;;0;;0;;;1;0;0;0;0;1;0;0;1;0
1431;1707;0;1707;;1628;;19.9.2024 00:00:00;"F";;19.9.2024 00:00:00;0;;0;;0;;0;;0;;0;;;1;0;0;0;0;1;0;0;1;0
1432;2041;0;2041;;1629;;19.9.2024 00:00:00;"F";;19.9.2024 00:00:00;0;;0;;0;;0;;0;;0;;;1;0;0;0;0;1;0;0;1;0
1433;2203;0;2203;;1630;;19.9.2024 00:00:00;"F";;19.9.2024 00:00:00;0;;0;;0;;0;;0;;0;;;1;0;0;0;0;1;0;0;1;0
1434;2191;0;2191;;1631;;19.9.2024 00:00:00;"F";;19.9.2024 00:00:00;0;;0;;0;;0;;0;;0;;;1;0;0;0;0;1;0;0;1;0
1435;2081;0;2081;;1632;;19.9.2024 00:00:00;"F";;19.9.2024 00:00:00;0;;0;;0;;0;;0;;0;;;1;0;0;0;0;1;0;0;1;0
1436;2020;0;2020;;1633;;19.9.2024 00:00:00;"F";;19.9.2024 00:00:00;0;;0;;0;;0;;0;;0;;;1;0;0;0;0;1;0;0;1;0
1437;2180;0;2180;;1634;;19.9.2024 00:00:00;"F";;19.9.2024 00:00:00;0;;0;;0;;0;;0;;0;;;1;0;0;0;0;1;0;0;1;0
1438;2205;0;2205;;1635;;19.9.2024 00:00:00;"F";;19.9.2024 00:00:00;0;;0;;0;;0;;0;;0;;;1;0;0;0;0;1;0;0;1;0
1439;2185;0;2185;;1636;;19.9.2024 00:00:00;"F";;19.9.2024 00:00:00;0;;0;;0;;0;;0;;0;;;1;0;0;0;0;1;0;0;1;0
1440;2103;0;2103;;1637;;19.9.2024 00:00:00;"F";;19.9.2024 00:00:00;0;;0;;0;;0;;0;;0;;;1;0;0;0;0;1;0;0;1;0
1441;2087;0;2087;;1638;;19.9.2024 00:00:00;"F";;19.9.2024 00:00:00;0;;0;;0;;0;;0;;0;;;1;0;0;0;0;1;0;0;1;0
1442;2202;0;2202;;1639;;19.9.2024 00:00:00;"F";;19.9.2024 00:00:00;0;;0;;0;;0;;0;;0;;;1;0;0;0;0;1;0;0;1;0
1443;2215;0;2215;;1640;;19.9.2024 00:00:00;"F";;19.9.2024 00:00:00;0;;0;;0;;0;;0;;0;;;1;0;0;0;0;1;0;0;1;0
1444;2211;0;2211;;1641;;19.9.2024 00:00:00;"F";;19.9.2024 00:00:00;0;;0;;0;;0;;0;;0;;;1;0;0;0;0;1;0;0;1;0
1445;2201;0;2201;;1642;;19.9.2024 00:00:00;"F";;19.9.2024 00:00:00;0;;0;;0;;0;;0;;0;;;1;0;0;0;0;1;0;0;1;0
1446;2190;0;2190;;1643;;19.9.2024 00:00:00;"F";;19.9.2024 00:00:00;0;;0;;0;;0;;0;;0;;;1;0;0;0;0;1;0;0;1;0
1447;3858;0;3858;;1644;;19.9.2024 00:00:00;"F";;19.9.2024 00:00:00;0;;0;;0;;0;;0;;0;;;1;0;0;0;0;1;0;0;1;0
1448;2210;0;2210;;1645;;19.9.2024 00:00:00;"F";;19.9.2024 00:00:00;0;;0;;0;;0;;0;;0;;;1;0;0;0;0;1;0;0;1;0
1449;2206;0;2206;;1646;;19.9.2024 00:00:00;"F";;19.9.2024 00:00:00;0;;0;;0;;0;;0;;0;;;1;0;0;0;0;1;0;0;1;0
1450;2039;0;2039;;1647;;19.9.2024 00:00:00;"F";;19.9.2024 00:00:00;0;;0;;0;;0;;0;;0;;;1;0;0;0;0;1;0;0;1;0
1451;2207;0;2207;;1648;;19.9.2024 00:00:00;"F";;19.9.2024 00:00:00;0;;0;;0;;0;;0;;0;;;1;0;0;0;0;1;0;0;1;0
1452;2197;0;2197;;1649;;19.9.2024 00:00:00;"F";;19.9.2024 00:00:00;0;;0;;0;;0;;0;;0;;;1;0;0;0;0;1;0;0;1;0
1453;2196;0;2196;;1650;;19.9.2024 00:00:00;"F";;19.9.2024 00:00:00;0;;0;;0;;0;;0;;0;;;1;0;0;0;0;1;0;0;1;0
1454;2045;0;2045;;1651;;19.9.2024 00:00:00;"F";;19.9.2024 00:00:00;0;;0;;0;;0;;0;;0;;;1;0;0;0;0;1;0;0;1;0
1455;2059;0;2059;;1652;;19.9.2024 00:00:00;"F";;19.9.2024 00:00:00;0;;0;;0;;0;;0;;0;;;1;0;0;0;0;1;0;0;1;0
1456;2104;0;2104;;1653;;19.9.2024 00:00:00;"F";;19.9.2024 00:00:00;0;;0;;0;;0;;0;;0;;;1;0;0;0;0;1;0;0;1;0
1457;2193;0;2193;;1654;;19.9.2024 00:00:00;"F";;19.9.2024 00:00:00;0;;0;;0;;0;;0;;0;;;1;0;0;0;0;1;0;0;1;0
1458;2187;0;2187;;1655;;19.9.2024 00:00:00;"F";;19.9.2024 00:00:00;0;;0;;0;;0;;0;;0;;;1;0;0;0;0;1;0;0;1;0
1459;3860;0;3860;;1656;;19.9.2024 00:00:00;"F";;19.9.2024 00:00:00;0;;0;;0;;0;;0;;0;;;1;0;0;0;0;1;0;0;1;0
1460;2105;0;2105;;1657;;19.9.2024 00:00:00;"F";;19.9.2024 00:00:00;0;;0;;0;;0;;0;;0;;;1;0;0;0;0;1;0;0;1;0
1461;2102;0;2102;;1658;;19.9.2024 00:00:00;"F";;19.9.2024 00:00:00;0;;0;;0;;0;;0;;0;;;1;0;0;0;0;1;0;0;1;0
1462;1584;0;1584;;1659;;18.12.2024 00:00:00;"F";;18.12.2024 00:00:00;0;;0;;0;;0;;0;;0;;;1;0;0;0;0;1;0;0;1;0
1463;1587;0;1587;;1660;;18.12.2024 00:00:00;"F";;18.12.2024 00:00:00;0;;0;;0;;0;;0;;0;;;1;0;0;0;0;1;0;0;1;0
1464;1585;0;1585;;1661;;18.12.2024 00:00:00;"F";;18.12.2024 00:00:00;0;;0;;0;;0;;0;;0;;;1;0;0;0;0;1;0;0;1;0
1465;1588;0;1588;;1662;;18.12.2024 00:00:00;"F";;18.12.2024 00:00:00;0;;0;;0;;0;;0;;0;;;1;0;0;0;0;1;0;0;1;0
1466;1586;0;1586;;1663;;18.12.2024 00:00:00;"F";;18.12.2024 00:00:00;0;;0;;0;;0;;0;;0;;;1;0;0;0;0;1;0;0;1;0
1467;1561;0;1561;;1664;;16.9.2024 00:00:00;"F";;16.9.2024 00:00:00;0;;0;;0;;0;;0;;0;;;1;0;0;0;0;1;0;0;1;0
1468;1563;0;1563;;1665;;16.9.2024 00:00:00;"F";;16.9.2024 00:00:00;0;;0;;0;;0;;0;;0;;;1;0;0;0;0;1;0;0;1;0
1469;1564;0;1564;;1666;;16.9.2024 00:00:00;"F";;16.9.2024 00:00:00;0;;0;;0;;0;;0;;0;;;1;0;0;0;0;1;0;0;1;0
1470;1575;0;1575;;1667;;16.9.2024 00:00:00;"F";;16.9.2024 00:00:00;0;;0;;0;;0;;0;;0;;;1;0;0;0;0;1;0;0;1;0
1471;1568;0;1568;;1668;;16.9.2024 00:00:00;"F";;16.9.2024 00:00:00;0;;0;;0;;0;;0;;0;;;1;0;0;0;0;1;0;0;1;0
1472;1572;0;1572;;1669;;16.9.2024 00:00:00;"F";;16.9.2024 00:00:00;0;;0;;0;;0;;0;;0;;;1;0;0;0;0;1;0;0;1;0
1473;1573;0;1573;;1670;;16.9.2024 00:00:00;"F";;16.9.2024 00:00:00;0;;0;;0;;0;;0;;0;;;1;0;0;0;0;1;0;0;1;0
1474;3490;0;3490;;1671;;16.9.2024 00:00:00;"F";;16.9.2024 00:00:00;0;;0;;0;;0;;0;;0;;;1;0;0;0;0;1;0;0;1;0
1475;1571;0;1571;;1672;;16.9.2024 00:00:00;"F";;16.9.2024 00:00:00;0;;0;;0;;0;;0;;0;;;1;0;0;0;0;1;0;0;1;0
1476;1228;0;1228;;1673;;16.9.2024 00:00:00;"F";;16.9.2024 00:00:00;0;;0;;0;;0;;0;;0;;;1;0;0;0;0;1;0;0;1;0
1477;1574;0;1574;;1674;;16.9.2024 00:00:00;"F";;16.9.2024 00:00:00;0;;0;;0;;0;;0;;0;;;1;0;0;0;0;1;0;0;1;0
1478;1570;0;1570;;1675;;16.9.2024 00:00:00;"F";;16.9.2024 00:00:00;0;;0;;0;;0;;0;;0;;;1;0;0;0;0;1;0;0;1;0
1479;1554;0;1554;;1676;;16.9.2024 00:00:00;"F";;16.9.2024 00:00:00;0;;0;;0;;0;;0;;0;;;1;0;0;0;0;1;0;0;1;0
1480;1569;0;1569;;1677;;16.9.2024 00:00:00;"F";;16.9.2024 00:00:00;0;;0;;0;;0;;0;;0;;;1;0;0;0;0;1;0;0;1;0
1481;1576;0;1576;;1678;;16.9.2024 00:00:00;"F";;16.9.2024 00:00:00;0;;0;;0;;0;;0;;0;;;1;0;0;0;0;1;0;0;1;0
1482;1565;0;1565;;1679;;16.9.2024 00:00:00;"F";;16.9.2024 00:00:00;0;;0;;0;;0;;0;;0;;;1;0;0;0;0;1;0;0;1;0
1483;1231;0;1231;;1680;;16.9.2024 00:00:00;"F";;16.9.2024 00:00:00;0;;0;;0;;0;;0;;0;;;1;0;0;0;0;1;0;0;1;0
1484;1556;0;1556;;1681;;16.9.2024 00:00:00;"F";;16.9.2024 00:00:00;0;;0;;0;;0;;0;;0;;;1;0;0;0;0;1;0;0;1;0
1485;1566;0;1566;;1682;;16.9.2024 00:00:00;"F";;16.9.2024 00:00:00;0;;0;;0;;0;;0;;0;;;1;0;0;0;0;1;0;0;1;0
1486;1555;0;1555;;1683;;16.9.2024 00:00:00;"F";;16.9.2024 00:00:00;0;;0;;0;;0;;0;;0;;;1;0;0;0;0;1;0;0;1;0
1487;1567;0;1567;;1684;;16.9.2024 00:00:00;"F";;16.9.2024 00:00:00;0;;0;;0;;0;;0;;0;;;1;0;0;0;0;1;0;0;1;0
1488;1559;0;1559;;1685;;16.9.2024 00:00:00;"F";;16.9.2024 00:00:00;0;;0;;0;;0;;0;;0;;;1;0;0;0;0;1;0;0;1;0
1489;3938;0;3938;;1686;;16.9.2024 00:00:00;"F";;16.9.2024 00:00:00;0;;0;;0;;0;;0;;0;;;1;0;0;0;0;1;0;0;1;0
1490;1112;0;1112;;1687;;13.11.2024 00:00:00;"F";;13.11.2024 00:00:00;0;;0;;0;;0;;0;;0;;;1;0;0;0;0;1;0;0;1;0
1491;1106;0;1106;;1688;;13.11.2024 00:00:00;"F";;13.11.2024 00:00:00;0;;0;;0;;0;;0;;0;;;1;0;0;0;0;1;0;0;1;0
1492;1109;0;1109;;1689;;13.11.2024 00:00:00;"F";;13.11.2024 00:00:00;0;;0;;0;;0;;0;;0;;;1;0;0;0;0;1;0;0;1;0
1493;1111;0;1111;;1690;;13.11.2024 00:00:00;"F";;13.11.2024 00:00:00;0;;0;;0;;0;;0;;0;;;1;0;0;0;0;1;0;0;1;0
1494;1113;0;1113;;1691;;13.11.2024 00:00:00;"F";;13.11.2024 00:00:00;0;;0;;0;;0;;0;;0;;;1;0;0;0;0;1;0;0;1;0
1495;1107;0;1107;;1692;;13.11.2024 00:00:00;"F";;13.11.2024 00:00:00;0;;0;;0;;0;;0;;0;;;1;0;0;0;0;1;0;0;1;0
1496;1108;0;1108;;1693;;13.11.2024 00:00:00;"F";;13.11.2024 00:00:00;0;;0;;0;;0;;0;;0;;;1;0;0;0;0;1;0;0;1;0
1497;1105;0;1105;;1694;;13.11.2024 00:00:00;"F";;13.11.2024 00:00:00;0;;0;;0;;0;;0;;0;;;1;0;0;0;0;1;0;0;1;0
1498;1110;0;1110;;1695;;13.11.2024 00:00:00;"F";;13.11.2024 00:00:00;0;;0;;0;;0;;0;;0;;;1;0;0;0;0;1;0;0;1;0
1499;1093;0;1093;;1696;;13.11.2024 00:00:00;"F";;13.11.2024 00:00:00;0;;0;;0;;0;;0;;0;;;1;0;0;0;0;1;0;0;1;0
1500;1095;0;1095;;1697;;13.11.2024 00:00:00;"F";;13.11.2024 00:00:00;0;;0;;0;;0;;0;;0;;;1;0;0;0;0;1;0;0;1;0
1501;1097;0;1097;;1698;;13.11.2024 00:00:00;"F";;13.11.2024 00:00:00;0;;0;;0;;0;;0;;0;;;1;0;0;0;0;1;0;0;1;0
1502;1099;0;1099;;1699;;13.11.2024 00:00:00;"F";;13.11.2024 00:00:00;0;;0;;0;;0;;0;;0;;;1;0;0;0;0;1;0;0;1;0
1503;1094;0;1094;;1700;;13.11.2024 00:00:00;"F";;13.11.2024 00:00:00;0;;0;;0;;0;;0;;0;;;1;0;0;0;0;1;0;0;1;0
1504;2593;0;2593;;1701;;13.11.2024 00:00:00;"F";;13.11.2024 00:00:00;0;;0;;0;;0;;0;;0;;;1;0;0;0;0;1;0;0;1;0
1505;1100;0;1100;;1702;;13.11.2024 00:00:00;"F";;13.11.2024 00:00:00;0;;0;;0;;0;;0;;0;;;1;0;0;0;0;1;0;0;1;0
1506;3909;0;3909;;1703;;13.11.2024 00:00:00;"F";;13.11.2024 00:00:00;0;;0;;0;;0;;0;;0;;;1;0;0;0;0;1;0;0;1;0
1507;1104;0;1104;;1704;;13.11.2024 00:00:00;"F";;13.11.2024 00:00:00;0;;0;;0;;0;;0;;0;;;1;0;0;0;0;1;0;0;1;0
1508;1101;0;1101;;1705;;13.11.2024 00:00:00;"F";;13.11.2024 00:00:00;0;;0;;0;;0;;0;;0;;;1;0;0;0;0;1;0;0;1;0
1509;1096;0;1096;;1706;;13.11.2024 00:00:00;"F";;13.11.2024 00:00:00;0;;0;;0;;0;;0;;0;;;1;0;0;0;0;1;0;0;1;0
1510;1102;0;1102;;1707;;13.11.2024 00:00:00;"F";;13.11.2024 00:00:00;0;;0;;0;;0;;0;;0;;;1;0;0;0;0;1;0;0;1;0
1511;2229;0;2229;;1708;;11.12.2024 00:00:00;"F";;11.12.2024 00:00:00;0;;0;;0;;0;;0;;0;;;1;0;0;0;0;1;0;0;1;0
1512;117;0;117;;1709;;11.12.2024 00:00:00;"F";;11.12.2024 00:00:00;0;;0;;0;;0;;0;;0;;;1;0;0;0;0;1;0;0;1;0
1513;114;0;114;;1710;;11.12.2024 00:00:00;"F";;11.12.2024 00:00:00;0;;0;;0;;0;;0;;0;;;1;0;0;0;0;1;0;0;1;0
1514;113;0;113;;1711;;11.12.2024 00:00:00;"F";;11.12.2024 00:00:00;0;;0;;0;;0;;0;;0;;;1;0;0;0;0;1;0;0;1;0
1515;116;0;116;;1712;;11.12.2024 00:00:00;"F";;11.12.2024 00:00:00;0;;0;;0;;0;;0;;0;;;1;0;0;0;0;1;0;0;1;0
1516;1547;0;1547;;1713;;10.10.2024 00:00:00;"F";;10.10.2024 00:00:00;0;;0;;0;;0;;0;;0;;;1;0;0;0;0;1;0;0;1;0
1517;503;0;503;;1714;;10.10.2024 00:00:00;"F";;10.10.2024 00:00:00;0;;0;;0;;0;;0;;0;;;1;0;0;0;0;1;0;0;1;0
1518;1549;0;1549;;1715;;10.10.2024 00:00:00;"F";;10.10.2024 00:00:00;0;;0;;0;;0;;0;;0;;;1;0;0;0;0;1;0;0;1;0
1519;1552;0;1552;;1716;;10.10.2024 00:00:00;"F";;10.10.2024 00:00:00;0;;0;;0;;0;;0;;0;;;1;0;0;0;0;1;0;0;1;0
1520;1550;0;1550;;1717;;10.10.2024 00:00:00;"F";;10.10.2024 00:00:00;0;;0;;0;;0;;0;;0;;;1;0;0;0;0;1;0;0;1;0
1521;1553;0;1553;;1718;;10.10.2024 00:00:00;"F";;10.10.2024 00:00:00;0;;0;;0;;0;;0;;0;;;1;0;0;0;0;1;0;0;1;0
1522;1543;0;1543;;1719;;10.10.2024 00:00:00;"F";;10.10.2024 00:00:00;0;;0;;0;;0;;0;;0;;;1;0;0;0;0;1;0;0;1;0
1523;1551;0;1551;;1720;;10.10.2024 00:00:00;"F";;10.10.2024 00:00:00;0;;0;;0;;0;;0;;0;;;1;0;0;0;0;1;0;0;1;0
1524;1548;0;1548;;1721;;10.10.2024 00:00:00;"F";;10.10.2024 00:00:00;0;;0;;0;;0;;0;;0;;;1;0;0;0;0;1;0;0;1;0
1525;1546;0;1546;;1722;;10.10.2024 00:00:00;"F";;10.10.2024 00:00:00;0;;0;;0;;0;;0;;0;;;1;0;0;0;0;1;0;0;1;0
1526;1545;0;1545;;1723;;10.10.2024 00:00:00;"F";;10.10.2024 00:00:00;0;;0;;0;;0;;0;;0;;;1;0;0;0;0;1;0;0;1;0
1527;1912;0;1912;;1724;;9.10.2024 00:00:00;"F";;9.10.2024 00:00:00;0;;0;;0;;0;;0;;0;;;1;0;0;0;0;1;0;0;1;0
1528;1901;0;1901;;1725;;9.10.2024 00:00:00;"F";;9.10.2024 00:00:00;0;;0;;0;;0;;0;;0;;;1;0;0;0;0;1;0;0;1;0
1529;1915;0;1915;;1726;;9.10.2024 00:00:00;"F";;9.10.2024 00:00:00;0;;0;;0;;0;;0;;0;;;1;0;0;0;0;1;0;0;1;0
1530;1905;0;1905;;1727;;9.10.2024 00:00:00;"F";;9.10.2024 00:00:00;0;;0;;0;;0;;0;;0;;;1;0;0;0;0;1;0;0;1;0
1531;1917;0;1917;;1728;;9.10.2024 00:00:00;"F";;9.10.2024 00:00:00;0;;0;;0;;0;;0;;0;;;1;0;0;0;0;1;0;0;1;0
1532;1899;0;1899;;1729;;9.10.2024 00:00:00;"F";;9.10.2024 00:00:00;0;;0;;0;;0;;0;;0;;;1;0;0;0;0;1;0;0;1;0
1533;1902;0;1902;;1730;;9.10.2024 00:00:00;"F";;9.10.2024 00:00:00;0;;0;;0;;0;;0;;0;;;1;0;0;0;0;1;0;0;1;0
1534;3751;0;3751;;1731;;9.10.2024 00:00:00;"F";;9.10.2024 00:00:00;0;;0;;0;;0;;0;;0;;;1;0;0;0;0;1;0;0;1;0
1535;1904;0;1904;;1732;;9.10.2024 00:00:00;"F";;9.10.2024 00:00:00;0;;0;;0;;0;;0;;0;;;1;0;0;0;0;1;0;0;1;0
1536;1907;0;1907;;1733;;9.10.2024 00:00:00;"F";;9.10.2024 00:00:00;0;;0;;0;;0;;0;;0;;;1;0;0;0;0;1;0;0;1;0
1537;1914;0;1914;;1734;;9.10.2024 00:00:00;"F";;9.10.2024 00:00:00;0;;0;;0;;0;;0;;0;;;1;0;0;0;0;1;0;0;1;0
1538;1908;0;1908;;1735;;9.10.2024 00:00:00;"F";;9.10.2024 00:00:00;0;;0;;0;;0;;0;;0;;;1;0;0;0;0;1;0;0;1;0
1539;1910;0;1910;;1736;;9.10.2024 00:00:00;"F";;9.10.2024 00:00:00;0;;0;;0;;0;;0;;0;;;1;0;0;0;0;1;0;0;1;0
1540;1918;0;1918;;1737;;9.10.2024 00:00:00;"F";;9.10.2024 00:00:00;0;;0;;0;;0;;0;;0;;;1;0;0;0;0;1;0;0;1;0
1541;1909;0;1909;;1738;;9.10.2024 00:00:00;"F";;9.10.2024 00:00:00;0;;0;;0;;0;;0;;0;;;1;0;0;0;0;1;0;0;1;0
1542;1916;0;1916;;1739;;9.10.2024 00:00:00;"F";;9.10.2024 00:00:00;0;;0;;0;;0;;0;;0;;;1;0;0;0;0;1;0;0;1;0
1543;1911;0;1911;;1740;;9.10.2024 00:00:00;"F";;9.10.2024 00:00:00;0;;0;;0;;0;;0;;0;;;1;0;0;0;0;1;0;0;1;0
1544;1903;0;1903;;1741;;9.10.2024 00:00:00;"F";;9.10.2024 00:00:00;0;;0;;0;;0;;0;;0;;;1;0;0;0;0;1;0;0;1;0
1545;1913;0;1913;;1742;;9.10.2024 00:00:00;"F";;9.10.2024 00:00:00;0;;0;;0;;0;;0;;0;;;1;0;0;0;0;1;0;0;1;0
1546;1906;0;1906;;1743;;9.10.2024 00:00:00;"F";;9.10.2024 00:00:00;0;;0;;0;;0;;0;;0;;;1;0;0;0;0;1;0;0;1;0
1547;2365;0;2365;;1744;;9.9.2024 00:00:00;"F";;9.9.2024 00:00:00;0;;0;;0;;0;;0;;0;;;1;0;0;0;0;1;0;0;1;0
1548;2366;0;2366;;1745;;9.9.2024 00:00:00;"F";;9.9.2024 00:00:00;0;;0;;0;;0;;0;;0;;;1;0;0;0;0;1;0;0;1;0
1549;2361;0;2361;;1746;;9.9.2024 00:00:00;"F";;9.9.2024 00:00:00;0;;0;;0;;0;;0;;0;;;1;0;0;0;0;1;0;0;1;0
1550;2362;0;2362;;1747;;9.9.2024 00:00:00;"F";;9.9.2024 00:00:00;0;;0;;0;;0;;0;;0;;;1;0;0;0;0;1;0;0;1;0
1551;2363;0;2363;;1748;;9.9.2024 00:00:00;"F";;9.9.2024 00:00:00;0;;0;;0;;0;;0;;0;;;1;0;0;0;0;1;0;0;1;0
1552;2358;0;2358;;1749;;9.9.2024 00:00:00;"F";;9.9.2024 00:00:00;0;;0;;0;;0;;0;;0;;;1;0;0;0;0;1;0;0;1;0
1553;2364;0;2364;;1750;;9.9.2024 00:00:00;"F";;9.9.2024 00:00:00;0;;0;;0;;0;;0;;0;;;1;0;0;0;0;1;0;0;1;0
1554;2360;0;2360;;1751;;9.9.2024 00:00:00;"F";;9.9.2024 00:00:00;0;;0;;0;;0;;0;;0;;;1;0;0;0;0;1;0;0;1;0
1555;2359;0;2359;;1752;;9.9.2024 00:00:00;"F";;9.9.2024 00:00:00;0;;0;;0;;0;;0;;0;;;1;0;0;0;0;1;0;0;1;0
1556;1508;0;1508;;1753;;6.11.2024 00:00:00;"F";;6.11.2024 00:00:00;0;;0;;0;;0;;0;;0;;;1;0;0;0;0;1;0;0;1;0
1557;1666;0;1666;;1754;;6.11.2024 00:00:00;"F";;6.11.2024 00:00:00;0;;0;;0;;0;;0;;0;;;1;0;0;0;0;1;0;0;1;0
1558;1679;0;1679;;1755;;6.11.2024 00:00:00;"F";;6.11.2024 00:00:00;0;;0;;0;;0;;0;;0;;;1;0;0;0;0;1;0;0;1;0
1559;1505;0;1505;;1756;;6.11.2024 00:00:00;"F";;6.11.2024 00:00:00;0;;0;;0;;0;;0;;0;;;1;0;0;0;0;1;0;0;1;0
1560;1667;0;1667;;1757;;6.11.2024 00:00:00;"F";;6.11.2024 00:00:00;0;;0;;0;;0;;0;;0;;;1;0;0;0;0;1;0;0;1;0
1561;1672;0;1672;;1758;;6.11.2024 00:00:00;"F";;6.11.2024 00:00:00;0;;0;;0;;0;;0;;0;;;1;0;0;0;0;1;0;0;1;0
1562;1669;0;1669;;1759;;6.11.2024 00:00:00;"F";;6.11.2024 00:00:00;0;;0;;0;;0;;0;;0;;;1;0;0;0;0;1;0;0;1;0
1563;1677;0;1677;;1760;;6.11.2024 00:00:00;"F";;6.11.2024 00:00:00;0;;0;;0;;0;;0;;0;;;1;0;0;0;0;1;0;0;1;0
1564;1681;0;1681;;1761;;6.11.2024 00:00:00;"F";;6.11.2024 00:00:00;0;;0;;0;;0;;0;;0;;;1;0;0;0;0;1;0;0;1;0
1565;1675;0;1675;;1762;;6.11.2024 00:00:00;"F";;6.11.2024 00:00:00;0;;0;;0;;0;;0;;0;;;1;0;0;0;0;1;0;0;1;0
1566;1682;0;1682;;1763;;6.11.2024 00:00:00;"F";;6.11.2024 00:00:00;0;;0;;0;;0;;0;;0;;;1;0;0;0;0;1;0;0;1;0
1567;1668;0;1668;;1764;;6.11.2024 00:00:00;"F";;6.11.2024 00:00:00;0;;0;;0;;0;;0;;0;;;1;0;0;0;0;1;0;0;1;0
1568;1671;0;1671;;1765;;6.11.2024 00:00:00;"F";;6.11.2024 00:00:00;0;;0;;0;;0;;0;;0;;;1;0;0;0;0;1;0;0;1;0
1569;1678;0;1678;;1766;;6.11.2024 00:00:00;"F";;6.11.2024 00:00:00;0;;0;;0;;0;;0;;0;;;1;0;0;0;0;1;0;0;1;0
1570;1665;0;1665;;1767;;6.11.2024 00:00:00;"F";;6.11.2024 00:00:00;0;;0;;0;;0;;0;;0;;;1;0;0;0;0;1;0;0;1;0
1571;1673;0;1673;;1768;;6.11.2024 00:00:00;"F";;6.11.2024 00:00:00;0;;0;;0;;0;;0;;0;;;1;0;0;0;0;1;0;0;1;0
1572;1670;0;1670;;1769;;6.11.2024 00:00:00;"F";;6.11.2024 00:00:00;0;;0;;0;;0;;0;;0;;;1;0;0;0;0;1;0;0;1;0
1573;212;0;212;;1770;;6.9.2024 00:00:00;"F";;6.9.2024 00:00:00;0;;0;;0;;0;;0;;0;;;1;0;0;0;0;1;0;0;1;0
1574;235;0;235;;1771;;6.9.2024 00:00:00;"F";;6.9.2024 00:00:00;0;;0;;0;;0;;0;;0;;;1;0;0;0;0;1;0;0;1;0
1575;238;0;238;;1772;;6.9.2024 00:00:00;"F";;6.9.2024 00:00:00;0;;0;;0;;0;;0;;0;;;1;0;0;0;0;1;0;0;1;0
1576;239;0;239;;1773;;6.9.2024 00:00:00;"F";;6.9.2024 00:00:00;0;;0;;0;;0;;0;;0;;;1;0;0;0;0;1;0;0;1;0
1577;216;0;216;;1774;;6.9.2024 00:00:00;"F";;6.9.2024 00:00:00;0;;0;;0;;0;;0;;0;;;1;0;0;0;0;1;0;0;1;0
1578;215;0;215;;1775;;6.9.2024 00:00:00;"F";;6.9.2024 00:00:00;0;;0;;0;;0;;0;;0;;;1;0;0;0;0;1;0;0;1;0
1579;228;0;228;;1776;;6.9.2024 00:00:00;"F";;6.9.2024 00:00:00;0;;0;;0;;0;;0;;0;;;1;0;0;0;0;1;0;0;1;0
1580;232;0;232;;1777;;6.9.2024 00:00:00;"F";;6.9.2024 00:00:00;0;;0;;0;;0;;0;;0;;;1;0;0;0;0;1;0;0;1;0
1581;224;0;224;;1778;;6.9.2024 00:00:00;"F";;6.9.2024 00:00:00;0;;0;;0;;0;;0;;0;;;1;0;0;0;0;1;0;0;1;0
1582;233;0;233;;1779;;6.9.2024 00:00:00;"F";;6.9.2024 00:00:00;0;;0;;0;;0;;0;;0;;;1;0;0;0;0;1;0;0;1;0
1583;223;0;223;;1780;;6.9.2024 00:00:00;"F";;6.9.2024 00:00:00;0;;0;;0;;0;;0;;0;;;1;0;0;0;0;1;0;0;1;0
1584;237;0;237;;1781;;6.9.2024 00:00:00;"F";;6.9.2024 00:00:00;0;;0;;0;;0;;0;;0;;;1;0;0;0;0;1;0;0;1;0
1585;218;0;218;;1782;;6.9.2024 00:00:00;"F";;6.9.2024 00:00:00;0;;0;;0;;0;;0;;0;;;1;0;0;0;0;1;0;0;1;0
1586;226;0;226;;1783;;6.9.2024 00:00:00;"F";;6.9.2024 00:00:00;0;;0;;0;;0;;0;;0;;;1;0;0;0;0;1;0;0;1;0
1587;241;0;241;;1784;;6.9.2024 00:00:00;"F";;6.9.2024 00:00:00;0;;0;;0;;0;;0;;0;;;1;0;0;0;0;1;0;0;1;0
1588;211;0;211;;1785;;6.9.2024 00:00:00;"F";;6.9.2024 00:00:00;0;;0;;0;;0;;0;;0;;;1;0;0;0;0;1;0;0;1;0
1589;214;0;214;;1786;;6.9.2024 00:00:00;"F";;6.9.2024 00:00:00;0;;0;;0;;0;;0;;0;;;1;0;0;0;0;1;0;0;1;0
1590;243;0;243;;1787;;6.9.2024 00:00:00;"F";;6.9.2024 00:00:00;0;;0;;0;;0;;0;;0;;;1;0;0;0;0;1;0;0;1;0
1591;246;0;246;;1788;;6.9.2024 00:00:00;"F";;6.9.2024 00:00:00;0;;0;;0;;0;;0;;0;;;1;0;0;0;0;1;0;0;1;0
1592;222;0;222;;1789;;6.9.2024 00:00:00;"F";;6.9.2024 00:00:00;0;;0;;0;;0;;0;;0;;;1;0;0;0;0;1;0;0;1;0
1593;236;0;236;;1790;;6.9.2024 00:00:00;"F";;6.9.2024 00:00:00;0;;0;;0;;0;;0;;0;;;1;0;0;0;0;1;0;0;1;0
1594;210;0;210;;1791;;6.9.2024 00:00:00;"F";;6.9.2024 00:00:00;0;;0;;0;;0;;0;;0;;;1;0;0;0;0;1;0;0;1;0
1595;227;0;227;;1792;;6.9.2024 00:00:00;"F";;6.9.2024 00:00:00;0;;0;;0;;0;;0;;0;;;1;0;0;0;0;1;0;0;1;0
1596;219;0;219;;1793;;6.9.2024 00:00:00;"F";;6.9.2024 00:00:00;0;;0;;0;;0;;0;;0;;;1;0;0;0;0;1;0;0;1;0
1597;208;0;208;;1794;;6.9.2024 00:00:00;"F";;6.9.2024 00:00:00;0;;0;;0;;0;;0;;0;;;1;0;0;0;0;1;0;0;1;0
1598;242;0;242;;1795;;6.9.2024 00:00:00;"F";;6.9.2024 00:00:00;0;;0;;0;;0;;0;;0;;;1;0;0;0;0;1;0;0;1;0
1599;221;0;221;;1796;;6.9.2024 00:00:00;"F";;6.9.2024 00:00:00;0;;0;;0;;0;;0;;0;;;1;0;0;0;0;1;0;0;1;0
1600;231;0;231;;1797;;6.9.2024 00:00:00;"F";;6.9.2024 00:00:00;0;;0;;0;;0;;0;;0;;;1;0;0;0;0;1;0;0;1;0
1601;209;0;209;;1798;;6.9.2024 00:00:00;"F";;6.9.2024 00:00:00;0;;0;;0;;0;;0;;0;;;1;0;0;0;0;1;0;0;1;0
1602;225;0;225;;1799;;6.9.2024 00:00:00;"F";;6.9.2024 00:00:00;0;;0;;0;;0;;0;;0;;;1;0;0;0;0;1;0;0;1;0
1603;230;0;230;;1800;;6.9.2024 00:00:00;"F";;6.9.2024 00:00:00;0;;0;;0;;0;;0;;0;;;1;0;0;0;0;1;0;0;1;0
1604;205;0;205;;1801;;6.9.2024 00:00:00;"F";;6.9.2024 00:00:00;0;;0;;0;;0;;0;;0;;;1;0;0;0;0;1;0;0;1;0
1605;220;0;220;;1802;;6.9.2024 00:00:00;"F";;6.9.2024 00:00:00;0;;0;;0;;0;;0;;0;;;1;0;0;0;0;1;0;0;1;0
1606;240;0;240;;1803;;6.9.2024 00:00:00;"F";;6.9.2024 00:00:00;0;;0;;0;;0;;0;;0;;;1;0;0;0;0;1;0;0;1;0
1607;229;0;229;;1804;;6.9.2024 00:00:00;"F";;6.9.2024 00:00:00;0;;0;;0;;0;;0;;0;;;1;0;0;0;0;1;0;0;1;0
1608;217;0;217;;1805;;6.9.2024 00:00:00;"F";;6.9.2024 00:00:00;0;;0;;0;;0;;0;;0;;;1;0;0;0;0;1;0;0;1;0
1609;234;0;234;;1806;;6.9.2024 00:00:00;"F";;6.9.2024 00:00:00;0;;0;;0;;0;;0;;0;;;1;0;0;0;0;1;0;0;1;0
1610;252;0;252;;1807;;6.9.2024 00:00:00;"F";;6.9.2024 00:00:00;0;;0;;0;;0;;0;;0;;;1;0;0;0;0;1;0;0;1;0
1611;4235;0;250;;1808;;6.9.2024 00:00:00;"F";;6.9.2024 00:00:00;0;;0;;0;;0;;0;;0;;;1;0;0;0;0;1;0;0;1;0
1612;257;0;257;;1809;;6.9.2024 00:00:00;"F";;6.9.2024 00:00:00;0;;0;;0;;0;;0;;0;;;1;0;0;0;0;1;0;0;1;0
1613;248;0;248;;1810;;6.9.2024 00:00:00;"F";;6.9.2024 00:00:00;0;;0;;0;;0;;0;;0;;;1;0;0;0;0;1;0;0;1;0
1614;254;0;254;;1811;;6.9.2024 00:00:00;"F";;6.9.2024 00:00:00;0;;0;;0;;0;;0;;0;;;1;0;0;0;0;1;0;0;1;0
1615;249;0;249;;1812;;6.9.2024 00:00:00;"F";;6.9.2024 00:00:00;0;;0;;0;;0;;0;;0;;;1;0;0;0;0;1;0;0;1;0
1616;251;0;251;;1813;;6.9.2024 00:00:00;"F";;6.9.2024 00:00:00;0;;0;;0;;0;;0;;0;;;1;0;0;0;0;1;0;0;1;0
1617;256;0;256;;1814;;6.9.2024 00:00:00;"F";;6.9.2024 00:00:00;0;;0;;0;;0;;0;;0;;;1;0;0;0;0;1;0;0;1;0
1618;260;0;260;;1815;;6.9.2024 00:00:00;"F";;6.9.2024 00:00:00;0;;0;;0;;0;;0;;0;;;1;0;0;0;0;1;0;0;1;0
1619;253;0;253;;1816;;6.9.2024 00:00:00;"F";;6.9.2024 00:00:00;0;;0;;0;;0;;0;;0;;;1;0;0;0;0;1;0;0;1;0
1620;247;0;247;;1817;;6.9.2024 00:00:00;"F";;6.9.2024 00:00:00;0;;0;;0;;0;;0;;0;;;1;0;0;0;0;1;0;0;1;0
1621;261;0;261;;1818;;6.9.2024 00:00:00;"F";;6.9.2024 00:00:00;0;;0;;0;;0;;0;;0;;;1;0;0;0;0;1;0;0;1;0
1622;255;0;255;;1819;;6.9.2024 00:00:00;"F";;6.9.2024 00:00:00;0;;0;;0;;0;;0;;0;;;1;0;0;0;0;1;0;0;1;0
1623;259;0;259;;1820;;6.9.2024 00:00:00;"F";;6.9.2024 00:00:00;0;;0;;0;;0;;0;;0;;;1;0;0;0;0;1;0;0;1;0
1624;258;0;258;;1821;;6.9.2024 00:00:00;"F";;6.9.2024 00:00:00;0;;0;;0;;0;;0;;0;;;1;0;0;0;0;1;0;0;1;0
1625;279;0;279;;1822;;6.9.2024 00:00:00;"F";;6.9.2024 00:00:00;0;;0;;0;;0;;0;;0;;;1;0;0;0;0;1;0;0;1;0
1626;269;0;269;;1823;;6.9.2024 00:00:00;"F";;6.9.2024 00:00:00;0;;0;;0;;0;;0;;0;;;1;0;0;0;0;1;0;0;1;0
1627;270;0;270;;1824;;6.9.2024 00:00:00;"F";;6.9.2024 00:00:00;0;;0;;0;;0;;0;;0;;;1;0;0;0;0;1;0;0;1;0
1628;268;0;268;;1826;;6.9.2024 00:00:00;"F";;6.9.2024 00:00:00;0;;0;;0;;0;;0;;0;;;1;0;0;0;0;1;0;0;1;0
1630;283;0;283;;1827;;6.9.2024 00:00:00;"F";;6.9.2024 00:00:00;0;;0;;0;;0;;0;;0;;;1;0;0;0;0;1;0;0;1;0
1631;278;0;278;;1828;;6.9.2024 00:00:00;"F";;6.9.2024 00:00:00;0;;0;;0;;0;;0;;0;;;1;0;0;0;0;1;0;0;1;0
1632;272;0;272;;1829;;6.9.2024 00:00:00;"F";;6.9.2024 00:00:00;0;;0;;0;;0;;0;;0;;;1;0;0;0;0;1;0;0;1;0
1633;266;0;266;;1830;;6.9.2024 00:00:00;"F";;6.9.2024 00:00:00;0;;0;;0;;0;;0;;0;;;1;0;0;0;0;1;0;0;1;0
1634;264;0;264;;1831;;6.9.2024 00:00:00;"F";;6.9.2024 00:00:00;0;;0;;0;;0;;0;;0;;;1;0;0;0;0;1;0;0;1;0
1635;282;0;282;;1832;;6.9.2024 00:00:00;"F";;6.9.2024 00:00:00;0;;0;;0;;0;;0;;0;;;1;0;0;0;0;1;0;0;1;0
1636;276;0;276;;1833;;6.9.2024 00:00:00;"F";;6.9.2024 00:00:00;0;;0;;0;;0;;0;;0;;;1;0;0;0;0;1;0;0;1;0
1637;265;0;265;;1834;;6.9.2024 00:00:00;"F";;6.9.2024 00:00:00;0;;0;;0;;0;;0;;0;;;1;0;0;0;0;1;0;0;1;0
1638;263;0;263;;1835;;6.9.2024 00:00:00;"F";;6.9.2024 00:00:00;0;;0;;0;;0;;0;;0;;;1;0;0;0;0;1;0;0;1;0
1639;273;0;273;;1836;;6.9.2024 00:00:00;"F";;6.9.2024 00:00:00;0;;0;;0;;0;;0;;0;;;1;0;0;0;0;1;0;0;1;0
1640;262;0;262;;1837;;6.9.2024 00:00:00;"F";;6.9.2024 00:00:00;0;;0;;0;;0;;0;;0;;;1;0;0;0;0;1;0;0;1;0
1641;280;0;280;;1838;;6.9.2024 00:00:00;"F";;6.9.2024 00:00:00;0;;0;;0;;0;;0;;0;;;1;0;0;0;0;1;0;0;1;0
1642;274;0;274;;1839;;6.9.2024 00:00:00;"F";;6.9.2024 00:00:00;0;;0;;0;;0;;0;;0;;;1;0;0;0;0;1;0;0;1;0
1643;271;0;271;;1840;;6.9.2024 00:00:00;"F";;6.9.2024 00:00:00;0;;0;;0;;0;;0;;0;;;1;0;0;0;0;1;0;0;1;0
1644;267;0;267;;1841;;6.9.2024 00:00:00;"F";;6.9.2024 00:00:00;0;;0;;0;;0;;0;;0;;;1;0;0;0;0;1;0;0;1;0
1645;275;0;275;;1842;;6.9.2024 00:00:00;"F";;6.9.2024 00:00:00;0;;0;;0;;0;;0;;0;;;1;0;0;0;0;1;0;0;1;0
1646;277;0;277;;1843;;6.9.2024 00:00:00;"F";;6.9.2024 00:00:00;0;;0;;0;;0;;0;;0;;;1;0;0;0;0;1;0;0;1;0
1647;120;0;120;;1844;;6.9.2024 00:00:00;"F";;6.9.2024 00:00:00;0;;0;;0;;0;;0;;0;;;1;0;0;0;0;1;0;0;1;0
1648;1118;0;1118;;1845;;1.7.2024 00:00:00;"F";;1.7.2024 00:00:00;0;;0;;0;;0;;0;;0;;;1;0;0;0;0;1;0;0;1;0
1649;1114;0;1114;;1846;;1.7.2024 00:00:00;"F";;1.7.2024 00:00:00;0;;0;;0;;0;;0;;0;;;1;0;0;0;0;1;0;0;1;0
1650;1116;0;1116;;1847;;1.7.2024 00:00:00;"F";;1.7.2024 00:00:00;0;;0;;0;;0;;0;;0;;;1;0;0;0;0;1;0;0;1;0
1651;1119;0;1119;;1848;;1.7.2024 00:00:00;"F";;1.7.2024 00:00:00;0;;0;;0;;0;;0;;0;;;1;0;0;0;0;1;0;0;1;0
1652;1115;0;1115;;1849;;1.7.2024 00:00:00;"F";;1.7.2024 00:00:00;0;;0;;0;;0;;0;;0;;;1;0;0;0;0;1;0;0;1;0
1653;1117;0;1117;;1850;;1.7.2024 00:00:00;"F";;1.7.2024 00:00:00;0;;0;;0;;0;;0;;0;;;1;0;0;0;0;1;0;0;1;0
1654;4101;0;4101;;1851;;31.1.2023 00:00:00;"F";;31.1.2023 00:00:00;0;;0;;0;;0;;0;;0;;;1;0;0;0;0;1;0;0;1;0
1655;1986;0;1986;;1852;;31.1.2023 00:00:00;"F";;31.1.2023 00:00:00;0;;0;;0;;0;;0;;0;;;1;0;0;0;0;1;0;0;1;0
1656;1985;0;1985;;1853;;31.1.2023 00:00:00;"F";;31.1.2023 00:00:00;0;;0;;0;;0;;0;;0;;;1;0;0;0;0;1;0;0;1;0
1657;1984;0;1984;;1854;;31.1.2023 00:00:00;"F";;31.1.2023 00:00:00;0;;0;;0;;0;;0;;0;;;1;0;0;0;0;1;0;0;1;0
1658;1987;0;1987;;1855;;31.1.2023 00:00:00;"F";;31.1.2023 00:00:00;0;;0;;0;;0;;0;;0;;;1;0;0;0;0;1;0;0;1;0
1659;2463;0;2463;;1856;;26.10.2023 00:00:00;"F";;26.10.2023 00:00:00;0;;0;;0;;0;;0;;0;;;1;0;0;0;0;1;0;0;1;0
1660;2461;0;2461;;1857;;26.10.2023 00:00:00;"F";;26.10.2023 00:00:00;0;;0;;0;;0;;0;;0;;;1;0;0;0;0;1;0;0;1;0
1661;2456;0;2456;;1858;;26.10.2023 00:00:00;"F";;26.10.2023 00:00:00;0;;0;;0;;0;;0;;0;;;1;0;0;0;0;1;0;0;1;0
1662;2442;0;2442;;1859;;26.10.2023 00:00:00;"F";;26.10.2023 00:00:00;0;;0;;0;;0;;0;;0;;;1;0;0;0;0;1;0;0;1;0
1663;2457;0;2457;;1860;;26.10.2023 00:00:00;"F";;26.10.2023 00:00:00;0;;0;;0;;0;;0;;0;;;1;0;0;0;0;1;0;0;1;0
1664;2446;0;2446;;1861;;26.10.2023 00:00:00;"F";;26.10.2023 00:00:00;0;;0;;0;;0;;0;;0;;;1;0;0;0;0;1;0;0;1;0
1665;2441;0;2441;;1862;;26.10.2023 00:00:00;"F";;26.10.2023 00:00:00;0;;0;;0;;0;;0;;0;;;1;0;0;0;0;1;0;0;1;0
1666;2452;0;2452;;1863;;26.10.2023 00:00:00;"F";;26.10.2023 00:00:00;0;;0;;0;;0;;0;;0;;;1;0;0;0;0;1;0;0;1;0
1667;2449;0;2449;;1864;;26.10.2023 00:00:00;"F";;26.10.2023 00:00:00;0;;0;;0;;0;;0;;0;;;1;0;0;0;0;1;0;0;1;0
1668;2445;0;2445;;1865;;26.10.2023 00:00:00;"F";;26.10.2023 00:00:00;0;;0;;0;;0;;0;;0;;;1;0;0;0;0;1;0;0;1;0
1669;2455;0;2455;;1866;;26.10.2023 00:00:00;"F";;26.10.2023 00:00:00;0;;0;;0;;0;;0;;0;;;1;0;0;0;0;1;0;0;1;0
1670;2462;0;2462;;1867;;26.10.2023 00:00:00;"F";;26.10.2023 00:00:00;0;;0;;0;;0;;0;;0;;;1;0;0;0;0;1;0;0;1;0
1671;2448;0;2448;;1868;;26.10.2023 00:00:00;"F";;26.10.2023 00:00:00;0;;0;;0;;0;;0;;0;;;1;0;0;0;0;1;0;0;1;0
1672;2454;0;2454;;1869;;26.10.2023 00:00:00;"F";;26.10.2023 00:00:00;0;;0;;0;;0;;0;;0;;;1;0;0;0;0;1;0;0;1;0
1673;2450;0;2450;;1870;;26.10.2023 00:00:00;"F";;26.10.2023 00:00:00;0;;0;;0;;0;;0;;0;;;1;0;0;0;0;1;0;0;1;0
1674;2451;0;2451;;1871;;26.10.2023 00:00:00;"F";;26.10.2023 00:00:00;0;;0;;0;;0;;0;;0;;;1;0;0;0;0;1;0;0;1;0
1675;2453;0;2453;;1872;;26.10.2023 00:00:00;"F";;26.10.2023 00:00:00;0;;0;;0;;0;;0;;0;;;1;0;0;0;0;1;0;0;1;0
1676;2460;0;2460;;1873;;26.10.2023 00:00:00;"F";;26.10.2023 00:00:00;0;;0;;0;;0;;0;;0;;;1;0;0;0;0;1;0;0;1;0
1677;2447;0;2447;;1874;;26.10.2023 00:00:00;"F";;26.10.2023 00:00:00;0;;0;;0;;0;;0;;0;;;1;0;0;0;0;1;0;0;1;0
1678;2459;0;2459;;1875;;26.10.2023 00:00:00;"F";;26.10.2023 00:00:00;0;;0;;0;;0;;0;;0;;;1;0;0;0;0;1;0;0;1;0
1679;2444;0;2444;;1876;;26.10.2023 00:00:00;"F";;26.10.2023 00:00:00;0;;0;;0;;0;;0;;0;;;1;0;0;0;0;1;0;0;1;0
1680;2443;0;2443;;1877;;26.10.2023 00:00:00;"F";;26.10.2023 00:00:00;0;;0;;0;;0;;0;;0;;;1;0;0;0;0;1;0;0;1;0
1681;2440;0;2440;;1878;;26.10.2023 00:00:00;"F";;26.10.2023 00:00:00;0;;0;;0;;0;;0;;0;;;1;0;0;0;0;1;0;0;1;0
1682;2458;0;2458;;1879;;26.10.2023 00:00:00;"F";;26.10.2023 00:00:00;0;;0;;0;;0;;0;;0;;;1;0;0;0;0;1;0;0;1;0
1683;959;0;959;;1880;;23.10.2023 00:00:00;"F";;23.10.2023 00:00:00;0;;0;;0;;0;;0;;0;;;1;0;0;0;0;1;0;0;1;0
1684;963;0;963;;1881;;23.10.2023 00:00:00;"F";;23.10.2023 00:00:00;0;;0;;0;;0;;0;;0;;;1;0;0;0;0;1;0;0;1;0
1685;965;0;965;;1882;;23.10.2023 00:00:00;"F";;23.10.2023 00:00:00;0;;0;;0;;0;;0;;0;;;1;0;0;0;0;1;0;0;1;0
1686;957;0;957;;1883;;23.10.2023 00:00:00;"F";;23.10.2023 00:00:00;0;;0;;0;;0;;0;;0;;;1;0;0;0;0;1;0;0;1;0
1687;960;0;960;;1884;;23.10.2023 00:00:00;"F";;23.10.2023 00:00:00;0;;0;;0;;0;;0;;0;;;1;0;0;0;0;1;0;0;1;0
1688;958;0;958;;1885;;23.10.2023 00:00:00;"F";;23.10.2023 00:00:00;0;;0;;0;;0;;0;;0;;;1;0;0;0;0;1;0;0;1;0
1689;961;0;961;;1886;;23.10.2023 00:00:00;"F";;23.10.2023 00:00:00;0;;0;;0;;0;;0;;0;;;1;0;0;0;0;1;0;0;1;0
1690;967;0;967;;1887;;23.10.2023 00:00:00;"F";;23.10.2023 00:00:00;0;;0;;0;;0;;0;;0;;;1;0;0;0;0;1;0;0;1;0
1691;966;0;966;;1888;;23.10.2023 00:00:00;"F";;23.10.2023 00:00:00;0;;0;;0;;0;;0;;0;;;1;0;0;0;0;1;0;0;1;0
1692;964;0;964;;1889;;23.10.2023 00:00:00;"F";;23.10.2023 00:00:00;0;;0;;0;;0;;0;;0;;;1;0;0;0;0;1;0;0;1;0
1693;962;0;962;;1890;;23.10.2023 00:00:00;"F";;23.10.2023 00:00:00;0;;0;;0;;0;;0;;0;;;1;0;0;0;0;1;0;0;1;0
1694;3511;0;3511;;1891;;22.9.2023 00:00:00;"F";;22.9.2023 00:00:00;0;;0;;0;;0;;0;;0;;;1;0;0;0;0;1;0;0;1;0
1695;862;0;862;;1892;;22.9.2023 00:00:00;"F";;22.9.2023 00:00:00;0;;0;;0;;0;;0;;0;;;1;0;0;0;0;1;0;0;1;0
1696;856;0;856;;1893;;22.9.2023 00:00:00;"F";;22.9.2023 00:00:00;0;;0;;0;;0;;0;;0;;;1;0;0;0;0;1;0;0;1;0
1697;858;0;858;;1894;;22.9.2023 00:00:00;"F";;22.9.2023 00:00:00;0;;0;;0;;0;;0;;0;;;1;0;0;0;0;1;0;0;1;0
1698;864;0;864;;1895;;22.9.2023 00:00:00;"F";;22.9.2023 00:00:00;0;;0;;0;;0;;0;;0;;;1;0;0;0;0;1;0;0;1;0
1699;854;0;854;;1896;;22.9.2023 00:00:00;"F";;22.9.2023 00:00:00;0;;0;;0;;0;;0;;0;;;1;0;0;0;0;1;0;0;1;0
1700;859;0;859;;1897;;22.9.2023 00:00:00;"F";;22.9.2023 00:00:00;0;;0;;0;;0;;0;;0;;;1;0;0;0;0;1;0;0;1;0
1701;2041;0;2041;;1898;;22.9.2023 00:00:00;"F";;22.9.2023 00:00:00;0;;0;;0;;0;;0;;0;;;1;0;0;0;0;1;0;0;1;0
1702;853;0;853;;1899;;22.9.2023 00:00:00;"F";;22.9.2023 00:00:00;0;;0;;0;;0;;0;;0;;;1;0;0;0;0;1;0;0;1;0
1703;860;0;860;;1900;;22.9.2023 00:00:00;"F";;22.9.2023 00:00:00;0;;0;;0;;0;;0;;0;;;1;0;0;0;0;1;0;0;1;0
1704;861;0;861;;1901;;22.9.2023 00:00:00;"F";;22.9.2023 00:00:00;0;;0;;0;;0;;0;;0;;;1;0;0;0;0;1;0;0;1;0
1705;855;0;855;;1902;;22.9.2023 00:00:00;"F";;22.9.2023 00:00:00;0;;0;;0;;0;;0;;0;;;1;0;0;0;0;1;0;0;1;0
1706;863;0;863;;1903;;22.9.2023 00:00:00;"F";;22.9.2023 00:00:00;0;;0;;0;;0;;0;;0;;;1;0;0;0;0;1;0;0;1;0
1707;821;0;821;;1904;;22.9.2023 00:00:00;"F";;22.9.2023 00:00:00;0;;0;;0;;0;;0;;0;;;1;0;0;0;0;1;0;0;1;0
1708;822;0;822;;1905;;22.9.2023 00:00:00;"F";;22.9.2023 00:00:00;0;;0;;0;;0;;0;;0;;;1;0;0;0;0;1;0;0;1;0
1709;823;0;823;;1906;;22.9.2023 00:00:00;"F";;22.9.2023 00:00:00;0;;0;;0;;0;;0;;0;;;1;0;0;0;0;1;0;0;1;0
1710;831;0;831;;1907;;22.9.2023 00:00:00;"F";;22.9.2023 00:00:00;0;;0;;0;;0;;0;;0;;;1;0;0;0;0;1;0;0;1;0
1711;827;0;827;;1908;;22.9.2023 00:00:00;"F";;22.9.2023 00:00:00;0;;0;;0;;0;;0;;0;;;1;0;0;0;0;1;0;0;1;0
1712;829;0;829;;1909;;22.9.2023 00:00:00;"F";;22.9.2023 00:00:00;0;;0;;0;;0;;0;;0;;;1;0;0;0;0;1;0;0;1;0
1713;828;0;828;;1910;;22.9.2023 00:00:00;"F";;22.9.2023 00:00:00;0;;0;;0;;0;;0;;0;;;1;0;0;0;0;1;0;0;1;0
1714;825;0;825;;1911;;22.9.2023 00:00:00;"F";;22.9.2023 00:00:00;0;;0;;0;;0;;0;;0;;;1;0;0;0;0;1;0;0;1;0
1715;824;0;824;;1912;;22.9.2023 00:00:00;"F";;22.9.2023 00:00:00;0;;0;;0;;0;;0;;0;;;1;0;0;0;0;1;0;0;1;0
1716;830;0;830;;1913;;22.9.2023 00:00:00;"F";;22.9.2023 00:00:00;0;;0;;0;;0;;0;;0;;;1;0;0;0;0;1;0;0;1;0
1717;826;0;826;;1914;;22.9.2023 00:00:00;"F";;22.9.2023 00:00:00;0;;0;;0;;0;;0;;0;;;1;0;0;0;0;1;0;0;1;0
1718;2004;0;2004;;1915;;22.5.2023 00:00:00;"F";;22.5.2023 00:00:00;0;;0;;0;;0;;0;;0;;;1;0;0;0;0;1;0;0;1;0
1719;2003;0;2003;;1916;;22.5.2023 00:00:00;"F";;22.5.2023 00:00:00;0;;0;;0;;0;;0;;0;;;1;0;0;0;0;1;0;0;1;0
1720;2005;0;2005;;1917;;22.5.2023 00:00:00;"F";;22.5.2023 00:00:00;0;;0;;0;;0;;0;;0;;;1;0;0;0;0;1;0;0;1;0
1721;2006;0;2006;;1918;;22.5.2023 00:00:00;"F";;22.5.2023 00:00:00;0;;0;;0;;0;;0;;0;;;1;0;0;0;0;1;0;0;1;0
1722;1532;0;1532;;1919;;21.12.2023 00:00:00;"F";;21.12.2023 00:00:00;0;;0;;0;;0;;0;;0;;;1;0;0;0;0;1;0;0;1;0
1723;1534;0;1534;;1920;;21.12.2023 00:00:00;"F";;21.12.2023 00:00:00;0;;0;;0;;0;;0;;0;;;1;0;0;0;0;1;0;0;1;0
1724;1533;0;1533;;1921;;21.12.2023 00:00:00;"F";;21.12.2023 00:00:00;0;;0;;0;;0;;0;;0;;;1;0;0;0;0;1;0;0;1;0
1725;1331;0;1331;;1922;;21.12.2023 00:00:00;"F";;21.12.2023 00:00:00;0;;0;;0;;0;;0;;0;;;1;0;0;0;0;1;0;0;1;0
1726;1344;0;1344;;1923;;21.12.2023 00:00:00;"F";;21.12.2023 00:00:00;0;;0;;0;;0;;0;;0;;;1;0;0;0;0;1;0;0;1;0
1727;1612;0;1612;;1924;;21.12.2023 00:00:00;"F";;21.12.2023 00:00:00;0;;0;;0;;0;;0;;0;;;1;0;0;0;0;1;0;0;1;0
1728;1636;0;1636;;1925;;21.12.2023 00:00:00;"F";;21.12.2023 00:00:00;0;;0;;0;;0;;0;;0;;;1;0;0;0;0;1;0;0;1;0
1729;1631;0;1631;;1926;;21.12.2023 00:00:00;"F";;21.12.2023 00:00:00;0;;0;;0;;0;;0;;0;;;1;0;0;0;0;1;0;0;1;0
1730;1589;0;1589;;1927;;21.12.2023 00:00:00;"F";;21.12.2023 00:00:00;0;;0;;0;;0;;0;;0;;;1;0;0;0;0;1;0;0;1;0
1731;1614;0;1614;;1928;;21.12.2023 00:00:00;"F";;21.12.2023 00:00:00;0;;0;;0;;0;;0;;0;;;1;0;0;0;0;1;0;0;1;0
1732;1607;0;1607;;1929;;21.12.2023 00:00:00;"F";;21.12.2023 00:00:00;0;;0;;0;;0;;0;;0;;;1;0;0;0;0;1;0;0;1;0
1733;1605;0;1605;;1930;;21.12.2023 00:00:00;"F";;21.12.2023 00:00:00;0;;0;;0;;0;;0;;0;;;1;0;0;0;0;1;0;0;1;0
1734;1600;0;1600;;1931;;21.12.2023 00:00:00;"F";;21.12.2023 00:00:00;0;;0;;0;;0;;0;;0;;;1;0;0;0;0;1;0;0;1;0
1735;1594;0;1594;;1932;;21.12.2023 00:00:00;"F";;21.12.2023 00:00:00;0;;0;;0;;0;;0;;0;;;1;0;0;0;0;1;0;0;1;0
1736;1603;0;1603;;1933;;21.12.2023 00:00:00;"F";;21.12.2023 00:00:00;0;;0;;0;;0;;0;;0;;;1;0;0;0;0;1;0;0;1;0
1737;1634;0;1634;;1934;;21.12.2023 00:00:00;"F";;21.12.2023 00:00:00;0;;0;;0;;0;;0;;0;;;1;0;0;0;0;1;0;0;1;0
1738;1326;0;1326;;1935;;21.12.2023 00:00:00;"F";;21.12.2023 00:00:00;0;;0;;0;;0;;0;;0;;;1;0;0;0;0;1;0;0;1;0
1739;1638;0;1638;;1936;;21.12.2023 00:00:00;"F";;21.12.2023 00:00:00;0;;0;;0;;0;;0;;0;;;1;0;0;0;0;1;0;0;1;0
1740;1629;0;1629;;1937;;21.12.2023 00:00:00;"F";;21.12.2023 00:00:00;0;;0;;0;;0;;0;;0;;;1;0;0;0;0;1;0;0;1;0
1741;1598;0;1598;;1938;;21.12.2023 00:00:00;"F";;21.12.2023 00:00:00;0;;0;;0;;0;;0;;0;;;1;0;0;0;0;1;0;0;1;0
1742;1330;0;1330;;1939;;21.12.2023 00:00:00;"F";;21.12.2023 00:00:00;0;;0;;0;;0;;0;;0;;;1;0;0;0;0;1;0;0;1;0
1743;1324;0;1324;;1940;;21.12.2023 00:00:00;"F";;21.12.2023 00:00:00;0;;0;;0;;0;;0;;0;;;1;0;0;0;0;1;0;0;1;0
1744;1596;0;1596;;1941;;21.12.2023 00:00:00;"F";;21.12.2023 00:00:00;0;;0;;0;;0;;0;;0;;;1;0;0;0;0;1;0;0;1;0
1745;1632;0;1632;;1942;;21.12.2023 00:00:00;"F";;21.12.2023 00:00:00;0;;0;;0;;0;;0;;0;;;1;0;0;0;0;1;0;0;1;0
1746;1630;0;1630;;1943;;21.12.2023 00:00:00;"F";;21.12.2023 00:00:00;0;;0;;0;;0;;0;;0;;;1;0;0;0;0;1;0;0;1;0
1747;1606;0;1606;;1944;;21.12.2023 00:00:00;"F";;21.12.2023 00:00:00;0;;0;;0;;0;;0;;0;;;1;0;0;0;0;1;0;0;1;0
1748;1597;0;1597;;1945;;21.12.2023 00:00:00;"F";;21.12.2023 00:00:00;0;;0;;0;;0;;0;;0;;;1;0;0;0;0;1;0;0;1;0
1749;1604;0;1604;;1946;;21.12.2023 00:00:00;"F";;21.12.2023 00:00:00;0;;0;;0;;0;;0;;0;;;1;0;0;0;0;1;0;0;1;0
1750;1591;0;1591;;1947;;21.12.2023 00:00:00;"F";;21.12.2023 00:00:00;0;;0;;0;;0;;0;;0;;;1;0;0;0;0;1;0;0;1;0
1751;1633;0;1633;;1948;;21.12.2023 00:00:00;"F";;21.12.2023 00:00:00;0;;0;;0;;0;;0;;0;;;1;0;0;0;0;1;0;0;1;0
1752;1602;0;1602;;1949;;21.12.2023 00:00:00;"F";;21.12.2023 00:00:00;0;;0;;0;;0;;0;;0;;;1;0;0;0;0;1;0;0;1;0
1753;1593;0;1593;;1950;;21.12.2023 00:00:00;"F";;21.12.2023 00:00:00;0;;0;;0;;0;;0;;0;;;1;0;0;0;0;1;0;0;1;0
1754;1601;0;1601;;1951;;21.12.2023 00:00:00;"F";;21.12.2023 00:00:00;0;;0;;0;;0;;0;;0;;;1;0;0;0;0;1;0;0;1;0
1755;1322;0;1322;;1952;;21.12.2023 00:00:00;"F";;21.12.2023 00:00:00;0;;0;;0;;0;;0;;0;;;1;0;0;0;0;1;0;0;1;0
1756;1599;0;1599;;1953;;21.12.2023 00:00:00;"F";;21.12.2023 00:00:00;0;;0;;0;;0;;0;;0;;;1;0;0;0;0;1;0;0;1;0
1757;1328;0;1328;;1954;;21.12.2023 00:00:00;"F";;21.12.2023 00:00:00;0;;0;;0;;0;;0;;0;;;1;0;0;0;0;1;0;0;1;0
1758;1637;0;1637;;1955;;21.12.2023 00:00:00;"F";;21.12.2023 00:00:00;0;;0;;0;;0;;0;;0;;;1;0;0;0;0;1;0;0;1;0
1759;1345;0;1345;;1956;;21.12.2023 00:00:00;"F";;21.12.2023 00:00:00;0;;0;;0;;0;;0;;0;;;1;0;0;0;0;1;0;0;1;0
1760;1321;0;1321;;1957;;21.12.2023 00:00:00;"F";;21.12.2023 00:00:00;0;;0;;0;;0;;0;;0;;;1;0;0;0;0;1;0;0;1;0
1761;1332;0;1332;;1958;;21.12.2023 00:00:00;"F";;21.12.2023 00:00:00;0;;0;;0;;0;;0;;0;;;1;0;0;0;0;1;0;0;1;0
1762;1323;0;1323;;1959;;21.12.2023 00:00:00;"F";;21.12.2023 00:00:00;0;;0;;0;;0;;0;;0;;;1;0;0;0;0;1;0;0;1;0
1763;1595;0;1595;;1960;;21.12.2023 00:00:00;"F";;21.12.2023 00:00:00;0;;0;;0;;0;;0;;0;;;1;0;0;0;0;1;0;0;1;0
1764;1592;0;1592;;1961;;21.12.2023 00:00:00;"F";;21.12.2023 00:00:00;0;;0;;0;;0;;0;;0;;;1;0;0;0;0;1;0;0;1;0
1765;1628;0;1628;;1962;;21.12.2023 00:00:00;"F";;21.12.2023 00:00:00;0;;0;;0;;0;;0;;0;;;1;0;0;0;0;1;0;0;1;0
1766;1635;0;1635;;1963;;21.12.2023 00:00:00;"F";;21.12.2023 00:00:00;0;;0;;0;;0;;0;;0;;;1;0;0;0;0;1;0;0;1;0
1767;1625;0;1625;;1964;;21.12.2023 00:00:00;"F";;21.12.2023 00:00:00;0;;0;;0;;0;;0;;0;;;1;0;0;0;0;1;0;0;1;0
1768;3983;0;3983;;1965;;21.12.2023 00:00:00;"F";;21.12.2023 00:00:00;0;;0;;0;;0;;0;;0;;;1;0;0;0;0;1;0;0;1;0
1769;1590;0;1590;;1966;;21.12.2023 00:00:00;"F";;21.12.2023 00:00:00;0;;0;;0;;0;;0;;0;;;1;0;0;0;0;1;0;0;1;0
1770;1627;0;1627;;1967;;21.12.2023 00:00:00;"F";;21.12.2023 00:00:00;0;;0;;0;;0;;0;;0;;;1;0;0;0;0;1;0;0;1;0
1771;1623;0;1623;;1968;;21.12.2023 00:00:00;"F";;21.12.2023 00:00:00;0;;0;;0;;0;;0;;0;;;1;0;0;0;0;1;0;0;1;0
1772;1329;0;1329;;1969;;21.12.2023 00:00:00;"F";;21.12.2023 00:00:00;0;;0;;0;;0;;0;;0;;;1;0;0;0;0;1;0;0;1;0
1773;1626;0;1626;;1970;;21.12.2023 00:00:00;"F";;21.12.2023 00:00:00;0;;0;;0;;0;;0;;0;;;1;0;0;0;0;1;0;0;1;0
1774;1624;0;1624;;1971;;21.12.2023 00:00:00;"F";;21.12.2023 00:00:00;0;;0;;0;;0;;0;;0;;;1;0;0;0;0;1;0;0;1;0
1775;1290;0;1290;;1972;;21.8.2023 00:00:00;"F";;21.8.2023 00:00:00;0;;0;;0;;0;;0;;0;;;1;0;0;0;0;1;0;0;1;0
1776;1287;0;1287;;1973;;21.8.2023 00:00:00;"F";;21.8.2023 00:00:00;0;;0;;0;;0;;0;;0;;;1;0;0;0;0;1;0;0;1;0
1777;1289;0;1289;;1974;;21.8.2023 00:00:00;"F";;21.8.2023 00:00:00;0;;0;;0;;0;;0;;0;;;1;0;0;0;0;1;0;0;1;0
1778;1288;0;1288;;1975;;21.8.2023 00:00:00;"F";;21.8.2023 00:00:00;0;;0;;0;;0;;0;;0;;;1;0;0;0;0;1;0;0;1;0
1779;2026;0;2026;;1976;;20.10.2023 00:00:00;"F";;20.10.2023 00:00:00;0;;0;;0;;0;;0;;0;;;1;0;0;0;0;1;0;0;1;0
1780;2034;0;2034;;1977;;20.10.2023 00:00:00;"F";;20.10.2023 00:00:00;0;;0;;0;;0;;0;;0;;;1;0;0;0;0;1;0;0;1;0
1781;2030;0;2030;;1978;;20.10.2023 00:00:00;"F";;20.10.2023 00:00:00;0;;0;;0;;0;;0;;0;;;1;0;0;0;0;1;0;0;1;0
1782;2037;0;2037;;1979;;20.10.2023 00:00:00;"F";;20.10.2023 00:00:00;0;;0;;0;;0;;0;;0;;;1;0;0;0;0;1;0;0;1;0
1783;2025;0;2025;;1980;;20.10.2023 00:00:00;"F";;20.10.2023 00:00:00;0;;0;;0;;0;;0;;0;;;1;0;0;0;0;1;0;0;1;0
1784;2035;0;2035;;1981;;20.10.2023 00:00:00;"F";;20.10.2023 00:00:00;0;;0;;0;;0;;0;;0;;;1;0;0;0;0;1;0;0;1;0
1785;2032;0;2032;;1982;;20.10.2023 00:00:00;"F";;20.10.2023 00:00:00;0;;0;;0;;0;;0;;0;;;1;0;0;0;0;1;0;0;1;0
1786;2028;0;2028;;1983;;20.10.2023 00:00:00;"F";;20.10.2023 00:00:00;0;;0;;0;;0;;0;;0;;;1;0;0;0;0;1;0;0;1;0
1787;2023;0;2023;;1984;;20.10.2023 00:00:00;"F";;20.10.2023 00:00:00;0;;0;;0;;0;;0;;0;;;1;0;0;0;0;1;0;0;1;0
1788;2029;0;2029;;1985;;20.10.2023 00:00:00;"F";;20.10.2023 00:00:00;0;;0;;0;;0;;0;;0;;;1;0;0;0;0;1;0;0;1;0
1789;2033;0;2033;;1986;;20.10.2023 00:00:00;"F";;20.10.2023 00:00:00;0;;0;;0;;0;;0;;0;;;1;0;0;0;0;1;0;0;1;0
1790;2024;0;2024;;1987;;20.10.2023 00:00:00;"F";;20.10.2023 00:00:00;0;;0;;0;;0;;0;;0;;;1;0;0;0;0;1;0;0;1;0
1791;2021;0;2021;;1988;;20.10.2023 00:00:00;"F";;20.10.2023 00:00:00;0;;0;;0;;0;;0;;0;;;1;0;0;0;0;1;0;0;1;0
1792;2031;0;2031;;1989;;20.10.2023 00:00:00;"F";;20.10.2023 00:00:00;0;;0;;0;;0;;0;;0;;;1;0;0;0;0;1;0;0;1;0
1793;2036;0;2036;;1990;;20.10.2023 00:00:00;"F";;20.10.2023 00:00:00;0;;0;;0;;0;;0;;0;;;1;0;0;0;0;1;0;0;1;0
1794;2022;0;2022;;1991;;20.10.2023 00:00:00;"F";;20.10.2023 00:00:00;0;;0;;0;;0;;0;;0;;;1;0;0;0;0;1;0;0;1;0
1795;2027;0;2027;;1992;;20.10.2023 00:00:00;"F";;20.10.2023 00:00:00;0;;0;;0;;0;;0;;0;;;1;0;0;0;0;1;0;0;1;0
1796;982;0;982;;1993;;20.10.2023 00:00:00;"F";;20.10.2023 00:00:00;0;;0;;0;;0;;0;;0;;;1;0;0;0;0;1;0;0;1;0
1797;972;0;972;;1994;;20.10.2023 00:00:00;"F";;20.10.2023 00:00:00;0;;0;;0;;0;;0;;0;;;1;0;0;0;0;1;0;0;1;0
1798;974;0;974;;1995;;20.10.2023 00:00:00;"F";;20.10.2023 00:00:00;0;;0;;0;;0;;0;;0;;;1;0;0;0;0;1;0;0;1;0
1799;970;0;970;;1996;;20.10.2023 00:00:00;"F";;20.10.2023 00:00:00;0;;0;;0;;0;;0;;0;;;1;0;0;0;0;1;0;0;1;0
1800;969;0;969;;1997;;20.10.2023 00:00:00;"F";;20.10.2023 00:00:00;0;;0;;0;;0;;0;;0;;;1;0;0;0;0;1;0;0;1;0
1801;973;0;973;;1998;;20.10.2023 00:00:00;"F";;20.10.2023 00:00:00;0;;0;;0;;0;;0;;0;;;1;0;0;0;0;1;0;0;1;0
1802;979;0;979;;1999;;20.10.2023 00:00:00;"F";;20.10.2023 00:00:00;0;;0;;0;;0;;0;;0;;;1;0;0;0;0;1;0;0;1;0
1803;978;0;978;;2000;;20.10.2023 00:00:00;"F";;20.10.2023 00:00:00;0;;0;;0;;0;;0;;0;;;1;0;0;0;0;1;0;0;1;0
1804;981;0;981;;2001;;20.10.2023 00:00:00;"F";;20.10.2023 00:00:00;0;;0;;0;;0;;0;;0;;;1;0;0;0;0;1;0;0;1;0
1805;977;0;977;;2002;;20.10.2023 00:00:00;"F";;20.10.2023 00:00:00;0;;0;;0;;0;;0;;0;;;1;0;0;0;0;1;0;0;1;0
1806;989;0;989;;2003;;20.10.2023 00:00:00;"F";;20.10.2023 00:00:00;0;;0;;0;;0;;0;;0;;;1;0;0;0;0;1;0;0;1;0
1807;3694;0;3694;;2004;;20.10.2023 00:00:00;"F";;20.10.2023 00:00:00;0;;0;;0;;0;;0;;0;;;1;0;0;0;0;1;0;0;1;0
1808;3693;0;3693;;2005;;20.10.2023 00:00:00;"F";;20.10.2023 00:00:00;0;;0;;0;;0;;0;;0;;;1;0;0;0;0;1;0;0;1;0
1809;976;0;976;;2006;;20.10.2023 00:00:00;"F";;20.10.2023 00:00:00;0;;0;;0;;0;;0;;0;;;1;0;0;0;0;1;0;0;1;0
1810;983;0;983;;2007;;20.10.2023 00:00:00;"F";;20.10.2023 00:00:00;0;;0;;0;;0;;0;;0;;;1;0;0;0;0;1;0;0;1;0
1811;2281;0;2281;;2008;;20.10.2023 00:00:00;"F";;20.10.2023 00:00:00;0;;0;;0;;0;;0;;0;;;1;0;0;0;0;1;0;0;1;0
1812;986;0;986;;2009;;20.10.2023 00:00:00;"F";;20.10.2023 00:00:00;0;;0;;0;;0;;0;;0;;;1;0;0;0;0;1;0;0;1;0
1813;987;0;987;;2010;;20.10.2023 00:00:00;"F";;20.10.2023 00:00:00;0;;0;;0;;0;;0;;0;;;1;0;0;0;0;1;0;0;1;0
1814;2260;0;2260;;2011;;20.10.2023 00:00:00;"F";;20.10.2023 00:00:00;0;;0;;0;;0;;0;;0;;;1;0;0;0;0;1;0;0;1;0
1815;985;0;985;;2012;;20.10.2023 00:00:00;"F";;20.10.2023 00:00:00;0;;0;;0;;0;;0;;0;;;1;0;0;0;0;1;0;0;1;0
1816;984;0;984;;2013;;20.10.2023 00:00:00;"F";;20.10.2023 00:00:00;0;;0;;0;;0;;0;;0;;;1;0;0;0;0;1;0;0;1;0
1817;988;0;988;;2014;;20.10.2023 00:00:00;"F";;20.10.2023 00:00:00;0;;0;;0;;0;;0;;0;;;1;0;0;0;0;1;0;0;1;0
1818;2346;0;2346;;2015;;19.10.2023 00:00:00;"F";;19.10.2023 00:00:00;0;;0;;0;;0;;0;;0;;;1;0;0;0;0;1;0;0;1;0
1819;2356;0;2356;;2016;;19.10.2023 00:00:00;"F";;19.10.2023 00:00:00;0;;0;;0;;0;;0;;0;;;1;0;0;0;0;1;0;0;1;0
1820;50;0;50;;2017;;19.10.2023 00:00:00;"F";;19.10.2023 00:00:00;0;;0;;0;;0;;0;;0;;;1;0;0;0;0;1;0;0;1;0
1821;2350;0;2350;;2018;;19.10.2023 00:00:00;"F";;19.10.2023 00:00:00;0;;0;;0;;0;;0;;0;;;1;0;0;0;0;1;0;0;1;0
1822;2351;0;2351;;2019;;19.10.2023 00:00:00;"F";;19.10.2023 00:00:00;0;;0;;0;;0;;0;;0;;;1;0;0;0;0;1;0;0;1;0
1823;2337;0;2337;;2020;;19.10.2023 00:00:00;"F";;19.10.2023 00:00:00;0;;0;;0;;0;;0;;0;;;1;0;0;0;0;1;0;0;1;0
1824;68;0;68;;2021;;19.10.2023 00:00:00;"F";;19.10.2023 00:00:00;0;;0;;0;;0;;0;;0;;;1;0;0;0;0;1;0;0;1;0
1825;2331;0;2331;;2022;;19.10.2023 00:00:00;"F";;19.10.2023 00:00:00;0;;0;;0;;0;;0;;0;;;1;0;0;0;0;1;0;0;1;0
1826;2333;0;2333;;2023;;19.10.2023 00:00:00;"F";;19.10.2023 00:00:00;0;;0;;0;;0;;0;;0;;;1;0;0;0;0;1;0;0;1;0
1827;2347;0;2347;;2024;;19.10.2023 00:00:00;"F";;19.10.2023 00:00:00;0;;0;;0;;0;;0;;0;;;1;0;0;0;0;1;0;0;1;0
1828;2354;0;2354;;2025;;19.10.2023 00:00:00;"F";;19.10.2023 00:00:00;0;;0;;0;;0;;0;;0;;;1;0;0;0;0;1;0;0;1;0
1829;2353;0;2353;;2026;;19.10.2023 00:00:00;"F";;19.10.2023 00:00:00;0;;0;;0;;0;;0;;0;;;1;0;0;0;0;1;0;0;1;0
1830;2340;0;2340;;2027;;19.10.2023 00:00:00;"F";;19.10.2023 00:00:00;0;;0;;0;;0;;0;;0;;;1;0;0;0;0;1;0;0;1;0
1831;2352;0;2352;;2028;;19.10.2023 00:00:00;"F";;19.10.2023 00:00:00;0;;0;;0;;0;;0;;0;;;1;0;0;0;0;1;0;0;1;0
1832;2344;0;2344;;2029;;19.10.2023 00:00:00;"F";;19.10.2023 00:00:00;0;;0;;0;;0;;0;;0;;;1;0;0;0;0;1;0;0;1;0
1833;2342;0;2342;;2030;;19.10.2023 00:00:00;"F";;19.10.2023 00:00:00;0;;0;;0;;0;;0;;0;;;1;0;0;0;0;1;0;0;1;0
1834;2343;0;2343;;2031;;19.10.2023 00:00:00;"F";;19.10.2023 00:00:00;0;;0;;0;;0;;0;;0;;;1;0;0;0;0;1;0;0;1;0
1835;2338;0;2338;;2032;;19.10.2023 00:00:00;"F";;19.10.2023 00:00:00;0;;0;;0;;0;;0;;0;;;1;0;0;0;0;1;0;0;1;0
1836;2335;0;2335;;2033;;19.10.2023 00:00:00;"F";;19.10.2023 00:00:00;0;;0;;0;;0;;0;;0;;;1;0;0;0;0;1;0;0;1;0
1837;2348;0;2348;;2034;;19.10.2023 00:00:00;"F";;19.10.2023 00:00:00;0;;0;;0;;0;;0;;0;;;1;0;0;0;0;1;0;0;1;0
1838;2341;0;2341;;2035;;19.10.2023 00:00:00;"F";;19.10.2023 00:00:00;0;;0;;0;;0;;0;;0;;;1;0;0;0;0;1;0;0;1;0
1839;2339;0;2339;;2036;;19.10.2023 00:00:00;"F";;19.10.2023 00:00:00;0;;0;;0;;0;;0;;0;;;1;0;0;0;0;1;0;0;1;0
1840;2330;0;2330;;2037;;19.10.2023 00:00:00;"F";;19.10.2023 00:00:00;0;;0;;0;;0;;0;;0;;;1;0;0;0;0;1;0;0;1;0
1841;2332;0;2332;;2038;;19.10.2023 00:00:00;"F";;19.10.2023 00:00:00;0;;0;;0;;0;;0;;0;;;1;0;0;0;0;1;0;0;1;0
1842;2355;0;2355;;2039;;19.10.2023 00:00:00;"F";;19.10.2023 00:00:00;0;;0;;0;;0;;0;;0;;;1;0;0;0;0;1;0;0;1;0
1843;2357;0;2357;;2040;;19.10.2023 00:00:00;"F";;19.10.2023 00:00:00;0;;0;;0;;0;;0;;0;;;1;0;0;0;0;1;0;0;1;0
1844;2329;0;2329;;2041;;19.10.2023 00:00:00;"F";;19.10.2023 00:00:00;0;;0;;0;;0;;0;;0;;;1;0;0;0;0;1;0;0;1;0
1845;2336;0;2336;;2042;;19.10.2023 00:00:00;"F";;19.10.2023 00:00:00;0;;0;;0;;0;;0;;0;;;1;0;0;0;0;1;0;0;1;0
1846;2334;0;2334;;2043;;19.10.2023 00:00:00;"F";;19.10.2023 00:00:00;0;;0;;0;;0;;0;;0;;;1;0;0;0;0;1;0;0;1;0
1847;454;0;454;;2044;;18.9.2023 00:00:00;"F";;18.9.2023 00:00:00;0;;0;;0;;0;;0;;0;;;1;0;0;0;0;1;0;0;1;0
1848;455;0;455;;2045;;18.9.2023 00:00:00;"F";;18.9.2023 00:00:00;0;;0;;0;;0;;0;;0;;;1;0;0;0;0;1;0;0;1;0
1849;447;0;447;;2046;;18.9.2023 00:00:00;"F";;18.9.2023 00:00:00;0;;0;;0;;0;;0;;0;;;1;0;0;0;0;1;0;0;1;0
1850;457;0;457;;2047;;18.9.2023 00:00:00;"F";;18.9.2023 00:00:00;0;;0;;0;;0;;0;;0;;;1;0;0;0;0;1;0;0;1;0
1851;451;0;451;;2048;;18.9.2023 00:00:00;"F";;18.9.2023 00:00:00;0;;0;;0;;0;;0;;0;;;1;0;0;0;0;1;0;0;1;0
1852;448;0;448;;2049;;18.9.2023 00:00:00;"F";;18.9.2023 00:00:00;0;;0;;0;;0;;0;;0;;;1;0;0;0;0;1;0;0;1;0
1853;453;0;453;;2051;;18.9.2023 00:00:00;"F";;18.9.2023 00:00:00;0;;0;;0;;0;;0;;0;;;1;0;0;0;0;1;0;0;1;0
1855;452;0;452;;2052;;18.9.2023 00:00:00;"F";;18.9.2023 00:00:00;0;;0;;0;;0;;0;;0;;;1;0;0;0;0;1;0;0;1;0
1856;449;0;449;;2053;;18.9.2023 00:00:00;"F";;18.9.2023 00:00:00;0;;0;;0;;0;;0;;0;;;1;0;0;0;0;1;0;0;1;0
1857;450;0;450;;2054;;18.9.2023 00:00:00;"F";;18.9.2023 00:00:00;0;;0;;0;;0;;0;;0;;;1;0;0;0;0;1;0;0;1;0
1858;458;0;458;;2055;;18.9.2023 00:00:00;"F";;18.9.2023 00:00:00;0;;0;;0;;0;;0;;0;;;1;0;0;0;0;1;0;0;1;0
1859;4054;0;4054;;2057;;18.9.2023 00:00:00;"F";;18.9.2023 00:00:00;0;;0;;0;;0;;0;;0;;;1;0;0;0;0;1;0;0;1;0
1861;1304;0;1304;;2058;;17.11.2023 00:00:00;"F";;17.11.2023 00:00:00;0;;0;;0;;0;;0;;0;;;1;0;0;0;0;1;0;0;1;0
1862;1331;0;1331;;2059;;17.11.2023 00:00:00;"F";;17.11.2023 00:00:00;0;;0;;0;;0;;0;;0;;;1;0;0;0;0;1;0;0;1;0
1863;1344;0;1344;;2060;;17.11.2023 00:00:00;"F";;17.11.2023 00:00:00;0;;0;;0;;0;;0;;0;;;1;0;0;0;0;1;0;0;1;0
1864;1343;0;1343;;2061;;17.11.2023 00:00:00;"F";;17.11.2023 00:00:00;0;;0;;0;;0;;0;;0;;;1;0;0;0;0;1;0;0;1;0
1865;1327;0;1327;;2062;;17.11.2023 00:00:00;"F";;17.11.2023 00:00:00;0;;0;;0;;0;;0;;0;;;1;0;0;0;0;1;0;0;1;0
1866;1298;0;1298;;2063;;17.11.2023 00:00:00;"F";;17.11.2023 00:00:00;0;;0;;0;;0;;0;;0;;;1;0;0;0;0;1;0;0;1;0
1867;3913;0;3913;;2064;;17.11.2023 00:00:00;"F";;17.11.2023 00:00:00;0;;0;;0;;0;;0;;0;;;1;0;0;0;0;1;0;0;1;0
1868;1614;0;1614;;2065;;17.11.2023 00:00:00;"F";;17.11.2023 00:00:00;0;;0;;0;;0;;0;;0;;;1;0;0;0;0;1;0;0;1;0
1869;1300;0;1300;;2066;;17.11.2023 00:00:00;"F";;17.11.2023 00:00:00;0;;0;;0;;0;;0;;0;;;1;0;0;0;0;1;0;0;1;0
1870;1313;0;1313;;2067;;17.11.2023 00:00:00;"F";;17.11.2023 00:00:00;0;;0;;0;;0;;0;;0;;;1;0;0;0;0;1;0;0;1;0
1871;1315;0;1315;;2068;;17.11.2023 00:00:00;"F";;17.11.2023 00:00:00;0;;0;;0;;0;;0;;0;;;1;0;0;0;0;1;0;0;1;0
1872;1308;0;1308;;2069;;17.11.2023 00:00:00;"F";;17.11.2023 00:00:00;0;;0;;0;;0;;0;;0;;;1;0;0;0;0;1;0;0;1;0
1873;1326;0;1326;;2070;;17.11.2023 00:00:00;"F";;17.11.2023 00:00:00;0;;0;;0;;0;;0;;0;;;1;0;0;0;0;1;0;0;1;0
1874;1302;0;1302;;2071;;17.11.2023 00:00:00;"F";;17.11.2023 00:00:00;0;;0;;0;;0;;0;;0;;;1;0;0;0;0;1;0;0;1;0
1875;1311;0;1311;;2072;;17.11.2023 00:00:00;"F";;17.11.2023 00:00:00;0;;0;;0;;0;;0;;0;;;1;0;0;0;0;1;0;0;1;0
1876;1309;0;1309;;2073;;17.11.2023 00:00:00;"F";;17.11.2023 00:00:00;0;;0;;0;;0;;0;;0;;;1;0;0;0;0;1;0;0;1;0
1877;1330;0;1330;;2074;;17.11.2023 00:00:00;"F";;17.11.2023 00:00:00;0;;0;;0;;0;;0;;0;;;1;0;0;0;0;1;0;0;1;0
1878;1317;0;1317;;2075;;17.11.2023 00:00:00;"F";;17.11.2023 00:00:00;0;;0;;0;;0;;0;;0;;;1;0;0;0;0;1;0;0;1;0
1879;1299;0;1299;;2076;;17.11.2023 00:00:00;"F";;17.11.2023 00:00:00;0;;0;;0;;0;;0;;0;;;1;0;0;0;0;1;0;0;1;0
1880;1324;0;1324;;2077;;17.11.2023 00:00:00;"F";;17.11.2023 00:00:00;0;;0;;0;;0;;0;;0;;;1;0;0;0;0;1;0;0;1;0
1881;1341;0;1341;;2078;;17.11.2023 00:00:00;"F";;17.11.2023 00:00:00;0;;0;;0;;0;;0;;0;;;1;0;0;0;0;1;0;0;1;0
1882;1295;0;1295;;2079;;17.11.2023 00:00:00;"F";;17.11.2023 00:00:00;0;;0;;0;;0;;0;;0;;;1;0;0;0;0;1;0;0;1;0
1883;1336;0;1336;;2080;;17.11.2023 00:00:00;"F";;17.11.2023 00:00:00;0;;0;;0;;0;;0;;0;;;1;0;0;0;0;1;0;0;1;0
1884;1322;0;1322;;2081;;17.11.2023 00:00:00;"F";;17.11.2023 00:00:00;0;;0;;0;;0;;0;;0;;;1;0;0;0;0;1;0;0;1;0
1885;1328;0;1328;;2082;;17.11.2023 00:00:00;"F";;17.11.2023 00:00:00;0;;0;;0;;0;;0;;0;;;1;0;0;0;0;1;0;0;1;0
1886;1345;0;1345;;2083;;17.11.2023 00:00:00;"F";;17.11.2023 00:00:00;0;;0;;0;;0;;0;;0;;;1;0;0;0;0;1;0;0;1;0
1887;1301;0;1301;;2084;;17.11.2023 00:00:00;"F";;17.11.2023 00:00:00;0;;0;;0;;0;;0;;0;;;1;0;0;0;0;1;0;0;1;0
1888;1312;0;1312;;2085;;17.11.2023 00:00:00;"F";;17.11.2023 00:00:00;0;;0;;0;;0;;0;;0;;;1;0;0;0;0;1;0;0;1;0
1889;1321;0;1321;;2086;;17.11.2023 00:00:00;"F";;17.11.2023 00:00:00;0;;0;;0;;0;;0;;0;;;1;0;0;0;0;1;0;0;1;0
1890;1332;0;1332;;2087;;17.11.2023 00:00:00;"F";;17.11.2023 00:00:00;0;;0;;0;;0;;0;;0;;;1;0;0;0;0;1;0;0;1;0
1891;1323;0;1323;;2088;;17.11.2023 00:00:00;"F";;17.11.2023 00:00:00;0;;0;;0;;0;;0;;0;;;1;0;0;0;0;1;0;0;1;0
1892;1316;0;1316;;2089;;17.11.2023 00:00:00;"F";;17.11.2023 00:00:00;0;;0;;0;;0;;0;;0;;;1;0;0;0;0;1;0;0;1;0
1893;1320;0;1320;;2090;;17.11.2023 00:00:00;"F";;17.11.2023 00:00:00;0;;0;;0;;0;;0;;0;;;1;0;0;0;0;1;0;0;1;0
1894;1337;0;1337;;2091;;17.11.2023 00:00:00;"F";;17.11.2023 00:00:00;0;;0;;0;;0;;0;;0;;;1;0;0;0;0;1;0;0;1;0
1895;1296;0;1296;;2092;;17.11.2023 00:00:00;"F";;17.11.2023 00:00:00;0;;0;;0;;0;;0;;0;;;1;0;0;0;0;1;0;0;1;0
1896;1340;0;1340;;2093;;17.11.2023 00:00:00;"F";;17.11.2023 00:00:00;0;;0;;0;;0;;0;;0;;;1;0;0;0;0;1;0;0;1;0
1897;1319;0;1319;;2094;;17.11.2023 00:00:00;"F";;17.11.2023 00:00:00;0;;0;;0;;0;;0;;0;;;1;0;0;0;0;1;0;0;1;0
1898;1297;0;1297;;2095;;17.11.2023 00:00:00;"F";;17.11.2023 00:00:00;0;;0;;0;;0;;0;;0;;;1;0;0;0;0;1;0;0;1;0
1899;1307;0;1307;;2096;;17.11.2023 00:00:00;"F";;17.11.2023 00:00:00;0;;0;;0;;0;;0;;0;;;1;0;0;0;0;1;0;0;1;0
1900;1335;0;1335;;2097;;17.11.2023 00:00:00;"F";;17.11.2023 00:00:00;0;;0;;0;;0;;0;;0;;;1;0;0;0;0;1;0;0;1;0
1901;1333;0;1333;;2098;;17.11.2023 00:00:00;"F";;17.11.2023 00:00:00;0;;0;;0;;0;;0;;0;;;1;0;0;0;0;1;0;0;1;0
1902;1318;0;1318;;2099;;17.11.2023 00:00:00;"F";;17.11.2023 00:00:00;0;;0;;0;;0;;0;;0;;;1;0;0;0;0;1;0;0;1;0
1903;1339;0;1339;;2100;;17.11.2023 00:00:00;"F";;17.11.2023 00:00:00;0;;0;;0;;0;;0;;0;;;1;0;0;0;0;1;0;0;1;0
1904;1314;0;1314;;2101;;17.11.2023 00:00:00;"F";;17.11.2023 00:00:00;0;;0;;0;;0;;0;;0;;;1;0;0;0;0;1;0;0;1;0
1905;1306;0;1306;;2102;;17.11.2023 00:00:00;"F";;17.11.2023 00:00:00;0;;0;;0;;0;;0;;0;;;1;0;0;0;0;1;0;0;1;0
1906;1342;0;1342;;2103;;17.11.2023 00:00:00;"F";;17.11.2023 00:00:00;0;;0;;0;;0;;0;;0;;;1;0;0;0;0;1;0;0;1;0
1907;1329;0;1329;;2104;;17.11.2023 00:00:00;"F";;17.11.2023 00:00:00;0;;0;;0;;0;;0;;0;;;1;0;0;0;0;1;0;0;1;0
1908;1303;0;1303;;2105;;17.11.2023 00:00:00;"F";;17.11.2023 00:00:00;0;;0;;0;;0;;0;;0;;;1;0;0;0;0;1;0;0;1;0
1909;1334;0;1334;;2106;;17.11.2023 00:00:00;"F";;17.11.2023 00:00:00;0;;0;;0;;0;;0;;0;;;1;0;0;0;0;1;0;0;1;0
1910;1305;0;1305;;2107;;17.11.2023 00:00:00;"F";;17.11.2023 00:00:00;0;;0;;0;;0;;0;;0;;;1;0;0;0;0;1;0;0;1;0
1911;1338;0;1338;;2108;;17.11.2023 00:00:00;"F";;17.11.2023 00:00:00;0;;0;;0;;0;;0;;0;;;1;0;0;0;0;1;0;0;1;0
1912;915;0;915;;2109;;16.11.2023 00:00:00;"F";;16.11.2023 00:00:00;0;;0;;0;;0;;0;;0;;;1;0;0;0;0;1;0;0;1;0
1913;285;0;285;;2110;;16.11.2023 00:00:00;"F";;16.11.2023 00:00:00;0;;0;;0;;0;;0;;0;;;1;0;0;0;0;1;0;0;1;0
1914;911;0;911;;2111;;16.11.2023 00:00:00;"F";;16.11.2023 00:00:00;0;;0;;0;;0;;0;;0;;;1;0;0;0;0;1;0;0;1;0
1915;919;0;919;;2112;;16.11.2023 00:00:00;"F";;16.11.2023 00:00:00;0;;0;;0;;0;;0;;0;;;1;0;0;0;0;1;0;0;1;0
1916;934;0;934;;2113;;16.11.2023 00:00:00;"F";;16.11.2023 00:00:00;0;;0;;0;;0;;0;;0;;;1;0;0;0;0;1;0;0;1;0
1917;912;0;912;;2114;;16.11.2023 00:00:00;"F";;16.11.2023 00:00:00;0;;0;;0;;0;;0;;0;;;1;0;0;0;0;1;0;0;1;0
1918;939;0;939;;2115;;16.11.2023 00:00:00;"F";;16.11.2023 00:00:00;0;;0;;0;;0;;0;;0;;;1;0;0;0;0;1;0;0;1;0
1919;925;0;925;;2116;;16.11.2023 00:00:00;"F";;16.11.2023 00:00:00;0;;0;;0;;0;;0;;0;;;1;0;0;0;0;1;0;0;1;0
1920;926;0;926;;2117;;16.11.2023 00:00:00;"F";;16.11.2023 00:00:00;0;;0;;0;;0;;0;;0;;;1;0;0;0;0;1;0;0;1;0
1921;941;0;941;;2118;;16.11.2023 00:00:00;"F";;16.11.2023 00:00:00;0;;0;;0;;0;;0;;0;;;1;0;0;0;0;1;0;0;1;0
1922;1690;0;1690;;2119;;16.11.2023 00:00:00;"F";;16.11.2023 00:00:00;0;;0;;0;;0;;0;;0;;;1;0;0;0;0;1;0;0;1;0
1923;942;0;942;;2120;;16.11.2023 00:00:00;"F";;16.11.2023 00:00:00;0;;0;;0;;0;;0;;0;;;1;0;0;0;0;1;0;0;1;0
1924;923;0;923;;2121;;16.11.2023 00:00:00;"F";;16.11.2023 00:00:00;0;;0;;0;;0;;0;;0;;;1;0;0;0;0;1;0;0;1;0
1925;932;0;932;;2122;;16.11.2023 00:00:00;"F";;16.11.2023 00:00:00;0;;0;;0;;0;;0;;0;;;1;0;0;0;0;1;0;0;1;0
1926;909;0;909;;2123;;16.11.2023 00:00:00;"F";;16.11.2023 00:00:00;0;;0;;0;;0;;0;;0;;;1;0;0;0;0;1;0;0;1;0
1927;936;0;936;;2124;;16.11.2023 00:00:00;"F";;16.11.2023 00:00:00;0;;0;;0;;0;;0;;0;;;1;0;0;0;0;1;0;0;1;0
1928;938;0;938;;2125;;16.11.2023 00:00:00;"F";;16.11.2023 00:00:00;0;;0;;0;;0;;0;;0;;;1;0;0;0;0;1;0;0;1;0
1929;927;0;927;;2126;;16.11.2023 00:00:00;"F";;16.11.2023 00:00:00;0;;0;;0;;0;;0;;0;;;1;0;0;0;0;1;0;0;1;0
1930;1691;0;1691;;2127;;16.11.2023 00:00:00;"F";;16.11.2023 00:00:00;0;;0;;0;;0;;0;;0;;;1;0;0;0;0;1;0;0;1;0
1931;935;0;935;;2128;;16.11.2023 00:00:00;"F";;16.11.2023 00:00:00;0;;0;;0;;0;;0;;0;;;1;0;0;0;0;1;0;0;1;0
1932;921;0;921;;2129;;16.11.2023 00:00:00;"F";;16.11.2023 00:00:00;0;;0;;0;;0;;0;;0;;;1;0;0;0;0;1;0;0;1;0
1933;1685;0;1685;;2130;;16.11.2023 00:00:00;"F";;16.11.2023 00:00:00;0;;0;;0;;0;;0;;0;;;1;0;0;0;0;1;0;0;1;0
1934;924;0;924;;2131;;16.11.2023 00:00:00;"F";;16.11.2023 00:00:00;0;;0;;0;;0;;0;;0;;;1;0;0;0;0;1;0;0;1;0
1935;913;0;913;;2132;;16.11.2023 00:00:00;"F";;16.11.2023 00:00:00;0;;0;;0;;0;;0;;0;;;1;0;0;0;0;1;0;0;1;0
1936;1687;0;1687;;2133;;16.11.2023 00:00:00;"F";;16.11.2023 00:00:00;0;;0;;0;;0;;0;;0;;;1;0;0;0;0;1;0;0;1;0
1937;929;0;929;;2134;;16.11.2023 00:00:00;"F";;16.11.2023 00:00:00;0;;0;;0;;0;;0;;0;;;1;0;0;0;0;1;0;0;1;0
1938;937;0;937;;2135;;16.11.2023 00:00:00;"F";;16.11.2023 00:00:00;0;;0;;0;;0;;0;;0;;;1;0;0;0;0;1;0;0;1;0
1939;917;0;917;;2136;;16.11.2023 00:00:00;"F";;16.11.2023 00:00:00;0;;0;;0;;0;;0;;0;;;1;0;0;0;0;1;0;0;1;0
1940;908;0;908;;2137;;16.11.2023 00:00:00;"F";;16.11.2023 00:00:00;0;;0;;0;;0;;0;;0;;;1;0;0;0;0;1;0;0;1;0
1941;918;0;918;;2138;;16.11.2023 00:00:00;"F";;16.11.2023 00:00:00;0;;0;;0;;0;;0;;0;;;1;0;0;0;0;1;0;0;1;0
1942;910;0;910;;2139;;16.11.2023 00:00:00;"F";;16.11.2023 00:00:00;0;;0;;0;;0;;0;;0;;;1;0;0;0;0;1;0;0;1;0
1943;940;0;940;;2140;;16.11.2023 00:00:00;"F";;16.11.2023 00:00:00;0;;0;;0;;0;;0;;0;;;1;0;0;0;0;1;0;0;1;0
1944;933;0;933;;2141;;16.11.2023 00:00:00;"F";;16.11.2023 00:00:00;0;;0;;0;;0;;0;;0;;;1;0;0;0;0;1;0;0;1;0
1945;914;0;914;;2142;;16.11.2023 00:00:00;"F";;16.11.2023 00:00:00;0;;0;;0;;0;;0;;0;;;1;0;0;0;0;1;0;0;1;0
1946;922;0;922;;2143;;16.11.2023 00:00:00;"F";;16.11.2023 00:00:00;0;;0;;0;;0;;0;;0;;;1;0;0;0;0;1;0;0;1;0
1947;907;0;907;;2144;;16.11.2023 00:00:00;"F";;16.11.2023 00:00:00;0;;0;;0;;0;;0;;0;;;1;0;0;0;0;1;0;0;1;0
1948;522;0;522;;2145;;16.10.2023 00:00:00;"F";;16.10.2023 00:00:00;0;;0;;0;;0;;0;;0;;;1;0;0;0;0;1;0;0;1;0
1949;514;0;514;;2146;;16.10.2023 00:00:00;"F";;16.10.2023 00:00:00;0;;0;;0;;0;;0;;0;;;1;0;0;0;0;1;0;0;1;0
1950;518;0;518;;2147;;16.10.2023 00:00:00;"F";;16.10.2023 00:00:00;0;;0;;0;;0;;0;;0;;;1;0;0;0;0;1;0;0;1;0
1951;516;0;516;;2148;;16.10.2023 00:00:00;"F";;16.10.2023 00:00:00;0;;0;;0;;0;;0;;0;;;1;0;0;0;0;1;0;0;1;0
1952;523;0;523;;2149;;16.10.2023 00:00:00;"F";;16.10.2023 00:00:00;0;;0;;0;;0;;0;;0;;;1;0;0;0;0;1;0;0;1;0
1953;517;0;517;;2150;;16.10.2023 00:00:00;"F";;16.10.2023 00:00:00;0;;0;;0;;0;;0;;0;;;1;0;0;0;0;1;0;0;1;0
1954;525;0;525;;2151;;16.10.2023 00:00:00;"F";;16.10.2023 00:00:00;0;;0;;0;;0;;0;;0;;;1;0;0;0;0;1;0;0;1;0
1955;526;0;526;;2152;;16.10.2023 00:00:00;"F";;16.10.2023 00:00:00;0;;0;;0;;0;;0;;0;;;1;0;0;0;0;1;0;0;1;0
1956;524;0;524;;2153;;16.10.2023 00:00:00;"F";;16.10.2023 00:00:00;0;;0;;0;;0;;0;;0;;;1;0;0;0;0;1;0;0;1;0
1957;527;0;527;;2154;;16.10.2023 00:00:00;"F";;16.10.2023 00:00:00;0;;0;;0;;0;;0;;0;;;1;0;0;0;0;1;0;0;1;0
1958;521;0;521;;2155;;16.10.2023 00:00:00;"F";;16.10.2023 00:00:00;0;;0;;0;;0;;0;;0;;;1;0;0;0;0;1;0;0;1;0
1959;515;0;515;;2156;;16.10.2023 00:00:00;"F";;16.10.2023 00:00:00;0;;0;;0;;0;;0;;0;;;1;0;0;0;0;1;0;0;1;0
1960;520;0;520;;2157;;16.10.2023 00:00:00;"F";;16.10.2023 00:00:00;0;;0;;0;;0;;0;;0;;;1;0;0;0;0;1;0;0;1;0
1961;519;0;519;;2158;;16.10.2023 00:00:00;"F";;16.10.2023 00:00:00;0;;0;;0;;0;;0;;0;;;1;0;0;0;0;1;0;0;1;0
1962;869;0;869;;2159;;15.12.2023 00:00:00;"F";;15.12.2023 00:00:00;0;;0;;0;;0;;0;;0;;;1;0;0;0;0;1;0;0;1;0
1963;871;0;871;;2160;;15.12.2023 00:00:00;"F";;15.12.2023 00:00:00;0;;0;;0;;0;;0;;0;;;1;0;0;0;0;1;0;0;1;0
1964;866;0;866;;2161;;15.12.2023 00:00:00;"F";;15.12.2023 00:00:00;0;;0;;0;;0;;0;;0;;;1;0;0;0;0;1;0;0;1;0
1965;870;0;870;;2162;;15.12.2023 00:00:00;"F";;15.12.2023 00:00:00;0;;0;;0;;0;;0;;0;;;1;0;0;0;0;1;0;0;1;0
1966;867;0;867;;2163;;15.12.2023 00:00:00;"F";;15.12.2023 00:00:00;0;;0;;0;;0;;0;;0;;;1;0;0;0;0;1;0;0;1;0
1967;868;0;868;;2164;;15.12.2023 00:00:00;"F";;15.12.2023 00:00:00;0;;0;;0;;0;;0;;0;;;1;0;0;0;0;1;0;0;1;0
1968;872;0;872;;2165;;15.12.2023 00:00:00;"F";;15.12.2023 00:00:00;0;;0;;0;;0;;0;;0;;;1;0;0;0;0;1;0;0;1;0
1969;4368;0;865;;2166;;15.12.2023 00:00:00;"F";;15.12.2023 00:00:00;0;;0;;0;;0;;0;;0;;;1;0;0;0;0;1;0;0;1;0
1970;788;0;788;;2167;;15.2.2023 00:00:00;"F";;15.2.2023 00:00:00;0;;0;;0;;0;;0;;0;;;1;0;0;0;0;1;0;0;1;0
1971;778;0;778;;2168;;15.2.2023 00:00:00;"F";;15.2.2023 00:00:00;0;;0;;0;;0;;0;;0;;;1;0;0;0;0;1;0;0;1;0
1972;775;0;775;;2169;;15.2.2023 00:00:00;"F";;15.2.2023 00:00:00;0;;0;;0;;0;;0;;0;;;1;0;0;0;0;1;0;0;1;0
1973;787;0;787;;2170;;15.2.2023 00:00:00;"F";;15.2.2023 00:00:00;0;;0;;0;;0;;0;;0;;;1;0;0;0;0;1;0;0;1;0
1974;777;0;777;;2171;;15.2.2023 00:00:00;"F";;15.2.2023 00:00:00;0;;0;;0;;0;;0;;0;;;1;0;0;0;0;1;0;0;1;0
1975;785;0;785;;2172;;15.2.2023 00:00:00;"F";;15.2.2023 00:00:00;0;;0;;0;;0;;0;;0;;;1;0;0;0;0;1;0;0;1;0
1976;1886;0;1886;;2173;;15.2.2023 00:00:00;"F";;15.2.2023 00:00:00;0;;0;;0;;0;;0;;0;;;1;0;0;0;0;1;0;0;1;0
1977;773;0;773;;2174;;15.2.2023 00:00:00;"F";;15.2.2023 00:00:00;0;;0;;0;;0;;0;;0;;;1;0;0;0;0;1;0;0;1;0
1978;781;0;781;;2175;;15.2.2023 00:00:00;"F";;15.2.2023 00:00:00;0;;0;;0;;0;;0;;0;;;1;0;0;0;0;1;0;0;1;0
1979;3929;0;3929;;2176;;15.2.2023 00:00:00;"F";;15.2.2023 00:00:00;0;;0;;0;;0;;0;;0;;;1;0;0;0;0;1;0;0;1;0
1980;2500;0;2500;;2177;;15.2.2023 00:00:00;"F";;15.2.2023 00:00:00;0;;0;;0;;0;;0;;0;;;1;0;0;0;0;1;0;0;1;0
1981;771;0;771;;2178;;15.2.2023 00:00:00;"F";;15.2.2023 00:00:00;0;;0;;0;;0;;0;;0;;;1;0;0;0;0;1;0;0;1;0
1982;772;0;772;;2179;;15.2.2023 00:00:00;"F";;15.2.2023 00:00:00;0;;0;;0;;0;;0;;0;;;1;0;0;0;0;1;0;0;1;0
1983;776;0;776;;2180;;15.2.2023 00:00:00;"F";;15.2.2023 00:00:00;0;;0;;0;;0;;0;;0;;;1;0;0;0;0;1;0;0;1;0
1984;779;0;779;;2181;;15.2.2023 00:00:00;"F";;15.2.2023 00:00:00;0;;0;;0;;0;;0;;0;;;1;0;0;0;0;1;0;0;1;0
1985;770;0;770;;2182;;15.2.2023 00:00:00;"F";;15.2.2023 00:00:00;0;;0;;0;;0;;0;;0;;;1;0;0;0;0;1;0;0;1;0
1986;784;0;784;;2183;;15.2.2023 00:00:00;"F";;15.2.2023 00:00:00;0;;0;;0;;0;;0;;0;;;1;0;0;0;0;1;0;0;1;0
1987;774;0;774;;2184;;15.2.2023 00:00:00;"F";;15.2.2023 00:00:00;0;;0;;0;;0;;0;;0;;;1;0;0;0;0;1;0;0;1;0
1988;780;0;780;;2185;;15.2.2023 00:00:00;"F";;15.2.2023 00:00:00;0;;0;;0;;0;;0;;0;;;1;0;0;0;0;1;0;0;1;0
1989;4172;0;769;;2186;;15.2.2023 00:00:00;"F";;15.2.2023 00:00:00;0;;0;;0;;0;;0;;0;;;1;0;0;0;0;1;0;0;1;0
1990;3574;0;3574;;2187;;13.11.2023 00:00:00;"F";;13.11.2023 00:00:00;0;;0;;0;;0;;0;;0;;;1;0;0;0;0;1;0;0;1;0
1991;951;0;951;;2188;;13.11.2023 00:00:00;"F";;13.11.2023 00:00:00;0;;0;;0;;0;;0;;0;;;1;0;0;0;0;1;0;0;1;0
1992;2567;0;2567;;2189;;13.11.2023 00:00:00;"F";;13.11.2023 00:00:00;0;;0;;0;;0;;0;;0;;;1;0;0;0;0;1;0;0;1;0
1993;953;0;953;;2190;;13.11.2023 00:00:00;"F";;13.11.2023 00:00:00;0;;0;;0;;0;;0;;0;;;1;0;0;0;0;1;0;0;1;0
1994;950;0;950;;2191;;13.11.2023 00:00:00;"F";;13.11.2023 00:00:00;0;;0;;0;;0;;0;;0;;;1;0;0;0;0;1;0;0;1;0
1995;943;0;943;;2192;;13.11.2023 00:00:00;"F";;13.11.2023 00:00:00;0;;0;;0;;0;;0;;0;;;1;0;0;0;0;1;0;0;1;0
1996;949;0;949;;2193;;13.11.2023 00:00:00;"F";;13.11.2023 00:00:00;0;;0;;0;;0;;0;;0;;;1;0;0;0;0;1;0;0;1;0
1997;954;0;954;;2194;;13.11.2023 00:00:00;"F";;13.11.2023 00:00:00;0;;0;;0;;0;;0;;0;;;1;0;0;0;0;1;0;0;1;0
1998;948;0;948;;2195;;13.11.2023 00:00:00;"F";;13.11.2023 00:00:00;0;;0;;0;;0;;0;;0;;;1;0;0;0;0;1;0;0;1;0
1999;945;0;945;;2196;;13.11.2023 00:00:00;"F";;13.11.2023 00:00:00;0;;0;;0;;0;;0;;0;;;1;0;0;0;0;1;0;0;1;0
2000;952;0;952;;2197;;13.11.2023 00:00:00;"F";;13.11.2023 00:00:00;0;;0;;0;;0;;0;;0;;;1;0;0;0;0;1;0;0;1;0
2001;956;0;956;;2198;;13.11.2023 00:00:00;"F";;13.11.2023 00:00:00;0;;0;;0;;0;;0;;0;;;1;0;0;0;0;1;0;0;1;0
2002;944;0;944;;2199;;13.11.2023 00:00:00;"F";;13.11.2023 00:00:00;0;;0;;0;;0;;0;;0;;;1;0;0;0;0;1;0;0;1;0
2003;947;0;947;;2200;;13.11.2023 00:00:00;"F";;13.11.2023 00:00:00;0;;0;;0;;0;;0;;0;;;1;0;0;0;0;1;0;0;1;0
2004;1969;0;1969;;2201;;13.9.2023 00:00:00;"F";;13.9.2023 00:00:00;0;;0;;0;;0;;0;;0;;;1;0;0;0;0;1;0;0;1;0
2005;1973;0;1973;;2202;;13.9.2023 00:00:00;"F";;13.9.2023 00:00:00;0;;0;;0;;0;;0;;0;;;1;0;0;0;0;1;0;0;1;0
2006;1972;0;1972;;2203;;13.9.2023 00:00:00;"F";;13.9.2023 00:00:00;0;;0;;0;;0;;0;;0;;;1;0;0;0;0;1;0;0;1;0
2007;1968;0;1968;;2204;;13.9.2023 00:00:00;"F";;13.9.2023 00:00:00;0;;0;;0;;0;;0;;0;;;1;0;0;0;0;1;0;0;1;0
2008;1974;0;1974;;2205;;13.9.2023 00:00:00;"F";;13.9.2023 00:00:00;0;;0;;0;;0;;0;;0;;;1;0;0;0;0;1;0;0;1;0
2009;1975;0;1975;;2206;;13.9.2023 00:00:00;"F";;13.9.2023 00:00:00;0;;0;;0;;0;;0;;0;;;1;0;0;0;0;1;0;0;1;0
2010;1967;0;1967;;2207;;13.9.2023 00:00:00;"F";;13.9.2023 00:00:00;0;;0;;0;;0;;0;;0;;;1;0;0;0;0;1;0;0;1;0
2011;1976;0;1976;;2208;;13.9.2023 00:00:00;"F";;13.9.2023 00:00:00;0;;0;;0;;0;;0;;0;;;1;0;0;0;0;1;0;0;1;0
2012;1970;0;1970;;2209;;13.9.2023 00:00:00;"F";;13.9.2023 00:00:00;0;;0;;0;;0;;0;;0;;;1;0;0;0;0;1;0;0;1;0
2013;1971;0;1971;;2210;;13.9.2023 00:00:00;"F";;13.9.2023 00:00:00;0;;0;;0;;0;;0;;0;;;1;0;0;0;0;1;0;0;1;0
2014;1528;0;1528;;2211;;13.4.2023 00:00:00;"F";;13.4.2023 00:00:00;0;;0;;0;;0;;0;;0;;;1;0;0;0;0;1;0;0;1;0
2015;501;0;501;;2212;;13.4.2023 00:00:00;"F";;13.4.2023 00:00:00;0;;0;;0;;0;;0;;0;;;1;0;0;0;0;1;0;0;1;0
2016;1526;0;1526;;2213;;13.4.2023 00:00:00;"F";;13.4.2023 00:00:00;0;;0;;0;;0;;0;;0;;;1;0;0;0;0;1;0;0;1;0
2017;1531;0;1531;;2214;;13.4.2023 00:00:00;"F";;13.4.2023 00:00:00;0;;0;;0;;0;;0;;0;;;1;0;0;0;0;1;0;0;1;0
2018;1529;0;1529;;2215;;13.4.2023 00:00:00;"F";;13.4.2023 00:00:00;0;;0;;0;;0;;0;;0;;;1;0;0;0;0;1;0;0;1;0
2019;1550;0;1550;;2216;;13.4.2023 00:00:00;"F";;13.4.2023 00:00:00;0;;0;;0;;0;;0;;0;;;1;0;0;0;0;1;0;0;1;0
2020;1525;0;1525;;2217;;13.4.2023 00:00:00;"F";;13.4.2023 00:00:00;0;;0;;0;;0;;0;;0;;;1;0;0;0;0;1;0;0;1;0
2021;1120;0;1120;;2218;;12.4.2023 00:00:00;"F";;12.4.2023 00:00:00;0;;0;;0;;0;;0;;0;;;1;0;0;0;0;1;0;0;1;0
2022;1127;0;1127;;2219;;12.4.2023 00:00:00;"F";;12.4.2023 00:00:00;0;;0;;0;;0;;0;;0;;;1;0;0;0;0;1;0;0;1;0
2023;1122;0;1122;;2220;;12.4.2023 00:00:00;"F";;12.4.2023 00:00:00;0;;0;;0;;0;;0;;0;;;1;0;0;0;0;1;0;0;1;0
2024;1121;0;1121;;2221;;12.4.2023 00:00:00;"F";;12.4.2023 00:00:00;0;;0;;0;;0;;0;;0;;;1;0;0;0;0;1;0;0;1;0
2025;1126;0;1126;;2222;;12.4.2023 00:00:00;"F";;12.4.2023 00:00:00;0;;0;;0;;0;;0;;0;;;1;0;0;0;0;1;0;0;1;0
2026;1123;0;1123;;2223;;12.4.2023 00:00:00;"F";;12.4.2023 00:00:00;0;;0;;0;;0;;0;;0;;;1;0;0;0;0;1;0;0;1;0
2027;4044;0;4044;;2224;;12.4.2023 00:00:00;"F";;12.4.2023 00:00:00;0;;0;;0;;0;;0;;0;;;1;0;0;0;0;1;0;0;1;0
2028;1124;0;1124;;2225;;12.4.2023 00:00:00;"F";;12.4.2023 00:00:00;0;;0;;0;;0;;0;;0;;;1;0;0;0;0;1;0;0;1;0
2029;2002;0;2002;;2226;;10.10.2023 00:00:00;"F";;10.10.2023 00:00:00;0;;0;;0;;0;;0;;0;;;1;0;0;0;0;1;0;0;1;0
2030;1995;0;1995;;2227;;10.10.2023 00:00:00;"F";;10.10.2023 00:00:00;0;;0;;0;;0;;0;;0;;;1;0;0;0;0;1;0;0;1;0
2031;1993;0;1993;;2228;;10.10.2023 00:00:00;"F";;10.10.2023 00:00:00;0;;0;;0;;0;;0;;0;;;1;0;0;0;0;1;0;0;1;0
2032;1997;0;1997;;2229;;10.10.2023 00:00:00;"F";;10.10.2023 00:00:00;0;;0;;0;;0;;0;;0;;;1;0;0;0;0;1;0;0;1;0
2033;1996;0;1996;;2230;;10.10.2023 00:00:00;"F";;10.10.2023 00:00:00;0;;0;;0;;0;;0;;0;;;1;0;0;0;0;1;0;0;1;0
2034;2000;0;2000;;2231;;10.10.2023 00:00:00;"F";;10.10.2023 00:00:00;0;;0;;0;;0;;0;;0;;;1;0;0;0;0;1;0;0;1;0
2035;1992;0;1992;;2232;;10.10.2023 00:00:00;"F";;10.10.2023 00:00:00;0;;0;;0;;0;;0;;0;;;1;0;0;0;0;1;0;0;1;0
2036;1998;0;1998;;2233;;10.10.2023 00:00:00;"F";;10.10.2023 00:00:00;0;;0;;0;;0;;0;;0;;;1;0;0;0;0;1;0;0;1;0
2037;2001;0;2001;;2234;;10.10.2023 00:00:00;"F";;10.10.2023 00:00:00;0;;0;;0;;0;;0;;0;;;1;0;0;0;0;1;0;0;1;0
2038;1999;0;1999;;2235;;10.10.2023 00:00:00;"F";;10.10.2023 00:00:00;0;;0;;0;;0;;0;;0;;;1;0;0;0;0;1;0;0;1;0
2039;1534;0;1534;;2236;;10.10.2023 00:00:00;"F";;10.10.2023 00:00:00;0;;0;;0;;0;;0;;0;;;1;0;0;0;0;1;0;0;1;0
2040;1508;0;1508;;2237;;7.9.2023 00:00:00;"F";;7.9.2023 00:00:00;0;;0;;0;;0;;0;;0;;;1;0;0;0;0;1;0;0;1;0
2041;1514;0;1514;;2238;;7.9.2023 00:00:00;"F";;7.9.2023 00:00:00;0;;0;;0;;0;;0;;0;;;1;0;0;0;0;1;0;0;1;0
2042;1505;0;1505;;2239;;7.9.2023 00:00:00;"F";;7.9.2023 00:00:00;0;;0;;0;;0;;0;;0;;;1;0;0;0;0;1;0;0;1;0
2043;1516;0;1516;;2240;;7.9.2023 00:00:00;"F";;7.9.2023 00:00:00;0;;0;;0;;0;;0;;0;;;1;0;0;0;0;1;0;0;1;0
2044;1524;0;1524;;2241;;7.9.2023 00:00:00;"F";;7.9.2023 00:00:00;0;;0;;0;;0;;0;;0;;;1;0;0;0;0;1;0;0;1;0
2045;1507;0;1507;;2242;;7.9.2023 00:00:00;"F";;7.9.2023 00:00:00;0;;0;;0;;0;;0;;0;;;1;0;0;0;0;1;0;0;1;0
2046;1523;0;1523;;2243;;7.9.2023 00:00:00;"F";;7.9.2023 00:00:00;0;;0;;0;;0;;0;;0;;;1;0;0;0;0;1;0;0;1;0
2047;1511;0;1511;;2244;;7.9.2023 00:00:00;"F";;7.9.2023 00:00:00;0;;0;;0;;0;;0;;0;;;1;0;0;0;0;1;0;0;1;0
2048;1518;0;1518;;2245;;7.9.2023 00:00:00;"F";;7.9.2023 00:00:00;0;;0;;0;;0;;0;;0;;;1;0;0;0;0;1;0;0;1;0
2049;1512;0;1512;;2246;;7.9.2023 00:00:00;"F";;7.9.2023 00:00:00;0;;0;;0;;0;;0;;0;;;1;0;0;0;0;1;0;0;1;0
2050;1517;0;1517;;2247;;7.9.2023 00:00:00;"F";;7.9.2023 00:00:00;0;;0;;0;;0;;0;;0;;;1;0;0;0;0;1;0;0;1;0
2051;1519;0;1519;;2248;;7.9.2023 00:00:00;"F";;7.9.2023 00:00:00;0;;0;;0;;0;;0;;0;;;1;0;0;0;0;1;0;0;1;0
2052;1509;0;1509;;2249;;7.9.2023 00:00:00;"F";;7.9.2023 00:00:00;0;;0;;0;;0;;0;;0;;;1;0;0;0;0;1;0;0;1;0
2053;1522;0;1522;;2250;;7.9.2023 00:00:00;"F";;7.9.2023 00:00:00;0;;0;;0;;0;;0;;0;;;1;0;0;0;0;1;0;0;1;0
2054;1521;0;1521;;2251;;7.9.2023 00:00:00;"F";;7.9.2023 00:00:00;0;;0;;0;;0;;0;;0;;;1;0;0;0;0;1;0;0;1;0
2055;1504;0;1504;;2252;;7.9.2023 00:00:00;"F";;7.9.2023 00:00:00;0;;0;;0;;0;;0;;0;;;1;0;0;0;0;1;0;0;1;0
2056;1502;0;1502;;2253;;7.9.2023 00:00:00;"F";;7.9.2023 00:00:00;0;;0;;0;;0;;0;;0;;;1;0;0;0;0;1;0;0;1;0
2057;1510;0;1510;;2254;;7.9.2023 00:00:00;"F";;7.9.2023 00:00:00;0;;0;;0;;0;;0;;0;;;1;0;0;0;0;1;0;0;1;0
2058;1520;0;1520;;2255;;7.9.2023 00:00:00;"F";;7.9.2023 00:00:00;0;;0;;0;;0;;0;;0;;;1;0;0;0;0;1;0;0;1;0
2059;1506;0;1506;;2256;;7.9.2023 00:00:00;"F";;7.9.2023 00:00:00;0;;0;;0;;0;;0;;0;;;1;0;0;0;0;1;0;0;1;0
2060;1515;0;1515;;2257;;7.9.2023 00:00:00;"F";;7.9.2023 00:00:00;0;;0;;0;;0;;0;;0;;;1;0;0;0;0;1;0;0;1;0
2061;1513;0;1513;;2258;;7.9.2023 00:00:00;"F";;7.9.2023 00:00:00;0;;0;;0;;0;;0;;0;;;1;0;0;0;0;1;0;0;1;0
2062;1503;0;1503;;2259;;7.9.2023 00:00:00;"F";;7.9.2023 00:00:00;0;;0;;0;;0;;0;;0;;;1;0;0;0;0;1;0;0;1;0
2063;1008;0;1008;;2260;;6.10.2023 00:00:00;"F";;6.10.2023 00:00:00;0;;0;;0;;0;;0;;0;;;1;0;0;0;0;1;0;0;1;0
2064;990;0;990;;2261;;6.10.2023 00:00:00;"F";;6.10.2023 00:00:00;0;;0;;0;;0;;0;;0;;;1;0;0;0;0;1;0;0;1;0
2065;999;0;999;;2262;;6.10.2023 00:00:00;"F";;6.10.2023 00:00:00;0;;0;;0;;0;;0;;0;;;1;0;0;0;0;1;0;0;1;0
2066;1009;0;1009;;2263;;6.10.2023 00:00:00;"F";;6.10.2023 00:00:00;0;;0;;0;;0;;0;;0;;;1;0;0;0;0;1;0;0;1;0
2067;2598;0;2598;;2264;;6.10.2023 00:00:00;"F";;6.10.2023 00:00:00;0;;0;;0;;0;;0;;0;;;1;0;0;0;0;1;0;0;1;0
2068;996;0;996;;2265;;6.10.2023 00:00:00;"F";;6.10.2023 00:00:00;0;;0;;0;;0;;0;;0;;;1;0;0;0;0;1;0;0;1;0
2069;1002;0;1002;;2266;;6.10.2023 00:00:00;"F";;6.10.2023 00:00:00;0;;0;;0;;0;;0;;0;;;1;0;0;0;0;1;0;0;1;0
2070;1005;0;1005;;2267;;6.10.2023 00:00:00;"F";;6.10.2023 00:00:00;0;;0;;0;;0;;0;;0;;;1;0;0;0;0;1;0;0;1;0
2071;1965;0;1965;;2268;;6.10.2023 00:00:00;"F";;6.10.2023 00:00:00;0;;0;;0;;0;;0;;0;;;1;0;0;0;0;1;0;0;1;0
2072;997;0;997;;2269;;6.10.2023 00:00:00;"F";;6.10.2023 00:00:00;0;;0;;0;;0;;0;;0;;;1;0;0;0;0;1;0;0;1;0
2073;1006;0;1006;;2270;;6.10.2023 00:00:00;"F";;6.10.2023 00:00:00;0;;0;;0;;0;;0;;0;;;1;0;0;0;0;1;0;0;1;0
2074;995;0;995;;2271;;6.10.2023 00:00:00;"F";;6.10.2023 00:00:00;0;;0;;0;;0;;0;;0;;;1;0;0;0;0;1;0;0;1;0
2075;993;0;993;;2272;;6.10.2023 00:00:00;"F";;6.10.2023 00:00:00;0;;0;;0;;0;;0;;0;;;1;0;0;0;0;1;0;0;1;0
2076;992;0;992;;2273;;6.10.2023 00:00:00;"F";;6.10.2023 00:00:00;0;;0;;0;;0;;0;;0;;;1;0;0;0;0;1;0;0;1;0
2077;991;0;991;;2274;;6.10.2023 00:00:00;"F";;6.10.2023 00:00:00;0;;0;;0;;0;;0;;0;;;1;0;0;0;0;1;0;0;1;0
2078;998;0;998;;2275;;6.10.2023 00:00:00;"F";;6.10.2023 00:00:00;0;;0;;0;;0;;0;;0;;;1;0;0;0;0;1;0;0;1;0
2079;994;0;994;;2276;;6.10.2023 00:00:00;"F";;6.10.2023 00:00:00;0;;0;;0;;0;;0;;0;;;1;0;0;0;0;1;0;0;1;0
2080;2595;0;2595;;2277;;6.10.2023 00:00:00;"F";;6.10.2023 00:00:00;0;;0;;0;;0;;0;;0;;;1;0;0;0;0;1;0;0;1;0
2081;3910;0;3910;;2278;;6.10.2023 00:00:00;"F";;6.10.2023 00:00:00;0;;0;;0;;0;;0;;0;;;1;0;0;0;0;1;0;0;1;0
2082;2601;0;2601;;2279;;6.10.2023 00:00:00;"F";;6.10.2023 00:00:00;0;;0;;0;;0;;0;;0;;;1;0;0;0;0;1;0;0;1;0
2083;2319;0;2319;;2280;;5.10.2023 00:00:00;"F";;5.10.2023 00:00:00;0;;0;;0;;0;;0;;0;;;1;0;0;0;0;1;0;0;1;0
2084;737;0;737;;2281;;5.10.2023 00:00:00;"F";;5.10.2023 00:00:00;0;;0;;0;;0;;0;;0;;;1;0;0;0;0;1;0;0;1;0
2085;2305;0;2305;;2282;;5.10.2023 00:00:00;"F";;5.10.2023 00:00:00;0;;0;;0;;0;;0;;0;;;1;0;0;0;0;1;0;0;1;0
2086;2323;0;2323;;2283;;5.10.2023 00:00:00;"F";;5.10.2023 00:00:00;0;;0;;0;;0;;0;;0;;;1;0;0;0;0;1;0;0;1;0
2087;2317;0;2317;;2284;;5.10.2023 00:00:00;"F";;5.10.2023 00:00:00;0;;0;;0;;0;;0;;0;;;1;0;0;0;0;1;0;0;1;0
2088;2328;0;2328;;2285;;5.10.2023 00:00:00;"F";;5.10.2023 00:00:00;0;;0;;0;;0;;0;;0;;;1;0;0;0;0;1;0;0;1;0
2089;2320;0;2320;;2286;;5.10.2023 00:00:00;"F";;5.10.2023 00:00:00;0;;0;;0;;0;;0;;0;;;1;0;0;0;0;1;0;0;1;0
2090;2324;0;2324;;2287;;5.10.2023 00:00:00;"F";;5.10.2023 00:00:00;0;;0;;0;;0;;0;;0;;;1;0;0;0;0;1;0;0;1;0
2091;2313;0;2313;;2288;;5.10.2023 00:00:00;"F";;5.10.2023 00:00:00;0;;0;;0;;0;;0;;0;;;1;0;0;0;0;1;0;0;1;0
2092;2327;0;2327;;2289;;5.10.2023 00:00:00;"F";;5.10.2023 00:00:00;0;;0;;0;;0;;0;;0;;;1;0;0;0;0;1;0;0;1;0
2093;2306;0;2306;;2290;;5.10.2023 00:00:00;"F";;5.10.2023 00:00:00;0;;0;;0;;0;;0;;0;;;1;0;0;0;0;1;0;0;1;0
2094;2316;0;2316;;2291;;5.10.2023 00:00:00;"F";;5.10.2023 00:00:00;0;;0;;0;;0;;0;;0;;;1;0;0;0;0;1;0;0;1;0
2095;2326;0;2326;;2292;;5.10.2023 00:00:00;"F";;5.10.2023 00:00:00;0;;0;;0;;0;;0;;0;;;1;0;0;0;0;1;0;0;1;0
2096;2315;0;2315;;2293;;5.10.2023 00:00:00;"F";;5.10.2023 00:00:00;0;;0;;0;;0;;0;;0;;;1;0;0;0;0;1;0;0;1;0
2097;1261;0;1261;;2294;;4.7.2023 00:00:00;"F";;4.7.2023 00:00:00;0;;0;;0;;0;;0;;0;;;1;0;0;0;0;1;0;0;1;0
2098;1270;0;1270;;2295;;4.7.2023 00:00:00;"F";;4.7.2023 00:00:00;0;;0;;0;;0;;0;;0;;;1;0;0;0;0;1;0;0;1;0
2099;1262;0;1262;;2296;;4.7.2023 00:00:00;"F";;4.7.2023 00:00:00;0;;0;;0;;0;;0;;0;;;1;0;0;0;0;1;0;0;1;0
2100;1255;0;1255;;2297;;4.7.2023 00:00:00;"F";;4.7.2023 00:00:00;0;;0;;0;;0;;0;;0;;;1;0;0;0;0;1;0;0;1;0
2101;1258;0;1258;;2298;;4.7.2023 00:00:00;"F";;4.7.2023 00:00:00;0;;0;;0;;0;;0;;0;;;1;0;0;0;0;1;0;0;1;0
2102;1272;0;1272;;2299;;4.7.2023 00:00:00;"F";;4.7.2023 00:00:00;0;;0;;0;;0;;0;;0;;;1;0;0;0;0;1;0;0;1;0
2103;1275;0;1275;;2300;;4.7.2023 00:00:00;"F";;4.7.2023 00:00:00;0;;0;;0;;0;;0;;0;;;1;0;0;0;0;1;0;0;1;0
2104;1256;0;1256;;2301;;4.7.2023 00:00:00;"F";;4.7.2023 00:00:00;0;;0;;0;;0;;0;;0;;;1;0;0;0;0;1;0;0;1;0
2105;1277;0;1277;;2302;;4.7.2023 00:00:00;"F";;4.7.2023 00:00:00;0;;0;;0;;0;;0;;0;;;1;0;0;0;0;1;0;0;1;0
2106;1267;0;1267;;2303;;4.7.2023 00:00:00;"F";;4.7.2023 00:00:00;0;;0;;0;;0;;0;;0;;;1;0;0;0;0;1;0;0;1;0
2107;1278;0;1278;;2304;;4.7.2023 00:00:00;"F";;4.7.2023 00:00:00;0;;0;;0;;0;;0;;0;;;1;0;0;0;0;1;0;0;1;0
2108;1260;0;1260;;2305;;4.7.2023 00:00:00;"F";;4.7.2023 00:00:00;0;;0;;0;;0;;0;;0;;;1;0;0;0;0;1;0;0;1;0
2109;1265;0;1265;;2306;;4.7.2023 00:00:00;"F";;4.7.2023 00:00:00;0;;0;;0;;0;;0;;0;;;1;0;0;0;0;1;0;0;1;0
2110;1257;0;1257;;2307;;4.7.2023 00:00:00;"F";;4.7.2023 00:00:00;0;;0;;0;;0;;0;;0;;;1;0;0;0;0;1;0;0;1;0
2111;1273;0;1273;;2308;;4.7.2023 00:00:00;"F";;4.7.2023 00:00:00;0;;0;;0;;0;;0;;0;;;1;0;0;0;0;1;0;0;1;0
2112;1281;0;1281;;2309;;4.7.2023 00:00:00;"F";;4.7.2023 00:00:00;0;;0;;0;;0;;0;;0;;;1;0;0;0;0;1;0;0;1;0
2113;1259;0;1259;;2310;;4.7.2023 00:00:00;"F";;4.7.2023 00:00:00;0;;0;;0;;0;;0;;0;;;1;0;0;0;0;1;0;0;1;0
2114;1283;0;1283;;2311;;4.7.2023 00:00:00;"F";;4.7.2023 00:00:00;0;;0;;0;;0;;0;;0;;;1;0;0;0;0;1;0;0;1;0
2115;1191;0;1191;;2312;;4.7.2023 00:00:00;"F";;4.7.2023 00:00:00;0;;0;;0;;0;;0;;0;;;1;0;0;0;0;1;0;0;1;0
2116;1279;0;1279;;2313;;4.7.2023 00:00:00;"F";;4.7.2023 00:00:00;0;;0;;0;;0;;0;;0;;;1;0;0;0;0;1;0;0;1;0
2117;1285;0;1285;;2314;;4.7.2023 00:00:00;"F";;4.7.2023 00:00:00;0;;0;;0;;0;;0;;0;;;1;0;0;0;0;1;0;0;1;0
2118;1468;0;1468;;2315;;4.7.2023 00:00:00;"F";;4.7.2023 00:00:00;0;;0;;0;;0;;0;;0;;;1;0;0;0;0;1;0;0;1;0
2119;1268;0;1268;;2316;;4.7.2023 00:00:00;"F";;4.7.2023 00:00:00;0;;0;;0;;0;;0;;0;;;1;0;0;0;0;1;0;0;1;0
2120;1266;0;1266;;2317;;4.7.2023 00:00:00;"F";;4.7.2023 00:00:00;0;;0;;0;;0;;0;;0;;;1;0;0;0;0;1;0;0;1;0
2121;1269;0;1269;;2318;;4.7.2023 00:00:00;"F";;4.7.2023 00:00:00;0;;0;;0;;0;;0;;0;;;1;0;0;0;0;1;0;0;1;0
2122;1286;0;1286;;2319;;4.7.2023 00:00:00;"F";;4.7.2023 00:00:00;0;;0;;0;;0;;0;;0;;;1;0;0;0;0;1;0;0;1;0
2123;1264;0;1264;;2320;;4.7.2023 00:00:00;"F";;4.7.2023 00:00:00;0;;0;;0;;0;;0;;0;;;1;0;0;0;0;1;0;0;1;0
2124;1284;0;1284;;2321;;4.7.2023 00:00:00;"F";;4.7.2023 00:00:00;0;;0;;0;;0;;0;;0;;;1;0;0;0;0;1;0;0;1;0
2125;1276;0;1276;;2322;;4.7.2023 00:00:00;"F";;4.7.2023 00:00:00;0;;0;;0;;0;;0;;0;;;1;0;0;0;0;1;0;0;1;0
2126;1280;0;1280;;2323;;4.7.2023 00:00:00;"F";;4.7.2023 00:00:00;0;;0;;0;;0;;0;;0;;;1;0;0;0;0;1;0;0;1;0
2127;1282;0;1282;;2324;;4.7.2023 00:00:00;"F";;4.7.2023 00:00:00;0;;0;;0;;0;;0;;0;;;1;0;0;0;0;1;0;0;1;0
2128;1274;0;1274;;2325;;4.7.2023 00:00:00;"F";;4.7.2023 00:00:00;0;;0;;0;;0;;0;;0;;;1;0;0;0;0;1;0;0;1;0
2129;207;0;207;;2326;;3.2.2023 00:00:00;"F";;3.2.2023 00:00:00;0;;0;;0;;0;;0;;0;;;1;0;0;0;0;1;0;0;1;0
2130;200;0;200;;2327;;3.2.2023 00:00:00;"F";;3.2.2023 00:00:00;0;;0;;0;;0;;0;;0;;;1;0;0;0;0;1;0;0;1;0
2131;201;0;201;;2328;;3.2.2023 00:00:00;"F";;3.2.2023 00:00:00;0;;0;;0;;0;;0;;0;;;1;0;0;0;0;1;0;0;1;0
2132;202;0;202;;2329;;3.2.2023 00:00:00;"F";;3.2.2023 00:00:00;0;;0;;0;;0;;0;;0;;;1;0;0;0;0;1;0;0;1;0
2133;203;0;203;;2330;;3.2.2023 00:00:00;"F";;3.2.2023 00:00:00;0;;0;;0;;0;;0;;0;;;1;0;0;0;0;1;0;0;1;0
2134;204;0;204;;2331;;3.2.2023 00:00:00;"F";;3.2.2023 00:00:00;0;;0;;0;;0;;0;;0;;;1;0;0;0;0;1;0;0;1;0
2135;206;0;206;;2332;;3.2.2023 00:00:00;"F";;3.2.2023 00:00:00;0;;0;;0;;0;;0;;0;;;1;0;0;0;0;1;0;0;1;0
2136;205;0;205;;2333;;3.2.2023 00:00:00;"F";;3.2.2023 00:00:00;0;;0;;0;;0;;0;;0;;;1;0;0;0;0;1;0;0;1;0
2137;1978;0;1978;;2334;;1.3.2023 00:00:00;"F";;1.3.2023 00:00:00;0;;0;;0;;0;;0;;0;;;1;0;0;0;0;1;0;0;1;0
2138;1982;0;1982;;2335;;1.3.2023 00:00:00;"F";;1.3.2023 00:00:00;0;;0;;0;;0;;0;;0;;;1;0;0;0;0;1;0;0;1;0
2139;1981;0;1981;;2336;;1.3.2023 00:00:00;"F";;1.3.2023 00:00:00;0;;0;;0;;0;;0;;0;;;1;0;0;0;0;1;0;0;1;0
2140;1980;0;1980;;2337;;1.3.2023 00:00:00;"F";;1.3.2023 00:00:00;0;;0;;0;;0;;0;;0;;;1;0;0;0;0;1;0;0;1;0
2141;1979;0;1979;;2338;;1.3.2023 00:00:00;"F";;1.3.2023 00:00:00;0;;0;;0;;0;;0;;0;;;1;0;0;0;0;1;0;0;1;0
2142;1977;0;1977;;2339;;1.3.2023 00:00:00;"F";;1.3.2023 00:00:00;0;;0;;0;;0;;0;;0;;;1;0;0;0;0;1;0;0;1;0
2143;795;0;795;;2340;;28.12.2022 00:00:00;"F";;28.12.2022 00:00:00;0;;0;;0;;0;;0;;0;;;1;0;0;0;0;1;0;0;1;0
2144;796;0;796;;2341;;28.12.2022 00:00:00;"F";;28.12.2022 00:00:00;0;;0;;0;;0;;0;;0;;;1;0;0;0;0;1;0;0;1;0
2145;794;0;794;;2342;;28.12.2022 00:00:00;"F";;28.12.2022 00:00:00;0;;0;;0;;0;;0;;0;;;1;0;0;0;0;1;0;0;1;0
2146;1987;0;1987;;2343;;28.12.2022 00:00:00;"F";;28.12.2022 00:00:00;0;;0;;0;;0;;0;;0;;;1;0;0;0;0;1;0;0;1;0
2147;799;0;799;;2344;;28.12.2022 00:00:00;"F";;28.12.2022 00:00:00;0;;0;;0;;0;;0;;0;;;1;0;0;0;0;1;0;0;1;0
2148;797;0;797;;2345;;28.12.2022 00:00:00;"F";;28.12.2022 00:00:00;0;;0;;0;;0;;0;;0;;;1;0;0;0;0;1;0;0;1;0
2149;792;0;792;;2346;;28.12.2022 00:00:00;"F";;28.12.2022 00:00:00;0;;0;;0;;0;;0;;0;;;1;0;0;0;0;1;0;0;1;0
2150;790;0;790;;2347;;28.12.2022 00:00:00;"F";;28.12.2022 00:00:00;0;;0;;0;;0;;0;;0;;;1;0;0;0;0;1;0;0;1;0
2151;791;0;791;;2348;;28.12.2022 00:00:00;"F";;28.12.2022 00:00:00;0;;0;;0;;0;;0;;0;;;1;0;0;0;0;1;0;0;1;0
2152;789;0;789;;2349;;28.12.2022 00:00:00;"F";;28.12.2022 00:00:00;0;;0;;0;;0;;0;;0;;;1;0;0;0;0;1;0;0;1;0
2153;793;0;793;;2350;;28.12.2022 00:00:00;"F";;28.12.2022 00:00:00;0;;0;;0;;0;;0;;0;;;1;0;0;0;0;1;0;0;1;0
2154;1456;0;1456;;2351;;27.12.2022 00:00:00;"F";;27.12.2022 00:00:00;0;;0;;0;;0;;0;;0;;;1;0;0;0;0;1;0;0;1;0
2155;1452;0;1452;;2352;;27.12.2022 00:00:00;"F";;27.12.2022 00:00:00;0;;0;;0;;0;;0;;0;;;1;0;0;0;0;1;0;0;1;0
2156;1451;0;1451;;2353;;27.12.2022 00:00:00;"F";;27.12.2022 00:00:00;0;;0;;0;;0;;0;;0;;;1;0;0;0;0;1;0;0;1;0
2157;1453;0;1453;;2354;;27.12.2022 00:00:00;"F";;27.12.2022 00:00:00;0;;0;;0;;0;;0;;0;;;1;0;0;0;0;1;0;0;1;0
2158;1450;0;1450;;2355;;27.12.2022 00:00:00;"F";;27.12.2022 00:00:00;0;;0;;0;;0;;0;;0;;;1;0;0;0;0;1;0;0;1;0
2159;1457;0;1457;;2356;;27.12.2022 00:00:00;"F";;27.12.2022 00:00:00;0;;0;;0;;0;;0;;0;;;1;0;0;0;0;1;0;0;1;0
2160;1454;0;1454;;2357;;27.12.2022 00:00:00;"F";;27.12.2022 00:00:00;0;;0;;0;;0;;0;;0;;;1;0;0;0;0;1;0;0;1;0
2161;1458;0;1458;;2358;;27.12.2022 00:00:00;"F";;27.12.2022 00:00:00;0;;0;;0;;0;;0;;0;;;1;0;0;0;0;1;0;0;1;0
2162;1459;0;1459;;2359;;27.12.2022 00:00:00;"F";;27.12.2022 00:00:00;0;;0;;0;;0;;0;;0;;;1;0;0;0;0;1;0;0;1;0
2163;1455;0;1455;;2360;;27.12.2022 00:00:00;"F";;27.12.2022 00:00:00;0;;0;;0;;0;;0;;0;;;1;0;0;0;0;1;0;0;1;0
2164;93;0;93;;2361;;26.10.2022 00:00:00;"F";;26.10.2022 00:00:00;0;;0;;0;;0;;0;;0;;;1;0;0;0;0;1;0;0;1;0
2165;99;0;99;;2362;;26.10.2022 00:00:00;"F";;26.10.2022 00:00:00;0;;0;;0;;0;;0;;0;;;1;0;0;0;0;1;0;0;1;0
2166;84;0;84;;2363;;26.10.2022 00:00:00;"F";;26.10.2022 00:00:00;0;;0;;0;;0;;0;;0;;;1;0;0;0;0;1;0;0;1;0
2167;1716;0;1716;;2364;;26.10.2022 00:00:00;"F";;26.10.2022 00:00:00;0;;0;;0;;0;;0;;0;;;1;0;0;0;0;1;0;0;1;0
2168;106;0;106;;2365;;26.10.2022 00:00:00;"F";;26.10.2022 00:00:00;0;;0;;0;;0;;0;;0;;;1;0;0;0;0;1;0;0;1;0
2169;97;0;97;;2366;;26.10.2022 00:00:00;"F";;26.10.2022 00:00:00;0;;0;;0;;0;;0;;0;;;1;0;0;0;0;1;0;0;1;0
2170;111;0;111;;2367;;26.10.2022 00:00:00;"F";;26.10.2022 00:00:00;0;;0;;0;;0;;0;;0;;;1;0;0;0;0;1;0;0;1;0
2171;102;0;102;;2368;;26.10.2022 00:00:00;"F";;26.10.2022 00:00:00;0;;0;;0;;0;;0;;0;;;1;0;0;0;0;1;0;0;1;0
2172;74;0;74;;2369;;26.10.2022 00:00:00;"F";;26.10.2022 00:00:00;0;;0;;0;;0;;0;;0;;;1;0;0;0;0;1;0;0;1;0
2173;101;0;101;;2370;;26.10.2022 00:00:00;"F";;26.10.2022 00:00:00;0;;0;;0;;0;;0;;0;;;1;0;0;0;0;1;0;0;1;0
2174;83;0;83;;2371;;26.10.2022 00:00:00;"F";;26.10.2022 00:00:00;0;;0;;0;;0;;0;;0;;;1;0;0;0;0;1;0;0;1;0
2175;154;0;154;;2372;;26.10.2022 00:00:00;"F";;26.10.2022 00:00:00;0;;0;;0;;0;;0;;0;;;1;0;0;0;0;1;0;0;1;0
2176;91;0;91;;2373;;26.10.2022 00:00:00;"F";;26.10.2022 00:00:00;0;;0;;0;;0;;0;;0;;;1;0;0;0;0;1;0;0;1;0
2177;87;0;87;;2374;;26.10.2022 00:00:00;"F";;26.10.2022 00:00:00;0;;0;;0;;0;;0;;0;;;1;0;0;0;0;1;0;0;1;0
2178;72;0;72;;2375;;26.10.2022 00:00:00;"F";;26.10.2022 00:00:00;0;;0;;0;;0;;0;;0;;;1;0;0;0;0;1;0;0;1;0
2179;98;0;98;;2376;;26.10.2022 00:00:00;"F";;26.10.2022 00:00:00;0;;0;;0;;0;;0;;0;;;1;0;0;0;0;1;0;0;1;0
2180;100;0;100;;2377;;26.10.2022 00:00:00;"F";;26.10.2022 00:00:00;0;;0;;0;;0;;0;;0;;;1;0;0;0;0;1;0;0;1;0
2181;73;0;73;;2378;;26.10.2022 00:00:00;"F";;26.10.2022 00:00:00;0;;0;;0;;0;;0;;0;;;1;0;0;0;0;1;0;0;1;0
2182;95;0;95;;2379;;26.10.2022 00:00:00;"F";;26.10.2022 00:00:00;0;;0;;0;;0;;0;;0;;;1;0;0;0;0;1;0;0;1;0
2183;70;0;70;;2380;;26.10.2022 00:00:00;"F";;26.10.2022 00:00:00;0;;0;;0;;0;;0;;0;;;1;0;0;0;0;1;0;0;1;0
2184;80;0;80;;2381;;26.10.2022 00:00:00;"F";;26.10.2022 00:00:00;0;;0;;0;;0;;0;;0;;;1;0;0;0;0;1;0;0;1;0
2185;85;0;85;;2382;;26.10.2022 00:00:00;"F";;26.10.2022 00:00:00;0;;0;;0;;0;;0;;0;;;1;0;0;0;0;1;0;0;1;0
2186;94;0;94;;2383;;26.10.2022 00:00:00;"F";;26.10.2022 00:00:00;0;;0;;0;;0;;0;;0;;;1;0;0;0;0;1;0;0;1;0
2187;96;0;96;;2384;;26.10.2022 00:00:00;"F";;26.10.2022 00:00:00;0;;0;;0;;0;;0;;0;;;1;0;0;0;0;1;0;0;1;0
2188;88;0;88;;2385;;26.10.2022 00:00:00;"F";;26.10.2022 00:00:00;0;;0;;0;;0;;0;;0;;;1;0;0;0;0;1;0;0;1;0
2189;89;0;89;;2386;;26.10.2022 00:00:00;"F";;26.10.2022 00:00:00;0;;0;;0;;0;;0;;0;;;1;0;0;0;0;1;0;0;1;0
2190;103;0;103;;2387;;26.10.2022 00:00:00;"F";;26.10.2022 00:00:00;0;;0;;0;;0;;0;;0;;;1;0;0;0;0;1;0;0;1;0
2191;90;0;90;;2388;;26.10.2022 00:00:00;"F";;26.10.2022 00:00:00;0;;0;;0;;0;;0;;0;;;1;0;0;0;0;1;0;0;1;0
2192;166;0;166;;2389;;26.10.2022 00:00:00;"F";;26.10.2022 00:00:00;0;;0;;0;;0;;0;;0;;;1;0;0;0;0;1;0;0;1;0
2193;1723;0;1723;;2390;;26.10.2022 00:00:00;"F";;26.10.2022 00:00:00;0;;0;;0;;0;;0;;0;;;1;0;0;0;0;1;0;0;1;0
2194;75;0;75;;2391;;26.10.2022 00:00:00;"F";;26.10.2022 00:00:00;0;;0;;0;;0;;0;;0;;;1;0;0;0;0;1;0;0;1;0
2195;76;0;76;;2392;;26.10.2022 00:00:00;"F";;26.10.2022 00:00:00;0;;0;;0;;0;;0;;0;;;1;0;0;0;0;1;0;0;1;0
2196;158;0;158;;2393;;26.10.2022 00:00:00;"F";;26.10.2022 00:00:00;0;;0;;0;;0;;0;;0;;;1;0;0;0;0;1;0;0;1;0
2197;71;0;71;;2394;;26.10.2022 00:00:00;"F";;26.10.2022 00:00:00;0;;0;;0;;0;;0;;0;;;1;0;0;0;0;1;0;0;1;0
2198;3707;0;3707;;2395;;26.10.2022 00:00:00;"F";;26.10.2022 00:00:00;0;;0;;0;;0;;0;;0;;;1;0;0;0;0;1;0;0;1;0
2199;78;0;78;;2396;;26.10.2022 00:00:00;"F";;26.10.2022 00:00:00;0;;0;;0;;0;;0;;0;;;1;0;0;0;0;1;0;0;1;0
2200;86;0;86;;2397;;26.10.2022 00:00:00;"F";;26.10.2022 00:00:00;0;;0;;0;;0;;0;;0;;;1;0;0;0;0;1;0;0;1;0
2201;77;0;77;;2398;;26.10.2022 00:00:00;"F";;26.10.2022 00:00:00;0;;0;;0;;0;;0;;0;;;1;0;0;0;0;1;0;0;1;0
2202;110;0;110;;2399;;26.10.2022 00:00:00;"F";;26.10.2022 00:00:00;0;;0;;0;;0;;0;;0;;;1;0;0;0;0;1;0;0;1;0
2203;3696;0;3696;;2400;;26.10.2022 00:00:00;"F";;26.10.2022 00:00:00;0;;0;;0;;0;;0;;0;;;1;0;0;0;0;1;0;0;1;0
2204;81;0;81;;2401;;26.10.2022 00:00:00;"F";;26.10.2022 00:00:00;0;;0;;0;;0;;0;;0;;;1;0;0;0;0;1;0;0;1;0
2205;82;0;82;;2402;;26.10.2022 00:00:00;"F";;26.10.2022 00:00:00;0;;0;;0;;0;;0;;0;;;1;0;0;0;0;1;0;0;1;0
2206;558;0;558;;2403;;26.9.2022 00:00:00;"F";;26.9.2022 00:00:00;0;;0;;0;;0;;0;;0;;;1;0;0;0;0;1;0;0;1;0
2207;552;0;552;;2404;;26.9.2022 00:00:00;"F";;26.9.2022 00:00:00;0;;0;;0;;0;;0;;0;;;1;0;0;0;0;1;0;0;1;0
2208;576;0;576;;2405;;26.9.2022 00:00:00;"F";;26.9.2022 00:00:00;0;;0;;0;;0;;0;;0;;;1;0;0;0;0;1;0;0;1;0
2209;559;0;559;;2406;;26.9.2022 00:00:00;"F";;26.9.2022 00:00:00;0;;0;;0;;0;;0;;0;;;1;0;0;0;0;1;0;0;1;0
2210;569;0;569;;2407;;26.9.2022 00:00:00;"F";;26.9.2022 00:00:00;0;;0;;0;;0;;0;;0;;;1;0;0;0;0;1;0;0;1;0
2211;1025;0;1025;;2408;;26.9.2022 00:00:00;"F";;26.9.2022 00:00:00;0;;0;;0;;0;;0;;0;;;1;0;0;0;0;1;0;0;1;0
2212;706;0;706;;2409;;26.9.2022 00:00:00;"F";;26.9.2022 00:00:00;0;;0;;0;;0;;0;;0;;;1;0;0;0;0;1;0;0;1;0
2213;707;0;707;;2410;;26.9.2022 00:00:00;"F";;26.9.2022 00:00:00;0;;0;;0;;0;;0;;0;;;1;0;0;0;0;1;0;0;1;0
2214;695;0;695;;2411;;26.9.2022 00:00:00;"F";;26.9.2022 00:00:00;0;;0;;0;;0;;0;;0;;;1;0;0;0;0;1;0;0;1;0
2215;20;0;20;;2412;;26.9.2022 00:00:00;"F";;26.9.2022 00:00:00;0;;0;;0;;0;;0;;0;;;1;0;0;0;0;1;0;0;1;0
2216;556;0;556;;2413;;26.9.2022 00:00:00;"F";;26.9.2022 00:00:00;0;;0;;0;;0;;0;;0;;;1;0;0;0;0;1;0;0;1;0
2217;563;0;563;;2414;;26.9.2022 00:00:00;"F";;26.9.2022 00:00:00;0;;0;;0;;0;;0;;0;;;1;0;0;0;0;1;0;0;1;0
2218;557;0;557;;2415;;26.9.2022 00:00:00;"F";;26.9.2022 00:00:00;0;;0;;0;;0;;0;;0;;;1;0;0;0;0;1;0;0;1;0
2219;548;0;548;;2416;;26.9.2022 00:00:00;"F";;26.9.2022 00:00:00;0;;0;;0;;0;;0;;0;;;1;0;0;0;0;1;0;0;1;0
2220;714;0;714;;2417;;26.9.2022 00:00:00;"F";;26.9.2022 00:00:00;0;;0;;0;;0;;0;;0;;;1;0;0;0;0;1;0;0;1;0
2221;711;0;711;;2418;;26.9.2022 00:00:00;"F";;26.9.2022 00:00:00;0;;0;;0;;0;;0;;0;;;1;0;0;0;0;1;0;0;1;0
2222;572;0;572;;2419;;26.9.2022 00:00:00;"F";;26.9.2022 00:00:00;0;;0;;0;;0;;0;;0;;;1;0;0;0;0;1;0;0;1;0
2223;553;0;553;;2420;;26.9.2022 00:00:00;"F";;26.9.2022 00:00:00;0;;0;;0;;0;;0;;0;;;1;0;0;0;0;1;0;0;1;0
2224;704;0;704;;2421;;26.9.2022 00:00:00;"F";;26.9.2022 00:00:00;0;;0;;0;;0;;0;;0;;;1;0;0;0;0;1;0;0;1;0
2225;561;0;561;;2422;;26.9.2022 00:00:00;"F";;26.9.2022 00:00:00;0;;0;;0;;0;;0;;0;;;1;0;0;0;0;1;0;0;1;0
2226;705;0;705;;2423;;26.9.2022 00:00:00;"F";;26.9.2022 00:00:00;0;;0;;0;;0;;0;;0;;;1;0;0;0;0;1;0;0;1;0
2227;689;0;689;;2424;;26.9.2022 00:00:00;"F";;26.9.2022 00:00:00;0;;0;;0;;0;;0;;0;;;1;0;0;0;0;1;0;0;1;0
2228;710;0;710;;2425;;26.9.2022 00:00:00;"F";;26.9.2022 00:00:00;0;;0;;0;;0;;0;;0;;;1;0;0;0;0;1;0;0;1;0
2229;560;0;560;;2426;;26.9.2022 00:00:00;"F";;26.9.2022 00:00:00;0;;0;;0;;0;;0;;0;;;1;0;0;0;0;1;0;0;1;0
2230;573;0;573;;2427;;26.9.2022 00:00:00;"F";;26.9.2022 00:00:00;0;;0;;0;;0;;0;;0;;;1;0;0;0;0;1;0;0;1;0
2231;562;0;562;;2428;;26.9.2022 00:00:00;"F";;26.9.2022 00:00:00;0;;0;;0;;0;;0;;0;;;1;0;0;0;0;1;0;0;1;0
2232;551;0;551;;2429;;26.9.2022 00:00:00;"F";;26.9.2022 00:00:00;0;;0;;0;;0;;0;;0;;;1;0;0;0;0;1;0;0;1;0
2233;568;0;568;;2430;;26.9.2022 00:00:00;"F";;26.9.2022 00:00:00;0;;0;;0;;0;;0;;0;;;1;0;0;0;0;1;0;0;1;0
2234;715;0;715;;2431;;26.9.2022 00:00:00;"F";;26.9.2022 00:00:00;0;;0;;0;;0;;0;;0;;;1;0;0;0;0;1;0;0;1;0
2235;757;0;757;;2432;;22.9.2022 00:00:00;"F";;22.9.2022 00:00:00;0;;0;;0;;0;;0;;0;;;1;0;0;0;0;1;0;0;1;0
2236;678;0;678;;2433;;22.9.2022 00:00:00;"F";;22.9.2022 00:00:00;0;;0;;0;;0;;0;;0;;;1;0;0;0;0;1;0;0;1;0
2237;4053;0;4053;;2434;;22.9.2022 00:00:00;"F";;22.9.2022 00:00:00;0;;0;;0;;0;;0;;0;;;1;0;0;0;0;1;0;0;1;0
2238;758;0;758;;2435;;22.9.2022 00:00:00;"F";;22.9.2022 00:00:00;0;;0;;0;;0;;0;;0;;;1;0;0;0;0;1;0;0;1;0
2239;763;0;763;;2436;;22.9.2022 00:00:00;"F";;22.9.2022 00:00:00;0;;0;;0;;0;;0;;0;;;1;0;0;0;0;1;0;0;1;0
2240;755;0;755;;2437;;22.9.2022 00:00:00;"F";;22.9.2022 00:00:00;0;;0;;0;;0;;0;;0;;;1;0;0;0;0;1;0;0;1;0
2241;747;0;747;;2438;;22.9.2022 00:00:00;"F";;22.9.2022 00:00:00;0;;0;;0;;0;;0;;0;;;1;0;0;0;0;1;0;0;1;0
2242;753;0;753;;2439;;22.9.2022 00:00:00;"F";;22.9.2022 00:00:00;0;;0;;0;;0;;0;;0;;;1;0;0;0;0;1;0;0;1;0
2243;764;0;764;;2440;;22.9.2022 00:00:00;"F";;22.9.2022 00:00:00;0;;0;;0;;0;;0;;0;;;1;0;0;0;0;1;0;0;1;0
2244;760;0;760;;2441;;22.9.2022 00:00:00;"F";;22.9.2022 00:00:00;0;;0;;0;;0;;0;;0;;;1;0;0;0;0;1;0;0;1;0
2245;767;0;767;;2442;;22.9.2022 00:00:00;"F";;22.9.2022 00:00:00;0;;0;;0;;0;;0;;0;;;1;0;0;0;0;1;0;0;1;0
2246;756;0;756;;2443;;22.9.2022 00:00:00;"F";;22.9.2022 00:00:00;0;;0;;0;;0;;0;;0;;;1;0;0;0;0;1;0;0;1;0
2247;749;0;749;;2444;;22.9.2022 00:00:00;"F";;22.9.2022 00:00:00;0;;0;;0;;0;;0;;0;;;1;0;0;0;0;1;0;0;1;0
2248;681;0;681;;2445;;22.9.2022 00:00:00;"F";;22.9.2022 00:00:00;0;;0;;0;;0;;0;;0;;;1;0;0;0;0;1;0;0;1;0
2249;759;0;759;;2446;;22.9.2022 00:00:00;"F";;22.9.2022 00:00:00;0;;0;;0;;0;;0;;0;;;1;0;0;0;0;1;0;0;1;0
2250;748;0;748;;2447;;22.9.2022 00:00:00;"F";;22.9.2022 00:00:00;0;;0;;0;;0;;0;;0;;;1;0;0;0;0;1;0;0;1;0
2251;765;0;765;;2448;;22.9.2022 00:00:00;"F";;22.9.2022 00:00:00;0;;0;;0;;0;;0;;0;;;1;0;0;0;0;1;0;0;1;0
2252;750;0;750;;2449;;22.9.2022 00:00:00;"F";;22.9.2022 00:00:00;0;;0;;0;;0;;0;;0;;;1;0;0;0;0;1;0;0;1;0
2253;761;0;761;;2450;;22.9.2022 00:00:00;"F";;22.9.2022 00:00:00;0;;0;;0;;0;;0;;0;;;1;0;0;0;0;1;0;0;1;0
2254;751;0;751;;2451;;22.9.2022 00:00:00;"F";;22.9.2022 00:00:00;0;;0;;0;;0;;0;;0;;;1;0;0;0;0;1;0;0;1;0
2255;762;0;762;;2452;;22.9.2022 00:00:00;"F";;22.9.2022 00:00:00;0;;0;;0;;0;;0;;0;;;1;0;0;0;0;1;0;0;1;0
2256;1057;0;1057;;2453;;21.12.2022 00:00:00;"F";;21.12.2022 00:00:00;0;;0;;0;;0;;0;;0;;;1;0;0;0;0;1;0;0;1;0
2257;1056;0;1056;;2454;;21.12.2022 00:00:00;"F";;21.12.2022 00:00:00;0;;0;;0;;0;;0;;0;;;1;0;0;0;0;1;0;0;1;0
2258;332;0;332;;2455;;20.10.2022 00:00:00;"F";;20.10.2022 00:00:00;0;;0;;0;;0;;0;;0;;;1;0;0;0;0;1;0;0;1;0
2259;329;0;329;;2456;;20.10.2022 00:00:00;"F";;20.10.2022 00:00:00;0;;0;;0;;0;;0;;0;;;1;0;0;0;0;1;0;0;1;0
2260;330;0;330;;2457;;20.10.2022 00:00:00;"F";;20.10.2022 00:00:00;0;;0;;0;;0;;0;;0;;;1;0;0;0;0;1;0;0;1;0
2261;331;0;331;;2458;;20.10.2022 00:00:00;"F";;20.10.2022 00:00:00;0;;0;;0;;0;;0;;0;;;1;0;0;0;0;1;0;0;1;0
2262;325;0;325;;2459;;20.10.2022 00:00:00;"F";;20.10.2022 00:00:00;0;;0;;0;;0;;0;;0;;;1;0;0;0;0;1;0;0;1;0
2263;328;0;328;;2460;;20.10.2022 00:00:00;"F";;20.10.2022 00:00:00;0;;0;;0;;0;;0;;0;;;1;0;0;0;0;1;0;0;1;0
2264;327;0;327;;2461;;20.10.2022 00:00:00;"F";;20.10.2022 00:00:00;0;;0;;0;;0;;0;;0;;;1;0;0;0;0;1;0;0;1;0
2265;333;0;333;;2462;;20.10.2022 00:00:00;"F";;20.10.2022 00:00:00;0;;0;;0;;0;;0;;0;;;1;0;0;0;0;1;0;0;1;0
2266;326;0;326;;2463;;20.10.2022 00:00:00;"F";;20.10.2022 00:00:00;0;;0;;0;;0;;0;;0;;;1;0;0;0;0;1;0;0;1;0
2267;1088;0;1088;;2464;;19.12.2022 00:00:00;"F";;19.12.2022 00:00:00;0;;0;;0;;0;;0;;0;;;1;0;0;0;0;1;0;0;1;0
2268;1089;0;1089;;2465;;19.12.2022 00:00:00;"F";;19.12.2022 00:00:00;0;;0;;0;;0;;0;;0;;;1;0;0;0;0;1;0;0;1;0
2269;1090;0;1090;;2466;;19.12.2022 00:00:00;"F";;19.12.2022 00:00:00;0;;0;;0;;0;;0;;0;;;1;0;0;0;0;1;0;0;1;0
2270;1083;0;1083;;2467;;19.12.2022 00:00:00;"F";;19.12.2022 00:00:00;0;;0;;0;;0;;0;;0;;;1;0;0;0;0;1;0;0;1;0
2271;1085;0;1085;;2468;;19.12.2022 00:00:00;"F";;19.12.2022 00:00:00;0;;0;;0;;0;;0;;0;;;1;0;0;0;0;1;0;0;1;0
2272;2704;0;2704;;2469;;19.12.2022 00:00:00;"F";;19.12.2022 00:00:00;0;;0;;0;;0;;0;;0;;;1;0;0;0;0;1;0;0;1;0
2273;1087;0;1087;;2470;;19.12.2022 00:00:00;"F";;19.12.2022 00:00:00;0;;0;;0;;0;;0;;0;;;1;0;0;0;0;1;0;0;1;0
2274;1086;0;1086;;2471;;19.12.2022 00:00:00;"F";;19.12.2022 00:00:00;0;;0;;0;;0;;0;;0;;;1;0;0;0;0;1;0;0;1;0
2275;2793;0;2793;;2472;;19.12.2022 00:00:00;"F";;19.12.2022 00:00:00;0;;0;;0;;0;;0;;0;;;1;0;0;0;0;1;0;0;1;0
2276;1641;0;1641;;2473;;19.12.2022 00:00:00;"F";;19.12.2022 00:00:00;0;;0;;0;;0;;0;;0;;;1;0;0;0;0;1;0;0;1;0
2277;2346;0;2346;;2474;;18.10.2022 00:00:00;"F";;18.10.2022 00:00:00;0;;0;;0;;0;;0;;0;;;1;0;0;0;0;1;0;0;1;0
2278;50;0;50;;2475;;18.10.2022 00:00:00;"F";;18.10.2022 00:00:00;0;;0;;0;;0;;0;;0;;;1;0;0;0;0;1;0;0;1;0
2279;54;0;54;;2476;;18.10.2022 00:00:00;"F";;18.10.2022 00:00:00;0;;0;;0;;0;;0;;0;;;1;0;0;0;0;1;0;0;1;0
2280;49;0;49;;2477;;18.10.2022 00:00:00;"F";;18.10.2022 00:00:00;0;;0;;0;;0;;0;;0;;;1;0;0;0;0;1;0;0;1;0
2281;53;0;53;;2478;;18.10.2022 00:00:00;"F";;18.10.2022 00:00:00;0;;0;;0;;0;;0;;0;;;1;0;0;0;0;1;0;0;1;0
2282;541;0;541;;2479;;18.10.2022 00:00:00;"F";;18.10.2022 00:00:00;0;;0;;0;;0;;0;;0;;;1;0;0;0;0;1;0;0;1;0
2283;63;0;63;;2480;;18.10.2022 00:00:00;"F";;18.10.2022 00:00:00;0;;0;;0;;0;;0;;0;;;1;0;0;0;0;1;0;0;1;0
2284;68;0;68;;2481;;18.10.2022 00:00:00;"F";;18.10.2022 00:00:00;0;;0;;0;;0;;0;;0;;;1;0;0;0;0;1;0;0;1;0
2285;52;0;52;;2482;;18.10.2022 00:00:00;"F";;18.10.2022 00:00:00;0;;0;;0;;0;;0;;0;;;1;0;0;0;0;1;0;0;1;0
2286;65;0;65;;2483;;18.10.2022 00:00:00;"F";;18.10.2022 00:00:00;0;;0;;0;;0;;0;;0;;;1;0;0;0;0;1;0;0;1;0
2287;59;0;59;;2484;;18.10.2022 00:00:00;"F";;18.10.2022 00:00:00;0;;0;;0;;0;;0;;0;;;1;0;0;0;0;1;0;0;1;0
2288;545;0;545;;2485;;18.10.2022 00:00:00;"F";;18.10.2022 00:00:00;0;;0;;0;;0;;0;;0;;;1;0;0;0;0;1;0;0;1;0
2289;55;0;55;;2486;;18.10.2022 00:00:00;"F";;18.10.2022 00:00:00;0;;0;;0;;0;;0;;0;;;1;0;0;0;0;1;0;0;1;0
2290;544;0;544;;2487;;18.10.2022 00:00:00;"F";;18.10.2022 00:00:00;0;;0;;0;;0;;0;;0;;;1;0;0;0;0;1;0;0;1;0
2291;546;0;546;;2488;;18.10.2022 00:00:00;"F";;18.10.2022 00:00:00;0;;0;;0;;0;;0;;0;;;1;0;0;0;0;1;0;0;1;0
2292;66;0;66;;2489;;18.10.2022 00:00:00;"F";;18.10.2022 00:00:00;0;;0;;0;;0;;0;;0;;;1;0;0;0;0;1;0;0;1;0
2293;51;0;51;;2490;;18.10.2022 00:00:00;"F";;18.10.2022 00:00:00;0;;0;;0;;0;;0;;0;;;1;0;0;0;0;1;0;0;1;0
2294;67;0;67;;2491;;18.10.2022 00:00:00;"F";;18.10.2022 00:00:00;0;;0;;0;;0;;0;;0;;;1;0;0;0;0;1;0;0;1;0
2295;60;0;60;;2492;;18.10.2022 00:00:00;"F";;18.10.2022 00:00:00;0;;0;;0;;0;;0;;0;;;1;0;0;0;0;1;0;0;1;0
2296;56;0;56;;2493;;18.10.2022 00:00:00;"F";;18.10.2022 00:00:00;0;;0;;0;;0;;0;;0;;;1;0;0;0;0;1;0;0;1;0
2297;133;0;133;;2494;;17.10.2022 00:00:00;"F";;17.10.2022 00:00:00;0;;0;;0;;0;;0;;0;;;1;0;0;0;0;1;0;0;1;0
2298;137;0;137;;2495;;17.10.2022 00:00:00;"F";;17.10.2022 00:00:00;0;;0;;0;;0;;0;;0;;;1;0;0;0;0;1;0;0;1;0
2299;122;0;122;;2496;;17.10.2022 00:00:00;"F";;17.10.2022 00:00:00;0;;0;;0;;0;;0;;0;;;1;0;0;0;0;1;0;0;1;0
2300;136;0;136;;2497;;17.10.2022 00:00:00;"F";;17.10.2022 00:00:00;0;;0;;0;;0;;0;;0;;;1;0;0;0;0;1;0;0;1;0
2301;131;0;131;;2498;;17.10.2022 00:00:00;"F";;17.10.2022 00:00:00;0;;0;;0;;0;;0;;0;;;1;0;0;0;0;1;0;0;1;0
2302;129;0;129;;2499;;17.10.2022 00:00:00;"F";;17.10.2022 00:00:00;0;;0;;0;;0;;0;;0;;;1;0;0;0;0;1;0;0;1;0
2303;124;0;124;;2500;;17.10.2022 00:00:00;"F";;17.10.2022 00:00:00;0;;0;;0;;0;;0;;0;;;1;0;0;0;0;1;0;0;1;0
2304;121;0;121;;2501;;17.10.2022 00:00:00;"F";;17.10.2022 00:00:00;0;;0;;0;;0;;0;;0;;;1;0;0;0;0;1;0;0;1;0
2305;125;0;125;;2502;;17.10.2022 00:00:00;"F";;17.10.2022 00:00:00;0;;0;;0;;0;;0;;0;;;1;0;0;0;0;1;0;0;1;0
2306;119;0;119;;2503;;17.10.2022 00:00:00;"F";;17.10.2022 00:00:00;0;;0;;0;;0;;0;;0;;;1;0;0;0;0;1;0;0;1;0
2307;132;0;132;;2504;;17.10.2022 00:00:00;"F";;17.10.2022 00:00:00;0;;0;;0;;0;;0;;0;;;1;0;0;0;0;1;0;0;1;0
2308;134;0;134;;2505;;17.10.2022 00:00:00;"F";;17.10.2022 00:00:00;0;;0;;0;;0;;0;;0;;;1;0;0;0;0;1;0;0;1;0
2309;135;0;135;;2506;;17.10.2022 00:00:00;"F";;17.10.2022 00:00:00;0;;0;;0;;0;;0;;0;;;1;0;0;0;0;1;0;0;1;0
2310;123;0;123;;2507;;17.10.2022 00:00:00;"F";;17.10.2022 00:00:00;0;;0;;0;;0;;0;;0;;;1;0;0;0;0;1;0;0;1;0
2311;130;0;130;;2508;;17.10.2022 00:00:00;"F";;17.10.2022 00:00:00;0;;0;;0;;0;;0;;0;;;1;0;0;0;0;1;0;0;1;0
2312;128;0;128;;2509;;17.10.2022 00:00:00;"F";;17.10.2022 00:00:00;0;;0;;0;;0;;0;;0;;;1;0;0;0;0;1;0;0;1;0
2313;127;0;127;;2510;;17.10.2022 00:00:00;"F";;17.10.2022 00:00:00;0;;0;;0;;0;;0;;0;;;1;0;0;0;0;1;0;0;1;0
2314;126;0;126;;2511;;17.10.2022 00:00:00;"F";;17.10.2022 00:00:00;0;;0;;0;;0;;0;;0;;;1;0;0;0;0;1;0;0;1;0
2315;118;0;118;;2512;;17.10.2022 00:00:00;"F";;17.10.2022 00:00:00;0;;0;;0;;0;;0;;0;;;1;0;0;0;0;1;0;0;1;0
2316;120;0;120;;2513;;17.10.2022 00:00:00;"F";;17.10.2022 00:00:00;0;;0;;0;;0;;0;;0;;;1;0;0;0;0;1;0;0;1;0
2317;1167;0;1167;;2514;;17.10.2022 00:00:00;"F";;17.10.2022 00:00:00;0;;0;;0;;0;;0;;0;;;1;0;0;0;0;1;0;0;1;0
2318;1183;0;1183;;2515;;17.10.2022 00:00:00;"F";;17.10.2022 00:00:00;0;;0;;0;;0;;0;;0;;;1;0;0;0;0;1;0;0;1;0
2319;1175;0;1175;;2516;;17.10.2022 00:00:00;"F";;17.10.2022 00:00:00;0;;0;;0;;0;;0;;0;;;1;0;0;0;0;1;0;0;1;0
2320;1163;0;1163;;2517;;17.10.2022 00:00:00;"F";;17.10.2022 00:00:00;0;;0;;0;;0;;0;;0;;;1;0;0;0;0;1;0;0;1;0
2321;2797;0;2797;;2518;;17.10.2022 00:00:00;"F";;17.10.2022 00:00:00;0;;0;;0;;0;;0;;0;;;1;0;0;0;0;1;0;0;1;0
2322;1173;0;1173;;2519;;17.10.2022 00:00:00;"F";;17.10.2022 00:00:00;0;;0;;0;;0;;0;;0;;;1;0;0;0;0;1;0;0;1;0
2323;1179;0;1179;;2520;;17.10.2022 00:00:00;"F";;17.10.2022 00:00:00;0;;0;;0;;0;;0;;0;;;1;0;0;0;0;1;0;0;1;0
2324;2049;0;2049;;2521;;17.10.2022 00:00:00;"F";;17.10.2022 00:00:00;0;;0;;0;;0;;0;;0;;;1;0;0;0;0;1;0;0;1;0
2325;1184;0;1184;;2522;;17.10.2022 00:00:00;"F";;17.10.2022 00:00:00;0;;0;;0;;0;;0;;0;;;1;0;0;0;0;1;0;0;1;0
2326;1161;0;1161;;2523;;17.10.2022 00:00:00;"F";;17.10.2022 00:00:00;0;;0;;0;;0;;0;;0;;;1;0;0;0;0;1;0;0;1;0
2327;1176;0;1176;;2524;;17.10.2022 00:00:00;"F";;17.10.2022 00:00:00;0;;0;;0;;0;;0;;0;;;1;0;0;0;0;1;0;0;1;0
2328;1166;0;1166;;2525;;17.10.2022 00:00:00;"F";;17.10.2022 00:00:00;0;;0;;0;;0;;0;;0;;;1;0;0;0;0;1;0;0;1;0
2329;1190;0;1190;;2526;;17.10.2022 00:00:00;"F";;17.10.2022 00:00:00;0;;0;;0;;0;;0;;0;;;1;0;0;0;0;1;0;0;1;0
2330;1169;0;1169;;2527;;17.10.2022 00:00:00;"F";;17.10.2022 00:00:00;0;;0;;0;;0;;0;;0;;;1;0;0;0;0;1;0;0;1;0
2331;1181;0;1181;;2529;;17.10.2022 00:00:00;"F";;17.10.2022 00:00:00;0;;0;;0;;0;;0;;0;;;1;0;0;0;0;1;0;0;1;0
2333;2191;0;2191;;2530;;17.10.2022 00:00:00;"F";;17.10.2022 00:00:00;0;;0;;0;;0;;0;;0;;;1;0;0;0;0;1;0;0;1;0
2334;2020;0;2020;;2531;;17.10.2022 00:00:00;"F";;17.10.2022 00:00:00;0;;0;;0;;0;;0;;0;;;1;0;0;0;0;1;0;0;1;0
2335;1185;0;1185;;2532;;17.10.2022 00:00:00;"F";;17.10.2022 00:00:00;0;;0;;0;;0;;0;;0;;;1;0;0;0;0;1;0;0;1;0
2336;1165;0;1165;;2533;;17.10.2022 00:00:00;"F";;17.10.2022 00:00:00;0;;0;;0;;0;;0;;0;;;1;0;0;0;0;1;0;0;1;0
2337;1180;0;1180;;2534;;17.10.2022 00:00:00;"F";;17.10.2022 00:00:00;0;;0;;0;;0;;0;;0;;;1;0;0;0;0;1;0;0;1;0
2338;2643;0;2643;;2535;;17.10.2022 00:00:00;"F";;17.10.2022 00:00:00;0;;0;;0;;0;;0;;0;;;1;0;0;0;0;1;0;0;1;0
2339;1188;0;1188;;2536;;17.10.2022 00:00:00;"F";;17.10.2022 00:00:00;0;;0;;0;;0;;0;;0;;;1;0;0;0;0;1;0;0;1;0
2340;1177;0;1177;;2537;;17.10.2022 00:00:00;"F";;17.10.2022 00:00:00;0;;0;;0;;0;;0;;0;;;1;0;0;0;0;1;0;0;1;0
2341;1178;0;1178;;2538;;17.10.2022 00:00:00;"F";;17.10.2022 00:00:00;0;;0;;0;;0;;0;;0;;;1;0;0;0;0;1;0;0;1;0
2342;1164;0;1164;;2539;;17.10.2022 00:00:00;"F";;17.10.2022 00:00:00;0;;0;;0;;0;;0;;0;;;1;0;0;0;0;1;0;0;1;0
2343;1168;0;1168;;2540;;17.10.2022 00:00:00;"F";;17.10.2022 00:00:00;0;;0;;0;;0;;0;;0;;;1;0;0;0;0;1;0;0;1;0
2344;3857;0;3857;;2541;;17.10.2022 00:00:00;"F";;17.10.2022 00:00:00;0;;0;;0;;0;;0;;0;;;1;0;0;0;0;1;0;0;1;0
2345;1189;0;1189;;2542;;17.10.2022 00:00:00;"F";;17.10.2022 00:00:00;0;;0;;0;;0;;0;;0;;;1;0;0;0;0;1;0;0;1;0
2346;1172;0;1172;;2543;;17.10.2022 00:00:00;"F";;17.10.2022 00:00:00;0;;0;;0;;0;;0;;0;;;1;0;0;0;0;1;0;0;1;0
2347;1760;0;1760;;2544;;16.11.2022 00:00:00;"F";;16.11.2022 00:00:00;0;;0;;0;;0;;0;;0;;;1;0;0;0;0;1;0;0;1;0
2348;1757;0;1757;;2545;;16.11.2022 00:00:00;"F";;16.11.2022 00:00:00;0;;0;;0;;0;;0;;0;;;1;0;0;0;0;1;0;0;1;0
2349;1756;0;1756;;2546;;16.11.2022 00:00:00;"F";;16.11.2022 00:00:00;0;;0;;0;;0;;0;;0;;;1;0;0;0;0;1;0;0;1;0
2350;1763;0;1763;;2547;;16.11.2022 00:00:00;"F";;16.11.2022 00:00:00;0;;0;;0;;0;;0;;0;;;1;0;0;0;0;1;0;0;1;0
2351;1762;0;1762;;2548;;16.11.2022 00:00:00;"F";;16.11.2022 00:00:00;0;;0;;0;;0;;0;;0;;;1;0;0;0;0;1;0;0;1;0
2352;1753;0;1753;;2549;;16.11.2022 00:00:00;"F";;16.11.2022 00:00:00;0;;0;;0;;0;;0;;0;;;1;0;0;0;0;1;0;0;1;0
2353;1754;0;1754;;2550;;16.11.2022 00:00:00;"F";;16.11.2022 00:00:00;0;;0;;0;;0;;0;;0;;;1;0;0;0;0;1;0;0;1;0
2354;1752;0;1752;;2551;;16.11.2022 00:00:00;"F";;16.11.2022 00:00:00;0;;0;;0;;0;;0;;0;;;1;0;0;0;0;1;0;0;1;0
2355;1759;0;1759;;2552;;16.11.2022 00:00:00;"F";;16.11.2022 00:00:00;0;;0;;0;;0;;0;;0;;;1;0;0;0;0;1;0;0;1;0
2356;1761;0;1761;;2553;;16.11.2022 00:00:00;"F";;16.11.2022 00:00:00;0;;0;;0;;0;;0;;0;;;1;0;0;0;0;1;0;0;1;0
2357;1758;0;1758;;2554;;16.11.2022 00:00:00;"F";;16.11.2022 00:00:00;0;;0;;0;;0;;0;;0;;;1;0;0;0;0;1;0;0;1;0
2358;1755;0;1755;;2555;;16.11.2022 00:00:00;"F";;16.11.2022 00:00:00;0;;0;;0;;0;;0;;0;;;1;0;0;0;0;1;0;0;1;0
2359;558;0;558;;2556;;16.9.2022 00:00:00;"F";;16.9.2022 00:00:00;0;;0;;0;;0;;0;;0;;;1;0;0;0;0;1;0;0;1;0
2360;552;0;552;;2557;;16.9.2022 00:00:00;"F";;16.9.2022 00:00:00;0;;0;;0;;0;;0;;0;;;1;0;0;0;0;1;0;0;1;0
2361;737;0;737;;2558;;16.9.2022 00:00:00;"F";;16.9.2022 00:00:00;0;;0;;0;;0;;0;;0;;;1;0;0;0;0;1;0;0;1;0
2362;576;0;576;;2559;;16.9.2022 00:00:00;"F";;16.9.2022 00:00:00;0;;0;;0;;0;;0;;0;;;1;0;0;0;0;1;0;0;1;0
2363;559;0;559;;2560;;16.9.2022 00:00:00;"F";;16.9.2022 00:00:00;0;;0;;0;;0;;0;;0;;;1;0;0;0;0;1;0;0;1;0
2364;569;0;569;;2561;;16.9.2022 00:00:00;"F";;16.9.2022 00:00:00;0;;0;;0;;0;;0;;0;;;1;0;0;0;0;1;0;0;1;0
2365;746;0;746;;2562;;16.9.2022 00:00:00;"F";;16.9.2022 00:00:00;0;;0;;0;;0;;0;;0;;;1;0;0;0;0;1;0;0;1;0
2366;735;0;735;;2563;;16.9.2022 00:00:00;"F";;16.9.2022 00:00:00;0;;0;;0;;0;;0;;0;;;1;0;0;0;0;1;0;0;1;0
2367;2311;0;2311;;2564;;16.9.2022 00:00:00;"F";;16.9.2022 00:00:00;0;;0;;0;;0;;0;;0;;;1;0;0;0;0;1;0;0;1;0
2368;4052;0;4052;;2565;;16.9.2022 00:00:00;"F";;16.9.2022 00:00:00;0;;0;;0;;0;;0;;0;;;1;0;0;0;0;1;0;0;1;0
2369;743;0;743;;2566;;16.9.2022 00:00:00;"F";;16.9.2022 00:00:00;0;;0;;0;;0;;0;;0;;;1;0;0;0;0;1;0;0;1;0
2370;706;0;706;;2567;;16.9.2022 00:00:00;"F";;16.9.2022 00:00:00;0;;0;;0;;0;;0;;0;;;1;0;0;0;0;1;0;0;1;0
2371;742;0;742;;2568;;16.9.2022 00:00:00;"F";;16.9.2022 00:00:00;0;;0;;0;;0;;0;;0;;;1;0;0;0;0;1;0;0;1;0
2372;1243;0;1243;;2569;;16.9.2022 00:00:00;"F";;16.9.2022 00:00:00;0;;0;;0;;0;;0;;0;;;1;0;0;0;0;1;0;0;1;0
2373;695;0;695;;2570;;16.9.2022 00:00:00;"F";;16.9.2022 00:00:00;0;;0;;0;;0;;0;;0;;;1;0;0;0;0;1;0;0;1;0
2374;694;0;694;;2571;;16.9.2022 00:00:00;"F";;16.9.2022 00:00:00;0;;0;;0;;0;;0;;0;;;1;0;0;0;0;1;0;0;1;0
2375;556;0;556;;2572;;16.9.2022 00:00:00;"F";;16.9.2022 00:00:00;0;;0;;0;;0;;0;;0;;;1;0;0;0;0;1;0;0;1;0
2376;736;0;736;;2573;;16.9.2022 00:00:00;"F";;16.9.2022 00:00:00;0;;0;;0;;0;;0;;0;;;1;0;0;0;0;1;0;0;1;0
2377;563;0;563;;2574;;16.9.2022 00:00:00;"F";;16.9.2022 00:00:00;0;;0;;0;;0;;0;;0;;;1;0;0;0;0;1;0;0;1;0
2378;557;0;557;;2575;;16.9.2022 00:00:00;"F";;16.9.2022 00:00:00;0;;0;;0;;0;;0;;0;;;1;0;0;0;0;1;0;0;1;0
2379;548;0;548;;2576;;16.9.2022 00:00:00;"F";;16.9.2022 00:00:00;0;;0;;0;;0;;0;;0;;;1;0;0;0;0;1;0;0;1;0
2380;714;0;714;;2577;;16.9.2022 00:00:00;"F";;16.9.2022 00:00:00;0;;0;;0;;0;;0;;0;;;1;0;0;0;0;1;0;0;1;0
2381;740;0;740;;2578;;16.9.2022 00:00:00;"F";;16.9.2022 00:00:00;0;;0;;0;;0;;0;;0;;;1;0;0;0;0;1;0;0;1;0
2382;739;0;739;;2579;;16.9.2022 00:00:00;"F";;16.9.2022 00:00:00;0;;0;;0;;0;;0;;0;;;1;0;0;0;0;1;0;0;1;0
2383;711;0;711;;2580;;16.9.2022 00:00:00;"F";;16.9.2022 00:00:00;0;;0;;0;;0;;0;;0;;;1;0;0;0;0;1;0;0;1;0
2384;572;0;572;;2581;;16.9.2022 00:00:00;"F";;16.9.2022 00:00:00;0;;0;;0;;0;;0;;0;;;1;0;0;0;0;1;0;0;1;0
2385;553;0;553;;2582;;16.9.2022 00:00:00;"F";;16.9.2022 00:00:00;0;;0;;0;;0;;0;;0;;;1;0;0;0;0;1;0;0;1;0
2386;704;0;704;;2583;;16.9.2022 00:00:00;"F";;16.9.2022 00:00:00;0;;0;;0;;0;;0;;0;;;1;0;0;0;0;1;0;0;1;0
2387;561;0;561;;2584;;16.9.2022 00:00:00;"F";;16.9.2022 00:00:00;0;;0;;0;;0;;0;;0;;;1;0;0;0;0;1;0;0;1;0
2388;734;0;734;;2585;;16.9.2022 00:00:00;"F";;16.9.2022 00:00:00;0;;0;;0;;0;;0;;0;;;1;0;0;0;0;1;0;0;1;0
2389;705;0;705;;2586;;16.9.2022 00:00:00;"F";;16.9.2022 00:00:00;0;;0;;0;;0;;0;;0;;;1;0;0;0;0;1;0;0;1;0
2390;689;0;689;;2587;;16.9.2022 00:00:00;"F";;16.9.2022 00:00:00;0;;0;;0;;0;;0;;0;;;1;0;0;0;0;1;0;0;1;0
2391;732;0;732;;2588;;16.9.2022 00:00:00;"F";;16.9.2022 00:00:00;0;;0;;0;;0;;0;;0;;;1;0;0;0;0;1;0;0;1;0
2392;744;0;744;;2589;;16.9.2022 00:00:00;"F";;16.9.2022 00:00:00;0;;0;;0;;0;;0;;0;;;1;0;0;0;0;1;0;0;1;0
2393;710;0;710;;2590;;16.9.2022 00:00:00;"F";;16.9.2022 00:00:00;0;;0;;0;;0;;0;;0;;;1;0;0;0;0;1;0;0;1;0
2394;560;0;560;;2591;;16.9.2022 00:00:00;"F";;16.9.2022 00:00:00;0;;0;;0;;0;;0;;0;;;1;0;0;0;0;1;0;0;1;0
2395;573;0;573;;2592;;16.9.2022 00:00:00;"F";;16.9.2022 00:00:00;0;;0;;0;;0;;0;;0;;;1;0;0;0;0;1;0;0;1;0
2396;731;0;731;;2593;;16.9.2022 00:00:00;"F";;16.9.2022 00:00:00;0;;0;;0;;0;;0;;0;;;1;0;0;0;0;1;0;0;1;0
2397;2309;0;2309;;2594;;16.9.2022 00:00:00;"F";;16.9.2022 00:00:00;0;;0;;0;;0;;0;;0;;;1;0;0;0;0;1;0;0;1;0
2398;562;0;562;;2595;;16.9.2022 00:00:00;"F";;16.9.2022 00:00:00;0;;0;;0;;0;;0;;0;;;1;0;0;0;0;1;0;0;1;0
2399;551;0;551;;2596;;16.9.2022 00:00:00;"F";;16.9.2022 00:00:00;0;;0;;0;;0;;0;;0;;;1;0;0;0;0;1;0;0;1;0
2400;2308;0;2308;;2597;;16.9.2022 00:00:00;"F";;16.9.2022 00:00:00;0;;0;;0;;0;;0;;0;;;1;0;0;0;0;1;0;0;1;0
2401;568;0;568;;2598;;16.9.2022 00:00:00;"F";;16.9.2022 00:00:00;0;;0;;0;;0;;0;;0;;;1;0;0;0;0;1;0;0;1;0
2402;733;0;733;;2599;;16.9.2022 00:00:00;"F";;16.9.2022 00:00:00;0;;0;;0;;0;;0;;0;;;1;0;0;0;0;1;0;0;1;0
2403;715;0;715;;2600;;16.9.2022 00:00:00;"F";;16.9.2022 00:00:00;0;;0;;0;;0;;0;;0;;;1;0;0;0;0;1;0;0;1;0
2404;1157;0;1157;;2601;;13.12.2022 00:00:00;"F";;13.12.2022 00:00:00;0;;0;;0;;0;;0;;0;;;1;0;0;0;0;1;0;0;1;0
2405;1159;0;1159;;2602;;13.12.2022 00:00:00;"F";;13.12.2022 00:00:00;0;;0;;0;;0;;0;;0;;;1;0;0;0;0;1;0;0;1;0
2406;1160;0;1160;;2603;;13.12.2022 00:00:00;"F";;13.12.2022 00:00:00;0;;0;;0;;0;;0;;0;;;1;0;0;0;0;1;0;0;1;0
2407;1158;0;1158;;2604;;13.12.2022 00:00:00;"F";;13.12.2022 00:00:00;0;;0;;0;;0;;0;;0;;;1;0;0;0;0;1;0;0;1;0
2408;806;0;806;;2605;;13.12.2022 00:00:00;"F";;13.12.2022 00:00:00;0;;0;;0;;0;;0;;0;;;1;0;0;0;0;1;0;0;1;0
2409;808;0;808;;2606;;13.12.2022 00:00:00;"F";;13.12.2022 00:00:00;0;;0;;0;;0;;0;;0;;;1;0;0;0;0;1;0;0;1;0
2410;801;0;801;;2607;;13.12.2022 00:00:00;"F";;13.12.2022 00:00:00;0;;0;;0;;0;;0;;0;;;1;0;0;0;0;1;0;0;1;0
2411;804;0;804;;2608;;13.12.2022 00:00:00;"F";;13.12.2022 00:00:00;0;;0;;0;;0;;0;;0;;;1;0;0;0;0;1;0;0;1;0
2412;800;0;800;;2609;;13.12.2022 00:00:00;"F";;13.12.2022 00:00:00;0;;0;;0;;0;;0;;0;;;1;0;0;0;0;1;0;0;1;0
2413;803;0;803;;2610;;13.12.2022 00:00:00;"F";;13.12.2022 00:00:00;0;;0;;0;;0;;0;;0;;;1;0;0;0;0;1;0;0;1;0
2414;805;0;805;;2611;;13.12.2022 00:00:00;"F";;13.12.2022 00:00:00;0;;0;;0;;0;;0;;0;;;1;0;0;0;0;1;0;0;1;0
2415;807;0;807;;2612;;13.12.2022 00:00:00;"F";;13.12.2022 00:00:00;0;;0;;0;;0;;0;;0;;;1;0;0;0;0;1;0;0;1;0
2416;802;0;802;;2613;;13.12.2022 00:00:00;"F";;13.12.2022 00:00:00;0;;0;;0;;0;;0;;0;;;1;0;0;0;0;1;0;0;1;0
2417;508;0;508;;2614;;12.12.2022 00:00:00;"F";;12.12.2022 00:00:00;0;;0;;0;;0;;0;;0;;;1;0;0;0;0;1;0;0;1;0
2418;510;0;510;;2615;;12.12.2022 00:00:00;"F";;12.12.2022 00:00:00;0;;0;;0;;0;;0;;0;;;1;0;0;0;0;1;0;0;1;0
2419;512;0;512;;2616;;12.12.2022 00:00:00;"F";;12.12.2022 00:00:00;0;;0;;0;;0;;0;;0;;;1;0;0;0;0;1;0;0;1;0
2420;513;0;513;;2617;;12.12.2022 00:00:00;"F";;12.12.2022 00:00:00;0;;0;;0;;0;;0;;0;;;1;0;0;0;0;1;0;0;1;0
2421;511;0;511;;2618;;12.12.2022 00:00:00;"F";;12.12.2022 00:00:00;0;;0;;0;;0;;0;;0;;;1;0;0;0;0;1;0;0;1;0
2422;509;0;509;;2619;;12.12.2022 00:00:00;"F";;12.12.2022 00:00:00;0;;0;;0;;0;;0;;0;;;1;0;0;0;0;1;0;0;1;0
2423;420;0;420;;2620;;12.12.2022 00:00:00;"F";;12.12.2022 00:00:00;0;;0;;0;;0;;0;;0;;;1;0;0;0;0;1;0;0;1;0
2424;422;0;422;;2621;;12.12.2022 00:00:00;"F";;12.12.2022 00:00:00;0;;0;;0;;0;;0;;0;;;1;0;0;0;0;1;0;0;1;0
2425;410;0;410;;2622;;12.12.2022 00:00:00;"F";;12.12.2022 00:00:00;0;;0;;0;;0;;0;;0;;;1;0;0;0;0;1;0;0;1;0
2426;411;0;411;;2623;;12.12.2022 00:00:00;"F";;12.12.2022 00:00:00;0;;0;;0;;0;;0;;0;;;1;0;0;0;0;1;0;0;1;0
2427;423;0;423;;2624;;12.12.2022 00:00:00;"F";;12.12.2022 00:00:00;0;;0;;0;;0;;0;;0;;;1;0;0;0;0;1;0;0;1;0
2428;419;0;419;;2625;;12.12.2022 00:00:00;"F";;12.12.2022 00:00:00;0;;0;;0;;0;;0;;0;;;1;0;0;0;0;1;0;0;1;0
2429;417;0;417;;2626;;12.12.2022 00:00:00;"F";;12.12.2022 00:00:00;0;;0;;0;;0;;0;;0;;;1;0;0;0;0;1;0;0;1;0
2430;416;0;416;;2627;;12.12.2022 00:00:00;"F";;12.12.2022 00:00:00;0;;0;;0;;0;;0;;0;;;1;0;0;0;0;1;0;0;1;0
2431;409;0;409;;2628;;12.12.2022 00:00:00;"F";;12.12.2022 00:00:00;0;;0;;0;;0;;0;;0;;;1;0;0;0;0;1;0;0;1;0
2432;412;0;412;;2629;;12.12.2022 00:00:00;"F";;12.12.2022 00:00:00;0;;0;;0;;0;;0;;0;;;1;0;0;0;0;1;0;0;1;0
2433;421;0;421;;2630;;12.12.2022 00:00:00;"F";;12.12.2022 00:00:00;0;;0;;0;;0;;0;;0;;;1;0;0;0;0;1;0;0;1;0
2434;418;0;418;;2631;;12.12.2022 00:00:00;"F";;12.12.2022 00:00:00;0;;0;;0;;0;;0;;0;;;1;0;0;0;0;1;0;0;1;0
2435;1964;0;1964;;2632;;12.12.2022 00:00:00;"F";;12.12.2022 00:00:00;0;;0;;0;;0;;0;;0;;;1;0;0;0;0;1;0;0;1;0
2436;1961;0;1961;;2633;;12.12.2022 00:00:00;"F";;12.12.2022 00:00:00;0;;0;;0;;0;;0;;0;;;1;0;0;0;0;1;0;0;1;0
2437;1965;0;1965;;2634;;12.12.2022 00:00:00;"F";;12.12.2022 00:00:00;0;;0;;0;;0;;0;;0;;;1;0;0;0;0;1;0;0;1;0
2438;1966;0;1966;;2635;;12.12.2022 00:00:00;"F";;12.12.2022 00:00:00;0;;0;;0;;0;;0;;0;;;1;0;0;0;0;1;0;0;1;0
2439;1963;0;1963;;2636;;12.12.2022 00:00:00;"F";;12.12.2022 00:00:00;0;;0;;0;;0;;0;;0;;;1;0;0;0;0;1;0;0;1;0
2440;1962;0;1962;;2637;;12.12.2022 00:00:00;"F";;12.12.2022 00:00:00;0;;0;;0;;0;;0;;0;;;1;0;0;0;0;1;0;0;1;0
2441;1955;0;1955;;2638;;12.12.2022 00:00:00;"F";;12.12.2022 00:00:00;0;;0;;0;;0;;0;;0;;;1;0;0;0;0;1;0;0;1;0
2442;1939;0;1939;;2639;;12.12.2022 00:00:00;"F";;12.12.2022 00:00:00;0;;0;;0;;0;;0;;0;;;1;0;0;0;0;1;0;0;1;0
2443;1952;0;1952;;2640;;12.12.2022 00:00:00;"F";;12.12.2022 00:00:00;0;;0;;0;;0;;0;;0;;;1;0;0;0;0;1;0;0;1;0
2444;1938;0;1938;;2641;;12.12.2022 00:00:00;"F";;12.12.2022 00:00:00;0;;0;;0;;0;;0;;0;;;1;0;0;0;0;1;0;0;1;0
2445;1936;0;1936;;2642;;12.12.2022 00:00:00;"F";;12.12.2022 00:00:00;0;;0;;0;;0;;0;;0;;;1;0;0;0;0;1;0;0;1;0
2446;1937;0;1937;;2643;;12.12.2022 00:00:00;"F";;12.12.2022 00:00:00;0;;0;;0;;0;;0;;0;;;1;0;0;0;0;1;0;0;1;0
2447;1949;0;1949;;2644;;12.12.2022 00:00:00;"F";;12.12.2022 00:00:00;0;;0;;0;;0;;0;;0;;;1;0;0;0;0;1;0;0;1;0
2448;1941;0;1941;;2645;;12.12.2022 00:00:00;"F";;12.12.2022 00:00:00;0;;0;;0;;0;;0;;0;;;1;0;0;0;0;1;0;0;1;0
2449;1953;0;1953;;2646;;12.12.2022 00:00:00;"F";;12.12.2022 00:00:00;0;;0;;0;;0;;0;;0;;;1;0;0;0;0;1;0;0;1;0
2450;1960;0;1960;;2647;;12.12.2022 00:00:00;"F";;12.12.2022 00:00:00;0;;0;;0;;0;;0;;0;;;1;0;0;0;0;1;0;0;1;0
2451;1948;0;1948;;2648;;12.12.2022 00:00:00;"F";;12.12.2022 00:00:00;0;;0;;0;;0;;0;;0;;;1;0;0;0;0;1;0;0;1;0
2452;1947;0;1947;;2649;;12.12.2022 00:00:00;"F";;12.12.2022 00:00:00;0;;0;;0;;0;;0;;0;;;1;0;0;0;0;1;0;0;1;0
2453;1951;0;1951;;2650;;12.12.2022 00:00:00;"F";;12.12.2022 00:00:00;0;;0;;0;;0;;0;;0;;;1;0;0;0;0;1;0;0;1;0
2454;1943;0;1943;;2651;;12.12.2022 00:00:00;"F";;12.12.2022 00:00:00;0;;0;;0;;0;;0;;0;;;1;0;0;0;0;1;0;0;1;0
2455;4257;0;1956;;2653;;12.12.2022 00:00:00;"F";;12.12.2022 00:00:00;0;;0;;0;;0;;0;;0;;;1;0;0;0;0;1;0;0;1;0
2457;1942;0;1942;;2654;;12.12.2022 00:00:00;"F";;12.12.2022 00:00:00;0;;0;;0;;0;;0;;0;;;1;0;0;0;0;1;0;0;1;0
2458;1946;0;1946;;2655;;12.12.2022 00:00:00;"F";;12.12.2022 00:00:00;0;;0;;0;;0;;0;;0;;;1;0;0;0;0;1;0;0;1;0
2459;1945;0;1945;;2656;;12.12.2022 00:00:00;"F";;12.12.2022 00:00:00;0;;0;;0;;0;;0;;0;;;1;0;0;0;0;1;0;0;1;0
2460;1959;0;1959;;2657;;12.12.2022 00:00:00;"F";;12.12.2022 00:00:00;0;;0;;0;;0;;0;;0;;;1;0;0;0;0;1;0;0;1;0
2461;1950;0;1950;;2658;;12.12.2022 00:00:00;"F";;12.12.2022 00:00:00;0;;0;;0;;0;;0;;0;;;1;0;0;0;0;1;0;0;1;0
2462;1940;0;1940;;2659;;12.12.2022 00:00:00;"F";;12.12.2022 00:00:00;0;;0;;0;;0;;0;;0;;;1;0;0;0;0;1;0;0;1;0
2463;1944;0;1944;;2660;;12.12.2022 00:00:00;"F";;12.12.2022 00:00:00;0;;0;;0;;0;;0;;0;;;1;0;0;0;0;1;0;0;1;0
2464;1958;0;1958;;2661;;12.12.2022 00:00:00;"F";;12.12.2022 00:00:00;0;;0;;0;;0;;0;;0;;;1;0;0;0;0;1;0;0;1;0
2465;1957;0;1957;;2662;;12.12.2022 00:00:00;"F";;12.12.2022 00:00:00;0;;0;;0;;0;;0;;0;;;1;0;0;0;0;1;0;0;1;0
2466;1954;0;1954;;2663;;12.12.2022 00:00:00;"F";;12.12.2022 00:00:00;0;;0;;0;;0;;0;;0;;;1;0;0;0;0;1;0;0;1;0
2467;1254;0;1254;;2664;;12.10.2022 00:00:00;"F";;12.10.2022 00:00:00;0;;0;;0;;0;;0;;0;;;1;0;0;0;0;1;0;0;1;0
2468;1245;0;1245;;2665;;12.10.2022 00:00:00;"F";;12.10.2022 00:00:00;0;;0;;0;;0;;0;;0;;;1;0;0;0;0;1;0;0;1;0
2469;1243;0;1243;;2666;;12.10.2022 00:00:00;"F";;12.10.2022 00:00:00;0;;0;;0;;0;;0;;0;;;1;0;0;0;0;1;0;0;1;0
2470;1247;0;1247;;2667;;12.10.2022 00:00:00;"F";;12.10.2022 00:00:00;0;;0;;0;;0;;0;;0;;;1;0;0;0;0;1;0;0;1;0
2471;193;0;193;;2668;;12.10.2022 00:00:00;"F";;12.10.2022 00:00:00;0;;0;;0;;0;;0;;0;;;1;0;0;0;0;1;0;0;1;0
2472;1244;0;1244;;2669;;12.10.2022 00:00:00;"F";;12.10.2022 00:00:00;0;;0;;0;;0;;0;;0;;;1;0;0;0;0;1;0;0;1;0
2473;1251;0;1251;;2670;;12.10.2022 00:00:00;"F";;12.10.2022 00:00:00;0;;0;;0;;0;;0;;0;;;1;0;0;0;0;1;0;0;1;0
2474;1246;0;1246;;2671;;12.10.2022 00:00:00;"F";;12.10.2022 00:00:00;0;;0;;0;;0;;0;;0;;;1;0;0;0;0;1;0;0;1;0
2475;1253;0;1253;;2672;;12.10.2022 00:00:00;"F";;12.10.2022 00:00:00;0;;0;;0;;0;;0;;0;;;1;0;0;0;0;1;0;0;1;0
2476;1248;0;1248;;2673;;12.10.2022 00:00:00;"F";;12.10.2022 00:00:00;0;;0;;0;;0;;0;;0;;;1;0;0;0;0;1;0;0;1;0
2477;1249;0;1249;;2674;;12.10.2022 00:00:00;"F";;12.10.2022 00:00:00;0;;0;;0;;0;;0;;0;;;1;0;0;0;0;1;0;0;1;0
2478;1250;0;1250;;2675;;12.10.2022 00:00:00;"F";;12.10.2022 00:00:00;0;;0;;0;;0;;0;;0;;;1;0;0;0;0;1;0;0;1;0
2479;2436;0;2436;;2676;;10.10.2022 00:00:00;"F";;10.10.2022 00:00:00;0;;0;;0;;0;;0;;0;;;1;0;0;0;0;1;0;0;1;0
2480;2423;0;2423;;2677;;10.10.2022 00:00:00;"F";;10.10.2022 00:00:00;0;;0;;0;;0;;0;;0;;;1;0;0;0;0;1;0;0;1;0
2481;2425;0;2425;;2678;;10.10.2022 00:00:00;"F";;10.10.2022 00:00:00;0;;0;;0;;0;;0;;0;;;1;0;0;0;0;1;0;0;1;0
2482;2435;0;2435;;2679;;10.10.2022 00:00:00;"F";;10.10.2022 00:00:00;0;;0;;0;;0;;0;;0;;;1;0;0;0;0;1;0;0;1;0
2483;2431;0;2431;;2680;;10.10.2022 00:00:00;"F";;10.10.2022 00:00:00;0;;0;;0;;0;;0;;0;;;1;0;0;0;0;1;0;0;1;0
2484;2429;0;2429;;2681;;10.10.2022 00:00:00;"F";;10.10.2022 00:00:00;0;;0;;0;;0;;0;;0;;;1;0;0;0;0;1;0;0;1;0
2485;2424;0;2424;;2682;;10.10.2022 00:00:00;"F";;10.10.2022 00:00:00;0;;0;;0;;0;;0;;0;;;1;0;0;0;0;1;0;0;1;0
2486;2434;0;2434;;2683;;10.10.2022 00:00:00;"F";;10.10.2022 00:00:00;0;;0;;0;;0;;0;;0;;;1;0;0;0;0;1;0;0;1;0
2487;2428;0;2428;;2684;;10.10.2022 00:00:00;"F";;10.10.2022 00:00:00;0;;0;;0;;0;;0;;0;;;1;0;0;0;0;1;0;0;1;0
2488;2432;0;2432;;2685;;10.10.2022 00:00:00;"F";;10.10.2022 00:00:00;0;;0;;0;;0;;0;;0;;;1;0;0;0;0;1;0;0;1;0
2489;2422;0;2422;;2686;;10.10.2022 00:00:00;"F";;10.10.2022 00:00:00;0;;0;;0;;0;;0;;0;;;1;0;0;0;0;1;0;0;1;0
2490;2438;0;2438;;2687;;10.10.2022 00:00:00;"F";;10.10.2022 00:00:00;0;;0;;0;;0;;0;;0;;;1;0;0;0;0;1;0;0;1;0
2491;2439;0;2439;;2688;;10.10.2022 00:00:00;"F";;10.10.2022 00:00:00;0;;0;;0;;0;;0;;0;;;1;0;0;0;0;1;0;0;1;0
2492;2426;0;2426;;2689;;10.10.2022 00:00:00;"F";;10.10.2022 00:00:00;0;;0;;0;;0;;0;;0;;;1;0;0;0;0;1;0;0;1;0
2493;2437;0;2437;;2690;;10.10.2022 00:00:00;"F";;10.10.2022 00:00:00;0;;0;;0;;0;;0;;0;;;1;0;0;0;0;1;0;0;1;0
2494;2430;0;2430;;2691;;10.10.2022 00:00:00;"F";;10.10.2022 00:00:00;0;;0;;0;;0;;0;;0;;;1;0;0;0;0;1;0;0;1;0
2495;2421;0;2421;;2692;;10.10.2022 00:00:00;"F";;10.10.2022 00:00:00;0;;0;;0;;0;;0;;0;;;1;0;0;0;0;1;0;0;1;0
2496;2433;0;2433;;2693;;10.10.2022 00:00:00;"F";;10.10.2022 00:00:00;0;;0;;0;;0;;0;;0;;;1;0;0;0;0;1;0;0;1;0
2497;2427;0;2427;;2694;;10.10.2022 00:00:00;"F";;10.10.2022 00:00:00;0;;0;;0;;0;;0;;0;;;1;0;0;0;0;1;0;0;1;0
2498;721;0;721;;2695;;9.9.2022 00:00:00;"F";;9.9.2022 00:00:00;0;;0;;0;;0;;0;;0;;;1;0;0;0;0;1;0;0;1;0
2499;719;0;719;;2696;;9.9.2022 00:00:00;"F";;9.9.2022 00:00:00;0;;0;;0;;0;;0;;0;;;1;0;0;0;0;1;0;0;1;0
2500;726;0;726;;2697;;9.9.2022 00:00:00;"F";;9.9.2022 00:00:00;0;;0;;0;;0;;0;;0;;;1;0;0;0;0;1;0;0;1;0
2501;720;0;720;;2698;;9.9.2022 00:00:00;"F";;9.9.2022 00:00:00;0;;0;;0;;0;;0;;0;;;1;0;0;0;0;1;0;0;1;0
2502;724;0;724;;2699;;9.9.2022 00:00:00;"F";;9.9.2022 00:00:00;0;;0;;0;;0;;0;;0;;;1;0;0;0;0;1;0;0;1;0
2503;727;0;727;;2700;;9.9.2022 00:00:00;"F";;9.9.2022 00:00:00;0;;0;;0;;0;;0;;0;;;1;0;0;0;0;1;0;0;1;0
2504;718;0;718;;2701;;9.9.2022 00:00:00;"F";;9.9.2022 00:00:00;0;;0;;0;;0;;0;;0;;;1;0;0;0;0;1;0;0;1;0
2505;728;0;728;;2702;;9.9.2022 00:00:00;"F";;9.9.2022 00:00:00;0;;0;;0;;0;;0;;0;;;1;0;0;0;0;1;0;0;1;0
2506;717;0;717;;2703;;9.9.2022 00:00:00;"F";;9.9.2022 00:00:00;0;;0;;0;;0;;0;;0;;;1;0;0;0;0;1;0;0;1;0
2507;723;0;723;;2704;;9.9.2022 00:00:00;"F";;9.9.2022 00:00:00;0;;0;;0;;0;;0;;0;;;1;0;0;0;0;1;0;0;1;0
2508;729;0;729;;2705;;9.9.2022 00:00:00;"F";;9.9.2022 00:00:00;0;;0;;0;;0;;0;;0;;;1;0;0;0;0;1;0;0;1;0
2509;722;0;722;;2706;;9.9.2022 00:00:00;"F";;9.9.2022 00:00:00;0;;0;;0;;0;;0;;0;;;1;0;0;0;0;1;0;0;1;0
2510;725;0;725;;2707;;9.9.2022 00:00:00;"F";;9.9.2022 00:00:00;0;;0;;0;;0;;0;;0;;;1;0;0;0;0;1;0;0;1;0
2511;730;0;730;;2708;;9.9.2022 00:00:00;"F";;9.9.2022 00:00:00;0;;0;;0;;0;;0;;0;;;1;0;0;0;0;1;0;0;1;0
2512;434;0;434;;2709;;1.12.2022 00:00:00;"F";;1.12.2022 00:00:00;0;;0;;0;;0;;0;;0;;;1;0;0;0;0;1;0;0;1;0
2513;440;0;440;;2710;;1.12.2022 00:00:00;"F";;1.12.2022 00:00:00;0;;0;;0;;0;;0;;0;;;1;0;0;0;0;1;0;0;1;0
2514;442;0;442;;2711;;1.12.2022 00:00:00;"F";;1.12.2022 00:00:00;0;;0;;0;;0;;0;;0;;;1;0;0;0;0;1;0;0;1;0
2515;433;0;433;;2712;;1.12.2022 00:00:00;"F";;1.12.2022 00:00:00;0;;0;;0;;0;;0;;0;;;1;0;0;0;0;1;0;0;1;0
2516;445;0;445;;2713;;1.12.2022 00:00:00;"F";;1.12.2022 00:00:00;0;;0;;0;;0;;0;;0;;;1;0;0;0;0;1;0;0;1;0
2517;439;0;439;;2714;;1.12.2022 00:00:00;"F";;1.12.2022 00:00:00;0;;0;;0;;0;;0;;0;;;1;0;0;0;0;1;0;0;1;0
2518;443;0;443;;2715;;1.12.2022 00:00:00;"F";;1.12.2022 00:00:00;0;;0;;0;;0;;0;;0;;;1;0;0;0;0;1;0;0;1;0
2519;438;0;438;;2716;;1.12.2022 00:00:00;"F";;1.12.2022 00:00:00;0;;0;;0;;0;;0;;0;;;1;0;0;0;0;1;0;0;1;0
2520;444;0;444;;2717;;1.12.2022 00:00:00;"F";;1.12.2022 00:00:00;0;;0;;0;;0;;0;;0;;;1;0;0;0;0;1;0;0;1;0
2521;441;0;441;;2718;;1.12.2022 00:00:00;"F";;1.12.2022 00:00:00;0;;0;;0;;0;;0;;0;;;1;0;0;0;0;1;0;0;1;0
2522;435;0;435;;2719;;1.12.2022 00:00:00;"F";;1.12.2022 00:00:00;0;;0;;0;;0;;0;;0;;;1;0;0;0;0;1;0;0;1;0
2523;436;0;436;;2720;;1.12.2022 00:00:00;"F";;1.12.2022 00:00:00;0;;0;;0;;0;;0;;0;;;1;0;0;0;0;1;0;0;1;0
2524;437;0;437;;2721;;1.12.2022 00:00:00;"F";;1.12.2022 00:00:00;0;;0;;0;;0;;0;;0;;;1;0;0;0;0;1;0;0;1;0
2525;904;0;904;;2722;;1.12.2022 00:00:00;"F";;1.12.2022 00:00:00;0;;0;;0;;0;;0;;0;;;1;0;0;0;0;1;0;0;1;0
2526;1198;0;1198;;2723;;1.12.2022 00:00:00;"F";;1.12.2022 00:00:00;0;;0;;0;;0;;0;;0;;;1;0;0;0;0;1;0;0;1;0
2527;905;0;905;;2724;;1.12.2022 00:00:00;"F";;1.12.2022 00:00:00;0;;0;;0;;0;;0;;0;;;1;0;0;0;0;1;0;0;1;0
2528;902;0;902;;2725;;1.12.2022 00:00:00;"F";;1.12.2022 00:00:00;0;;0;;0;;0;;0;;0;;;1;0;0;0;0;1;0;0;1;0
2529;903;0;903;;2726;;1.12.2022 00:00:00;"F";;1.12.2022 00:00:00;0;;0;;0;;0;;0;;0;;;1;0;0;0;0;1;0;0;1;0
2530;4103;0;;49;2782;;5.1.2026 00:00:00;"O";"kucharka";5.1.2026 12:37:06;1;;0;;1;;1;;0;;0;;;0;0;0;0;0;1;0;0;1;0
2531;2500;0;;390;2785;;7.1.2026 00:00:00;"K";"opiekun osÛb starszych /medyczny";7.1.2026 12:06:10;0;"";0;"";0;"";0;"";0;"";0;;;0;0;0;0;0;1;0;0;1;0
2532;4104;0;;129;;;5.1.2026 00:00:00;"O";"Dyrektor Wydawnictwa";5.1.2026 13:00:42;0;;0;;0;;0;;0;;0;;;0;0;0;0;0;1;0;0;1;0
2533;2830;0;;61;2787;;2.1.2026 00:00:00;"K";"starsza woüna";7.1.2026 11:51:52;0;"";0;"";0;"";0;"";0;"";0;;;0;0;0;0;0;1;0;0;1;0
2534;4105;0;;77;2791;;5.1.2026 00:00:00;"O";"Kierownik gospodarczy";5.1.2026 13:13:33;0;;0;;0;;0;;0;;0;;;0;0;0;0;0;1;0;0;1;0
2535;4106;0;;77;2789;;5.1.2026 00:00:00;"O";"woüna";5.1.2026 13:20:38;0;;0;;0;;1;;0;;0;;;0;0;0;0;0;1;0;0;1;0
2536;4107;0;;77;2790;;5.1.2026 00:00:00;"O";"nauczyciel";5.1.2026 13:31:19;0;;0;;0;;0;;0;;0;;;0;0;0;0;0;1;0;0;1;0
2537;4108;0;;288;2930;;22.12.2025 00:00:00;"W";"instruktor kulturalno oúwiatowy";5.1.2026 13:55:17;0;"";0;"";0;"";0;"";0;"";0;;;0;0;1;0;0;1;0;0;1;0
2538;4109;0;;226;2780;;5.1.2026 00:00:00;"O";"Pracownik ochrony bez broni";5.1.2026 14:09:36;0;;0;;0;;0;;0;;0;;;0;0;0;0;0;1;0;0;1;0
2539;3888;0;;113;2792;;5.1.2026 00:00:00;"K";"nauczyciel";7.1.2026 13:10:21;0;"";0;"";0;"";0;"";0;"";0;;;0;0;0;0;0;1;0;0;1;0
2540;4110;0;;613;;;5.1.2026 00:00:00;"W";"Asystent ds.administracyjnych";12.1.2026 11:16:21;0;"";0;"";0;"";1;"";1;"Stres - prowadzenie samochodu kat B ";0;;;0;0;0;0;0;1;0;0;1;0
2541;4111;0;;581;2784;;18.12.2025 00:00:00;"O";"dyrektor ds. rozwoju";7.1.2026 12:53:26;0;"";0;"";0;"";0;"";0;"";0;;;0;0;0;0;0;1;0;0;1;0
2542;4112;0;;343;;;12.12.2025 00:00:00;"O";"Specjalista ds. BHP i PPoø";5.1.2026 15:27:20;0;;0;;0;;0;;0;;0;;;0;0;0;0;0;1;0;0;1;0
2543;4113;0;;343;;;5.1.2026 00:00:00;"W";"redaktor";5.1.2026 15:30:47;0;;0;;0;;0;;0;;0;;;0;0;0;0;0;1;0;0;1;0
2544;1212;0;1212;;2728;;25.7.2022 00:00:00;"F";;25.7.2022 00:00:00;0;;0;;0;;0;;0;;0;;;1;0;0;0;0;1;0;0;1;0
2546;1214;0;1214;;2730;;25.7.2022 00:00:00;"F";;25.7.2022 00:00:00;0;;0;;0;;0;;0;;0;;;1;0;0;0;0;1;0;0;1;0
2548;1193;0;1193;;2732;;25.7.2022 00:00:00;"F";;25.7.2022 00:00:00;0;;0;;0;;0;;0;;0;;;1;0;0;0;0;1;0;0;1;0
2550;1213;0;1213;;2734;;25.7.2022 00:00:00;"F";;25.7.2022 00:00:00;0;;0;;0;;0;;0;;0;;;1;0;0;0;0;1;0;0;1;0
2552;1198;0;1198;;2736;;25.7.2022 00:00:00;"F";;25.7.2022 00:00:00;0;;0;;0;;0;;0;;0;;;1;0;0;0;0;1;0;0;1;0
2554;1260;0;1260;;2738;;25.7.2022 00:00:00;"F";;25.7.2022 00:00:00;0;;0;;0;;0;;0;;0;;;1;0;0;0;0;1;0;0;1;0
2556;1257;0;1257;;2740;;25.7.2022 00:00:00;"F";;25.7.2022 00:00:00;0;;0;;0;;0;;0;;0;;;1;0;0;0;0;1;0;0;1;0
2558;1197;0;1197;;2742;;25.7.2022 00:00:00;"F";;25.7.2022 00:00:00;0;;0;;0;;0;;0;;0;;;1;0;0;0;0;1;0;0;1;0
2560;1196;0;1196;;2744;;25.7.2022 00:00:00;"F";;25.7.2022 00:00:00;0;;0;;0;;0;;0;;0;;;1;0;0;0;0;1;0;0;1;0
2562;1191;0;1191;;2746;;25.7.2022 00:00:00;"F";;25.7.2022 00:00:00;0;;0;;0;;0;;0;;0;;;1;0;0;0;0;1;0;0;1;0
2564;766;0;766;;2748;;25.7.2022 00:00:00;"F";;25.7.2022 00:00:00;0;;0;;0;;0;;0;;0;;;1;0;0;0;0;1;0;0;1;0
2566;1200;0;1200;;2750;;25.7.2022 00:00:00;"F";;25.7.2022 00:00:00;0;;0;;0;;0;;0;;0;;;1;0;0;0;0;1;0;0;1;0
2568;1195;0;1195;;2752;;25.7.2022 00:00:00;"F";;25.7.2022 00:00:00;0;;0;;0;;0;;0;;0;;;1;0;0;0;0;1;0;0;1;0
2570;1192;0;1192;;2754;;25.7.2022 00:00:00;"F";;25.7.2022 00:00:00;0;;0;;0;;0;;0;;0;;;1;0;0;0;0;1;0;0;1;0
2572;1202;0;1202;;2756;;25.7.2022 00:00:00;"F";;25.7.2022 00:00:00;0;;0;;0;;0;;0;;0;;;1;0;0;0;0;1;0;0;1;0
2574;1206;0;1206;;2758;;25.7.2022 00:00:00;"F";;25.7.2022 00:00:00;0;;0;;0;;0;;0;;0;;;1;0;0;0;0;1;0;0;1;0
2576;1209;0;1209;;2760;;25.7.2022 00:00:00;"F";;25.7.2022 00:00:00;0;;0;;0;;0;;0;;0;;;1;0;0;0;0;1;0;0;1;0
2578;1203;0;1203;;2762;;25.7.2022 00:00:00;"F";;25.7.2022 00:00:00;0;;0;;0;;0;;0;;0;;;1;0;0;0;0;1;0;0;1;0
2580;1207;0;1207;;2764;;25.7.2022 00:00:00;"F";;25.7.2022 00:00:00;0;;0;;0;;0;;0;;0;;;1;0;0;0;0;1;0;0;1;0
2582;1205;0;1205;;2766;;25.7.2022 00:00:00;"F";;25.7.2022 00:00:00;0;;0;;0;;0;;0;;0;;;1;0;0;0;0;1;0;0;1;0
2584;1204;0;1204;;2768;;25.7.2022 00:00:00;"F";;25.7.2022 00:00:00;0;;0;;0;;0;;0;;0;;;1;0;0;0;0;1;0;0;1;0
2586;1211;0;1211;;2770;;25.7.2022 00:00:00;"F";;25.7.2022 00:00:00;0;;0;;0;;0;;0;;0;;;1;0;0;0;0;1;0;0;1;0
2588;3755;0;3755;;2772;;25.7.2022 00:00:00;"F";;25.7.2022 00:00:00;0;;0;;0;;0;;0;;0;;;1;0;0;0;0;1;0;0;1;0
2590;1215;0;1215;56;2774;;25.7.2022 00:00:00;"K";"";6.1.2026 14:37:06;0;"";0;"";0;"";0;"";0;"";0;;;1;0;0;0;0;1;0;0;1;0
2592;685;0;685;;2776;;25.7.2022 00:00:00;"F";;25.7.2022 00:00:00;0;;0;;0;;0;;0;;0;;;1;0;0;0;0;1;0;0;1;0
2594;4114;0;;66;;;18.12.2025 00:00:00;"W";"praca z dzieÊmi wymaajπca nadmiernego wysi≥ku g≥osowego";6.1.2026 19:15:25;0;;0;;0;;0;;0;;0;;;0;0;0;0;0;1;0;0;1;0
2595;4115;0;;124;;;17.11.2025 00:00:00;"O";"projekt Manegger";6.1.2026 19:25:28;0;"";0;"";0;"";0;"";0;"";0;;;0;0;0;0;0;1;0;0;1;0
2596;4116;0;;66;;;19.12.2025 00:00:00;"W";"przygotowywanie warzyw i owocÛw oraz posi≥kÛw";6.1.2026 19:29:28;0;;0;;0;;0;;0;;0;;;0;0;1;0;0;1;0;0;1;0
2597;4117;0;;604;2794;;17.12.2025 00:00:00;"O";"portier";6.1.2026 19:33:47;0;;0;;0;;0;;0;;0;;;0;0;1;0;0;1;0;0;1;0
2598;4118;0;;390;;;22.12.2025 00:00:00;"W";"opiekun osÛb starszych /medyczny";6.1.2026 19:36:40;0;;0;;0;;0;;0;;0;;;0;0;0;0;0;1;0;0;1;0
2599;4119;0;;51;;;6.1.2026 19:39:05;"W";"psycholog";6.1.2026 19:39:05;0;;0;;0;;0;;0;;0;;;0;0;0;0;0;1;0;0;1;0
2600;4102;0;;390;;;6.1.2026 19:49:25;"W";"opiekun medyczny";6.1.2026 19:49:25;0;;0;;0;;0;;0;;0;;;0;0;0;0;0;1;0;0;1;0
2601;4120;0;;390;;;29.12.2025 00:00:00;"W";"opiekun osÛb starszych";6.1.2026 21:40:21;0;;0;;0;;0;;0;;0;;;0;0;0;0;0;1;0;0;1;0
2602;4121;0;;29;;;17.12.2025 00:00:00;"W";"pomoc nauczyciela";6.1.2026 21:54:03;0;;0;;0;;0;;0;;0;;;0;0;0;0;0;1;0;0;1;0
2603;4122;0;;127;2814;;12.1.2026 00:00:00;"O";"Konserwator Hydraulik";7.1.2026 09:24:03;0;;0;;0;;0;;0;;0;;;0;0;0;0;0;1;0;0;1;0
2604;4122;0;;127;;;7.1.2026 09:31:25;"O";"hydraulik";7.1.2026 09:31:25;0;;0;;0;;0;;0;;0;;;0;0;0;0;0;1;0;0;1;0
2605;4123;0;;602;2793;;7.1.2026 00:00:00;"W";"kosmetolog";7.1.2026 10:10:50;0;;0;;0;;0;;0;;0;;;0;0;0;0;0;1;0;0;1;0
2606;;0;;66;;;7.1.2026 00:00:00;"W";"pomoc kuchenna";7.1.2026 10:35:54;0;;0;;0;;0;;0;;0;;;0;0;1;0;0;1;0;0;1;0
2607;3854;0;;74;2878;;7.1.2026 11:07:02;"K";"Nauczyciel do dziecka z orzeczeniem o potrzebie kszta≥cenia specjalnego";7.1.2026 11:07:02;0;;0;;0;;0;;0;;0;;;0;0;0;0;0;1;0;0;1;0
2608;4124;0;;59;;;2.1.2026 00:00:00;"K";"Konserwator";7.1.2026 11:49:11;0;;0;;0;;0;;0;;0;;;0;0;1;0;0;1;0;0;1;0
2609;1704;0;;32;2781;;7.1.2026 00:00:00;"W";"sekretarka";7.1.2026 13:44:27;0;"";0;"";0;"";0;"";0;"";0;;;0;0;0;0;0;1;0;0;1;0
2610;54;0;;603;2779;;17.12.2025 00:00:00;"K";"";7.1.2026 12:23:09;0;;0;;0;;0;;0;;0;;;0;0;0;0;0;1;0;0;1;0
2611;4125;0;;613;2783;;7.1.2026 00:00:00;"W";"opiekun osÛb starszych";7.1.2026 12:31:16;0;;0;;0;;0;;0;;0;;;0;0;0;0;0;1;0;0;1;0
2612;4126;0;;12;2786;;9.12.2025 00:00:00;"O";"nauczyciel";7.1.2026 12:43:19;1;;0;;0;;0;;0;;0;;;0;0;0;0;0;1;0;0;1;0
2613;4104;0;;129;2778;;15.12.2025 00:00:00;"O";"redaktor";7.1.2026 13:36:14;0;;0;;0;;0;;0;;0;;;0;0;0;0;0;1;0;0;1;0
2614;4127;0;;66;2788;;7.1.2026 00:00:00;"W";"pomoc kuchenna";7.1.2026 14:19:40;0;;0;;0;;0;;0;;0;;;0;0;1;0;0;1;0;0;1;0
2615;1696;0;;30;2830;;7.1.2026 00:00:00;"O";"pomoc kuchenna";7.1.2026 14:37:35;0;;0;;0;;0;;0;;0;;;0;0;0;0;0;1;0;0;1;0
2616;1792;0;;581;2827;;27.11.2025 00:00:00;"O";"opiekun osÛb w starszym wieku - us≥ugi opiekuÒcze";8.1.2026 11:14:03;0;"";0;"";1;"";1;"";0;"";0;;;0;0;0;0;0;1;0;0;1;0
2617;1008;0;;604;2795;1571;5.11.2025 00:00:00;;;8.1.2026 11:47:49;0;;0;;0;;0;;0;;0;;;0;0;0;0;0;1;0;0;1;0
2618;4128;0;;604;2796;1571;11.12.2025 00:00:00;"K";;8.1.2026 11:47:49;0;;0;;0;;0;;0;;0;;;0;0;0;0;0;1;0;0;1;0
2619;4129;0;;604;2797;1571;25.11.2025 00:00:00;;;8.1.2026 11:47:49;0;;0;;0;;0;;0;;0;;;0;0;1;0;0;1;0;0;1;0
2620;4130;0;;604;2798;1571;16.12.2025 00:00:00;;;8.1.2026 11:47:49;0;;0;;0;;0;;0;;0;;;0;0;0;0;0;1;0;0;1;0
2621;4131;0;;581;;;8.1.2026 00:00:00;"W";"opiekun osÛb w starszym wieku - us≥ugi opiekuÒcze";8.1.2026 12:03:34;0;;0;;1;;1;;1;;0;;;0;0;0;0;0;1;0;0;1;0
2623;4132;0;;203;2837;;8.1.2026 00:00:00;"W";"instruktor terapii";8.1.2026 12:22:50;0;;0;;0;;0;;0;;0;;;0;0;0;0;0;1;0;0;1;0
2624;4133;0;;390;2823;;8.1.2026 00:00:00;"K";"opiekun osÛb starszych /opiekun medyczny";8.1.2026 12:41:52;0;;0;;0;;0;;0;;0;;;0;0;0;0;0;1;0;0;1;0
2625;1765;0;;581;2799;;3.9.2025 00:00:00;"O";"opiekun osÛb w starszym wieku - us≥ugi opiekuÒcze";8.1.2026 13:02:47;0;;0;;0;;0;;0;;0;;;0;0;0;0;0;1;0;0;1;0
2626;1156;0;;581;2800;;10.7.2025 00:00:00;"O";"opiekun osÛb starszych";8.1.2026 13:13:15;0;;0;;0;;0;;0;;0;;;0;0;0;0;0;1;0;0;1;0
2627;4134;0;;390;2801;;3.12.2025 00:00:00;"W";"opiekun osÛb w starszym wieku - us≥ugi opiekuÒcze";8.1.2026 13:21:03;0;;0;;1;;1;;1;;0;;;0;0;0;0;0;1;0;0;1;0
2628;4135;0;;581;0;;28.11.2025 00:00:00;"W";"opiekun osÛb w starszym wieku - us≥ugi opiekuÒcze";8.1.2026 13:27:09;0;;0;;1;;1;;1;;0;;;0;0;0;0;0;1;0;0;1;0
2629;4136;0;;581;2803;;25.11.2025 00:00:00;"W";"opiekun osÛb w starszym wieku - us≥ugi opiekuÒcze";8.1.2026 13:33:07;0;;0;;1;;1;;1;;0;;;0;0;0;0;0;1;0;0;1;0
2630;4137;0;;613;0;;17.12.2025 00:00:00;"W";"opiekun osÛb starszych";8.1.2026 13:45:16;0;;0;;0;;0;;1;;0;;;0;0;0;0;0;1;0;0;1;0
2631;4138;0;;613;0;;17.12.2025 00:00:00;"W";"koordynator us≥ug opiekuÒczych";8.1.2026 13:51:08;0;;0;;0;;1;;1;;0;;;0;0;0;0;0;1;0;0;1;0
2632;4139;0;;581;2806;;17.12.2025 00:00:00;"W";"opiekun osÛb starszych";8.1.2026 14:00:11;0;;0;;1;;1;;1;;0;;;0;0;0;0;0;1;0;0;1;0
2633;4140;0;;581;2807;;29.12.2025 00:00:00;"W";"opiekun osÛb starszych";8.1.2026 14:05:52;0;;0;;1;;1;;1;;0;;;0;0;0;0;0;1;0;0;1;0
2634;4141;0;;124;2825;;30.12.2025 00:00:00;"W";"Head of Portfolio Governance and Reporting";12.1.2026 12:27:57;0;;0;;0;;0;;1;"praca decyzyjna";0;;;0;0;0;0;0;1;0;0;1;0
2635;4143;0;;23;2835;;12.1.2026 00:00:00;"W";"woüna";12.1.2026 14:11:39;0;;0;;0;;0;;0;;0;;;0;0;0;0;0;1;0;0;1;0
2636;4145;0;;343;2836;;9.1.2026 00:00:00;"W";"redaktor";13.1.2026 12:19:50;0;"";0;"";0;"";0;"";0;"";0;;;0;0;0;0;0;1;0;0;1;0
2637;1258;0;;56;2829;;12.1.2026 00:00:00;"O";"nauczyciel";12.1.2026 15:16:58;0;;0;;0;;0;;0;;0;;;0;0;0;0;0;1;0;0;1;0
2638;582;0;;56;;;12.1.2026 15:30:18;"O";"Konserwator";12.1.2026 15:30:18;0;;0;;0;;0;;0;;0;;;0;0;0;0;0;1;0;0;1;0
2639;2456;0;;127;2813;;12.1.2026 15:50:45;"O";"inspektor ds sanitarnych";12.1.2026 15:50:45;0;;0;;0;;0;;0;;0;;;0;0;0;0;0;1;0;0;1;0
2640;4144;0;;261;2838;;8.1.2026 00:00:00;"O";"nauczyciel specjalny";13.1.2026 10:42:48;0;;0;;0;;0;;0;;0;;;0;0;0;0;0;1;0;0;1;0
2641;4149;0;;390;2822;;13.1.2026 10:56:37;"W";"koordynator opiekunÛw osÛb starszych/opiekunow medycznych";13.1.2026 10:56:37;0;;0;;0;;0;;0;;0;;;0;0;0;0;0;1;0;0;1;0
2642;2456;0;;127;;;13.1.2026 11:02:21;;"inspektor ds sanitarnych";13.1.2026 11:02:21;0;;0;;0;;0;;0;;0;;;0;0;0;0;0;1;0;0;1;0
2643;4150;0;;72;2834;;13.1.2026 11:13:16;;"nauczyciel";13.1.2026 11:13:16;0;;0;;0;;0;;0;;0;;;0;0;0;0;0;1;0;0;1;0
2644;4151;0;;1;2819;;7.1.2026 00:00:00;"W";"sekretarz szko≥y";13.1.2026 11:29:25;0;;0;;0;;0;;0;;0;;;0;0;0;0;0;1;0;0;1;0
2645;2004;0;;19;2820;;13.1.2026 11:38:12;"O";"Nauczyciel do dziecka z orzeczeniem o potrzebie kszta≥cenia specjalnego";13.1.2026 11:38:12;0;;0;;0;;0;;0;;0;;;0;0;0;0;0;1;0;0;1;0
2646;4147;0;;203;2923;;8.1.2026 00:00:00;"O";"terapeuta zajÍciowy";13.1.2026 11:52:22;0;;0;;0;;0;;0;;0;;;0;0;0;0;0;1;0;0;1;0
2647;4146;0;;343;2826;;13.1.2026 11:59:37;;"redaktor";13.1.2026 11:59:37;0;;0;;0;;0;;0;;0;;;0;0;0;0;0;1;0;0;1;0
2649;4153;0;;65;2831;;9.1.2026 00:00:00;"O";"kierownik gospodarczy";13.1.2026 12:32:51;0;;0;;0;;0;;0;;0;;;0;0;0;0;0;1;0;0;1;0
2650;4154;0;;368;2925;;12.1.2026 00:00:00;"W";"Dyrektor ds Operacyjnych";13.1.2026 12:38:36;0;;0;;0;;0;;0;;0;;;0;0;0;0;0;1;0;0;1;0
2651;4155;0;;581;2828;;12.1.2026 00:00:00;"W";"opiekun osÛb w starszym wieku - us≥ugi opiekuÒcze";13.1.2026 12:47:08;0;;0;;0;;0;;0;;0;;;0;0;0;0;0;1;0;0;1;0
2652;4156;0;;;;;5.1.2026 00:00:00;"W";"opiekun osÛb starszych";13.1.2026 12:52:21;0;;0;;0;;0;;0;;0;;;0;0;0;0;0;1;0;0;1;0
2653;4157;0;;390;2821;;5.1.2026 00:00:00;"W";"opiekun osÛb starszych";13.1.2026 12:56:53;0;;0;;0;;0;;0;;0;;;0;0;0;0;0;1;0;0;1;0
2654;4158;0;;177;2824;;13.1.2026 00:00:00;"W";"Pracownik Baru";13.1.2026 13:12:25;0;;0;;0;;0;;1;;0;;;0;0;0;0;0;1;0;0;1;0
2655;4159;0;;49;2818;;13.1.2026 14:20:23;"O";"wychowawca internatu";13.1.2026 14:20:23;0;;0;;0;;0;;0;;0;;;0;0;0;0;0;1;0;0;1;0
2656;4160;0;;390;2817;;12.1.2026 00:00:00;"W";"opiekun osÛb starszych /opiekun medyczny";13.1.2026 14:31:49;0;;0;;0;;0;;0;;0;;;0;0;0;0;0;1;0;0;1;0
2657;4161;0;;581;2815;;7.1.2026 00:00:00;"W";"opiekun osÛb starszych";13.1.2026 15:26:22;0;;0;;0;;0;;0;;0;;;0;0;0;0;0;1;0;0;1;0
2658;4162;0;;3;2810;;13.1.2026 15:57:39;"O";"nauczyciel";13.1.2026 15:57:39;0;;0;;0;;0;;0;;0;;;0;0;0;0;0;1;0;0;1;0
2659;4163;0;;57;2811;;14.1.2026 00:00:00;"O";"starszy dozorca";14.1.2026 09:48:08;0;;0;;0;;0;;0;;0;;;0;0;0;0;0;1;0;0;1;0
2660;1760;0;;390;2897;;12.1.2026 00:00:00;"O";"opiekun osÛb starszych /opiekun medyczny";14.1.2026 10:12:18;0;;0;;0;;0;;0;;0;;;0;0;0;0;0;1;0;0;1;0
2661;4164;0;;10;2875;;9.1.2026 00:00:00;"W";"pomoc nauczyciela";14.1.2026 10:33:44;0;;0;;0;;0;;0;;0;;;0;0;0;0;0;1;0;0;1;0
2662;1260;0;;56;2809;;9.1.2026 00:00:00;"O";"nauczyciel";14.1.2026 10:54:09;0;;0;;0;;0;;0;;0;;;0;0;0;0;0;1;0;0;1;0
2663;4165;0;;121;2928;;14.1.2026 00:00:00;"O";"Starszy woüny";21.1.2026 10:05:47;0;"";0;"";0;"";0;"";0;"";0;;;0;0;0;0;0;1;0;0;1;0
2664;4167;0;;605;2808;;5.1.2026 00:00:00;"O";"Fryzjerka";14.1.2026 11:50:34;1;;0;;0;;1;;1;;0;;;0;0;0;0;0;1;0;0;1;0
2665;4168;0;;390;2816;;12.1.2026 00:00:00;"O";"opiekun osÛb starszych /medyczny";14.1.2026 12:32:35;1;;0;;0;;0;;1;;0;;;0;0;0;0;0;1;0;0;1;0
2666;4169;0;;390;2890;;12.1.2026 00:00:00;"O";"opiekun osÛb starszych /opiekun medyczny";14.1.2026 13:23:38;0;;0;;0;;0;;0;;0;;;0;0;0;0;0;1;0;0;1;0
2667;4170;0;;611;2862;;12.1.2026 00:00:00;"O";"opiekun osÛb starszych /opiekun medyczny";12.2.2026 00:06:21;0;"";0;"";0;"";0;"";0;"";0;;;0;0;0;0;0;1;0;0;1;0
2668;4171;0;;390;2896;;12.1.2026 00:00:00;;"opiekun osÛb starszych/opiekun medyczny";14.1.2026 13:50:05;0;;0;;0;;0;;0;;0;;;0;0;0;0;0;1;0;0;1;0
2669;1886;0;;390;2889;;12.1.2026 00:00:00;"O";"";14.1.2026 14:05:32;0;;0;;0;;0;;0;;0;;;0;0;0;0;0;1;0;0;1;0
2670;4172;0;;390;2898;;12.1.2026 00:00:00;;"opiekun osÛb starszych /opiekun medyczny";14.1.2026 14:19:38;0;;0;;0;;0;;0;;0;;;0;0;0;0;0;1;0;0;1;0
2672;4173;0;;390;2888;;12.1.2026 00:00:00;"O";"opiekun osÛb starszych /opiekun medyczny";14.1.2026 14:53:32;0;;0;;0;;0;;0;;0;;;0;0;0;0;0;1;0;0;1;0
2673;4174;0;;66;2839;;15.1.2026 11:25:54;"O";"starsza woüna";15.1.2026 11:25:54;1;;0;;1;;1;;0;;0;;;0;0;0;0;0;1;0;0;1;0
2674;4175;0;;120;2858;;13.1.2026 00:00:00;"W";"Nauczyciel Matematyki";15.1.2026 11:33:54;0;;0;;0;;0;;0;;0;;;0;0;0;0;0;1;0;0;1;0
2675;4176;0;;606;2866;;9.1.2026 00:00:00;"W";"starszy dozorca";15.1.2026 11:44:55;1;;0;;0;;0;;1;;0;;;0;0;0;0;0;1;0;0;1;0
2676;1064;0;;75;2869;;;"K";"pomoc kuchenna";15.1.2026 11:59:14;1;;0;;0;;1;;0;;0;;;0;0;0;0;0;1;0;0;1;0
2678;4178;0;;12;2867;;9.1.2026 00:00:00;"W";"psycholog";15.1.2026 12:27:13;1;;0;;0;;0;;0;;0;;;0;0;0;0;0;1;0;0;1;0
2679;4179;0;;75;;;;"K";"starsza woüna";15.1.2026 12:37:08;0;;0;;0;;0;;0;;0;;;0;0;0;0;0;1;0;0;1;0
2680;4180;0;;71;2864;;;"O";"starsza woüna";15.1.2026 12:52:12;1;;0;;0;;0;;1;;0;;;0;0;0;0;0;1;0;0;1;0
2681;4181;0;;71;2865;;8.1.2026 00:00:00;"O";"Konserwator";15.1.2026 12:55:49;1;;0;;0;;0;;1;;0;;;0;0;0;0;0;1;0;0;1;0
2682;311;0;;49;2857;;15.1.2026 00:00:00;"O";"konserwator Dozorca";15.1.2026 12:59:32;1;;0;;0;;1;;1;;0;;;0;0;0;0;0;1;0;0;1;0
2683;2115;0;;18;2859;;;"O";"starszy kucharz";15.1.2026 13:03:21;1;;0;;0;;1;;1;;0;;;0;0;0;0;0;1;0;0;1;0
2684;4182;0;;581;2861;;15.1.2026 00:00:00;"W";"opiekun osÛb starszych";15.1.2026 13:07:30;1;;0;;0;;1;;0;;0;;;0;0;0;0;0;1;0;0;1;0
2685;772;0;;390;2893;;12.1.2026 00:00:00;"O";"opiekun osÛb starszych /medyczny";15.1.2026 13:42:13;1;;0;;0;;0;;1;;0;;;0;0;0;0;0;1;0;0;1;0
2686;4183;0;;390;2894;;12.1.2026 00:00:00;"O";"opiekun osÛb starszych /medyczny";15.1.2026 13:48:15;1;;0;;0;;1;;1;;0;;;0;0;0;0;0;1;0;0;1;0
2687;4184;0;;390;2895;;12.1.2026 00:00:00;"O";"opiekun osÛb starszych /medyczny";15.1.2026 13:52:58;1;;0;;0;;1;;1;;0;;;0;0;0;0;0;1;0;0;1;0
2688;4185;0;;390;2855;;12.1.2026 00:00:00;"O";"opiekun osÛb starszych /medyczny";15.1.2026 13:59:34;1;;0;;0;;1;;1;;0;;;0;0;0;0;0;1;0;0;1;0
2689;4186;0;;390;2854;;12.1.2026 00:00:00;"O";"opiekun osÛb starszych /medyczny";15.1.2026 14:08:25;1;;0;;0;;1;;1;;0;;;0;0;0;0;0;1;0;0;1;0
2690;3490;0;;390;2853;;12.1.2026 00:00:00;"O";"opiekun osÛb starszych /medyczny";15.1.2026 14:12:16;1;;0;;0;;1;;1;;0;;;0;0;0;0;0;1;0;0;1;0
2691;781;0;;390;2852;;12.1.2026 00:00:00;"O";"opiekun osÛb starszych /opiekun medyczny";15.1.2026 14:16:07;1;;0;;0;;1;;1;;0;;;0;0;0;0;0;1;0;0;1;0
2692;791;0;;390;2851;;12.1.2026 00:00:00;"O";"opiekun osÛb starszych /opiekun medyczny";15.1.2026 14:21:36;1;;0;;0;;1;;1;;0;;;0;0;0;0;0;1;0;0;1;0
2693;3929;0;;390;2891;;12.1.2026 00:00:00;"O";"opiekun osÛb starszych /opiekun medyczny";15.1.2026 14:24:49;1;;0;;0;;1;;1;;0;;;0;0;0;0;0;1;0;0;1;0
2694;771;0;;390;2887;;15.1.2026 14:29:23;;"opiekun osÛb starszych/opiekun medyczny";15.1.2026 14:29:23;1;;0;;0;;1;;1;;0;;;0;0;0;0;0;1;0;0;1;0
2695;779;0;;390;2850;;12.1.2026 00:00:00;"O";"opiekun osÛb starszych /opiekun medyczny";15.1.2026 14:34:42;1;;0;;0;;1;;1;;0;;;0;0;0;0;0;1;0;0;1;0
2696;2518;0;;390;;;12.1.2026 00:00:00;"O";"opiekun osÛb starszych /opiekun medyczny";15.1.2026 14:38:32;1;;0;;0;;1;;1;;0;;;0;0;0;0;0;1;0;0;1;0
2697;1759;0;;390;2849;;12.1.2026 00:00:00;"O";"opiekun osÛb starszych /opiekun medyczny";15.1.2026 14:42:04;1;;0;;0;;1;;1;;0;;;0;0;0;0;0;1;0;0;1;0
2698;4187;0;;390;2847;;12.1.2026 00:00:00;"O";"opiekun osÛb starszych /opiekun medyczny";15.1.2026 14:46:04;1;;0;;0;;1;;1;;0;;;0;0;0;0;0;1;0;0;1;0
2699;2482;0;;390;2848;;12.1.2026 00:00:00;"O";"opiekun osÛb starszych /opiekun medyczny";15.1.2026 14:48:44;1;;0;;0;;1;;1;;0;;;0;0;0;0;0;1;0;0;1;0
2700;1236;0;;390;2892;;12.1.2026 00:00:00;"O";"opiekun osÛb starszych/opiekun medyczny";15.1.2026 14:53:46;1;;0;;0;;1;;1;;0;;;0;0;0;0;0;1;0;0;1;0
2701;4188;0;;68;2812;;12.1.2026 00:00:00;"O";"starsza woü?na";15.1.2026 15:11:50;1;;0;;1;;1;;1;;0;;;0;0;0;0;0;1;0;0;1;0
2702;4189;0;;607;2872;;12.1.2026 00:00:00;"W";"pomoc ksiÍgowa";16.1.2026 12:08:59;0;;0;;0;;0;;0;;0;;;0;0;0;0;0;1;0;0;1;0
2703;4190;0;;65;2833;;24.11.2025 00:00:00;"W";"Nauczyciel Religii";16.1.2026 13:00:14;1;;0;;0;;0;;1;;0;;;0;0;0;0;0;1;0;0;1;0
2704;4191;0;;65;2832;;9.12.2025 00:00:00;"W";"pomoc nauczyciela";16.1.2026 13:03:28;0;;0;;0;;0;;0;;0;;;0;0;0;0;0;1;0;0;1;0
2705;4192;0;;65;2868;;16.1.2026 00:00:00;"W";"pomoc nauczyciela";16.1.2026 13:24:26;0;;0;;0;;0;;0;;0;;;0;0;0;0;0;1;0;0;1;0
2706;4193;0;;155;2845;;16.1.2026 00:00:00;"W";"Asystent ds. organizacji targÛw";16.1.2026 13:30:35;0;;0;;0;;0;;1;;0;;;0;0;0;0;0;1;0;0;1;0
2708;4194;0;;581;0;;16.1.2026 13:44:14;"W";"opiekun osÛb w starszym wieku - us≥ugi opiekuÒcze";16.1.2026 13:43:51;0;;0;;1;;1;;1;;0;;;0;0;0;0;0;1;0;0;1;0
2709;4195;0;;66;2840;;4.11.2025 00:00:00;"W";;16.1.2026 13:58:38;0;;0;;0;;0;;0;;0;;;0;0;1;0;0;1;0;0;1;0
2710;1160;0;;66;2841;;18.11.2025 00:00:00;"O";;16.1.2026 13:58:38;0;;0;;0;;0;;0;;0;;;0;0;0;0;0;1;0;0;1;0
2711;4196;0;;66;2842;;16.12.2025 00:00:00;"W";;16.1.2026 13:58:38;0;;0;;0;;0;;0;;0;;;0;0;1;0;0;1;0;0;1;0
2712;4197;0;;66;2843;;17.12.2025 00:00:00;"W";;16.1.2026 13:58:38;0;;0;;0;;0;;0;;0;;;0;0;1;0;0;1;0;0;1;0
2713;4114;0;;66;2844;;30.12.2025 00:00:00;"W";;16.1.2026 13:58:38;0;;0;;0;;0;;0;;0;;;0;0;1;0;0;1;0;0;1;0
2714;4198;0;;7;2856;;20.1.2026 00:00:00;"O";"nauczyciel";19.1.2026 11:26:53;0;;0;;0;;0;;0;;0;;;0;0;0;0;0;1;0;0;1;0
2715;4199;0;;203;2874;;19.12.2025 00:00:00;"W";"psycholog";19.1.2026 12:32:53;0;"";0;"";0;"";0;"";0;"";0;;;0;0;0;0;0;1;0;0;1;0
2716;3837;0;;68;2863;;27.10.2025 00:00:00;"O";"nauczyciel";19.1.2026 12:18:32;0;;0;;0;;0;;0;;0;;;0;0;0;0;0;1;0;0;1;0
2717;4201;0;;413;2921;;19.1.2026 00:00:00;"W";"m≥odszy specjalista ds organizacji szkoleÒ";19.1.2026 12:42:11;0;;0;;0;;0;;0;;0;;;0;0;0;0;0;1;0;0;1;0
2718;4202;0;;51;2882;;14.1.2026 00:00:00;"W";"psycholog";19.1.2026 13:05:52;0;;0;;0;;0;;0;;0;;;0;0;0;0;0;1;0;0;1;0
2719;4203;0;;600;2899;;29.12.2025 00:00:00;"W";"pracownik serwisu sprzπtajπcego";19.1.2026 14:50:08;0;;0;;0;;0;;0;;0;;;0;0;0;0;0;1;0;0;1;0
2721;4194;0;;581;2860;;16.1.2026 00:00:00;"W";"opiekun osÛb w starszym wieku - us≥ugi opiekuÒcze";19.1.2026 15:09:01;0;;0;;0;;0;;0;;0;;;0;0;0;0;0;1;0;0;1;0
2722;4204;0;;288;2884;;15.1.2026 00:00:00;"W";"opiekun";21.1.2026 12:30:35;0;"";0;"";0;"";0;"";0;"";0;;;0;0;1;0;0;1;0;0;1;0
2724;4205;0;;343;2935;;19.1.2026 00:00:00;"W";"grafik";19.1.2026 16:05:46;0;;0;;0;;0;;0;;0;;;0;0;0;0;0;1;0;0;1;0
2726;4206;0;;19;2966;;13.1.2026 00:00:00;"W";"psycholog";3.2.2026 11:13:53;0;"";0;"";0;"";0;"";0;"";0;;;0;0;1;0;0;1;0;0;1;0
2727;4207;0;;11;2954;;19.1.2026 00:00:00;"W";"nauczyciel";20.1.2026 09:33:20;0;;0;;0;;0;;0;;0;;;0;0;0;0;0;1;0;0;1;0
2728;4208;0;;7;;;22.6.2026 00:00:00;"";"nauczyciel";25.6.2026 11:40:55;0;"";0;"";0;"";0;"";0;"";0;;;0;1;0;0;0;1;0;0;1;0
2729;4177;0;;608;2846;;14.1.2026 00:00:00;"";"sprzedawca - florystka";20.1.2026 10:12:05;0;;0;;1;;0;;1;;0;;;0;0;0;0;0;1;0;0;1;0
2730;4209;0;;27;2885;;19.1.2026 00:00:00;"W";"Asystent Miedzykulturowy";20.1.2026 10:24:44;0;;0;;0;;0;;1;;0;;;0;0;0;0;0;1;0;0;1;0
2731;4210;0;;12;2871;;15.12.2025 00:00:00;"K";"nauczyciel";20.1.2026 10:39:38;1;;0;;0;;0;;0;;0;;;0;0;0;0;0;1;0;0;1;0
2732;4211;0;;65;2870;;19.1.2026 00:00:00;"O";"Dyrektor";21.1.2026 10:52:46;0;"";0;"";0;"";0;"";0;"";0;;;0;0;0;0;0;1;0;0;1;0
2733;2289;0;;27;2936;;20.12.2025 00:00:00;"O";"Dyrektor nauczyciel";20.1.2026 11:48:50;0;;0;;0;;0;;0;;0;;;0;0;0;0;0;1;0;0;1;0
2735;4213;0;;75;;;20.1.2026 00:00:00;"O";"Dyrektor";20.1.2026 12:41:57;0;;0;;0;;0;;0;;0;;;0;0;0;0;0;1;0;0;1;0
2736;4214;0;;127;3025;;3.2.2026 00:00:00;"O";"pracownik gospodarczy";17.2.2026 11:24:18;0;"";0;"";0;"";0;"";0;"";0;;;0;0;0;0;0;1;0;0;1;0
2737;1962;0;;604;2880;;8.1.2026 00:00:00;"O";"asystent nauczyciela";20.1.2026 13:49:33;0;;0;;0;;0;;0;;0;;;0;0;0;0;0;1;0;0;1;0
2738;1417;0;;5;2886;;5.1.2026 00:00:00;"O";"nauczyciel";21.1.2026 11:45:14;0;"";0;"";0;"";0;"";0;"";0;;;0;0;0;0;0;1;0;0;1;0
2739;4215;0;;7;2883;;20.1.2026 00:00:00;"O";"nauczyciel";20.1.2026 14:24:39;0;;0;;0;;0;;0;;0;;;0;0;0;0;0;1;0;0;1;0
2740;4216;0;;10;2924;;19.1.2026 00:00:00;"W";"nauczyciel";21.1.2026 11:24:17;0;;0;;0;;0;;0;;0;;;0;0;0;0;0;1;0;0;1;0
2741;4217;0;;581;2879;;21.1.2026 00:00:00;"W";"opiekun osÛb w starszym wieku - us≥ugi opiekuÒcze";21.1.2026 11:30:30;0;;0;;1;;1;;1;;0;;;0;0;0;0;0;1;0;0;1;0
2742;4218;0;;24;2876;;19.1.2026 00:00:00;"O";"woüna";21.1.2026 12:08:25;0;;0;;0;;0;;1;;0;;;0;0;0;0;0;1;0;0;1;0
2743;4219;0;;22;2877;;;"O";"pomoc kuchenna";21.1.2026 12:25:52;0;;0;;0;;0;;0;;0;;;0;0;0;0;0;1;0;0;1;0
2744;4220;0;;74;2937;;26.1.2026 00:00:00;"W";"konserwator";21.1.2026 12:50:51;0;"";0;"";0;"";0;"";0;"";0;;;0;0;1;0;0;1;0;0;1;0
2745;4221;0;;9;2938;;20.1.2026 00:00:00;"O";"woøna";21.1.2026 14:32:51;0;;0;;0;;0;;0;;0;;;0;0;0;0;0;1;0;0;1;0
2746;4222;0;;18;2881;;19.1.2026 00:00:00;"O";"Dyrektor - do konkursu";22.1.2026 11:21:37;0;;0;;0;;0;;0;;0;;;0;0;0;0;0;1;0;0;1;0
2747;2510;0;;611;2900;;22.1.2026 00:00:00;"O";"";12.2.2026 00:09:07;0;"";0;"";0;"";0;"";0;"";0;;;0;0;1;0;0;1;0;0;1;0
2748;1566;0;;611;2901;;22.1.2026 00:00:00;"O";"";12.2.2026 00:09:27;0;"";0;"";0;"";0;"";0;"";0;;;0;0;1;0;0;1;0;0;1;0
2749;4223;0;;611;2902;;22.1.2026 00:00:00;"O";"";12.2.2026 00:09:48;0;"";0;"";0;"";0;"";0;"";0;;;0;0;1;0;0;1;0;0;1;0
2750;4015;0;;611;2903;;22.1.2026 00:00:00;"O";"";12.2.2026 00:10:09;0;"";0;"";0;"";0;"";0;"";0;;;0;0;1;0;0;1;0;0;1;0
2751;3923;0;;611;2904;;22.1.2026 00:00:00;"O";"";12.2.2026 00:10:28;0;"";0;"";0;"";0;"";0;"";0;;;0;0;1;0;0;1;0;0;1;0
2752;4224;0;;611;2905;;22.1.2026 00:00:00;"O";"";12.2.2026 00:11:42;0;"";0;"";0;"";0;"";0;"";0;;;0;0;1;0;0;1;0;0;1;0
2753;2492;0;;611;2906;;22.1.2026 00:00:00;"O";"";12.2.2026 00:11:25;0;"";0;"";0;"";0;"";0;"";0;;;0;0;1;0;0;1;0;0;1;0
2754;4225;0;;611;2907;;22.1.2026 00:00:00;"O";"";12.2.2026 00:11:05;0;"";0;"";0;"";0;"";0;"";0;;;0;0;1;0;0;1;0;0;1;0
2755;1234;0;;611;2908;;22.1.2026 00:00:00;"O";"";12.2.2026 00:10:47;0;"";0;"";0;"";0;"";0;"";0;;;0;0;1;0;0;1;0;0;1;0
2756;4021;0;;611;2909;;22.1.2026 00:00:00;"O";"";12.2.2026 00:08:42;0;"";0;"";0;"";0;"";0;"";0;;;0;0;1;0;0;1;0;0;1;0
2757;2489;0;;611;2910;;22.1.2026 00:00:00;"O";"";12.2.2026 00:08:23;0;"";0;"";0;"";0;"";0;"";0;;;0;0;1;0;0;1;0;0;1;0
2758;4226;0;;611;2911;;22.1.2026 00:00:00;"O";"";12.2.2026 00:08:03;0;"";0;"";0;"";0;"";0;"";0;;;0;0;1;0;0;1;0;0;1;0
2759;1760;0;;611;2912;;22.1.2026 00:00:00;"O";"opiekun osÛb starszych /opiekun medyczny";12.2.2026 00:07:43;0;"";0;"";0;"";0;"";0;"";0;;;0;0;0;0;0;1;0;0;1;0
2760;4227;0;;611;2913;1577;22.1.2026 00:00:00;"O";"";12.2.2026 00:07:24;0;"";0;"";0;"";0;"";0;"";0;;;0;0;0;0;0;1;0;0;1;0
2761;4120;0;;611;2914;1577;22.1.2026 00:00:00;"O";"opiekun osÛb starszych";12.2.2026 00:07:02;0;"";0;"";0;"";0;"";0;"";0;;;0;0;0;0;0;1;0;0;1;0
2762;4102;0;;611;2915;1577;22.1.2026 00:00:00;"O";"opiekun medyczny";12.2.2026 00:06:39;0;"";0;"";0;"";0;"";0;"";0;;;0;0;0;0;0;1;0;0;1;0
2763;4228;0;;390;2916;1577;22.1.2026 00:00:00;"W";"";2.2.2026 11:21:21;0;"";0;"";0;"";0;"";0;"";0;;;0;0;0;0;0;1;0;0;1;0
2764;4229;0;;611;2917;1577;22.1.2026 00:00:00;"O";"";12.2.2026 00:05:42;0;"";0;"";0;"";0;"";0;"";0;;;0;0;0;0;0;1;0;0;1;0
2765;4230;0;;611;2918;1577;22.1.2026 00:00:00;"O";"";12.2.2026 00:04:47;0;"";0;"";0;"";0;"";0;"";0;;;0;0;0;0;0;1;0;0;1;0
2766;4231;0;;14;2919;1578;22.1.2026 00:00:00;"K";;22.1.2026 12:29:33;0;;0;;0;;0;;0;;0;;;0;0;0;0;0;1;0;0;1;0
2767;4232;0;;14;2920;1578;22.1.2026 00:00:00;"O";"";12.2.2026 00:01:07;0;"";0;"";0;"";0;"";0;"";0;;;0;0;0;0;0;1;0;0;1;0
2768;505;0;;288;2939;;;"O";"Kucharz";26.1.2026 12:21:50;1;;0;;0;;0;;0;;0;;;0;0;0;0;0;1;0;0;1;0
2770;4233;0;;11;2940;;19.1.2026 00:00:00;"W";"pomoc kuchenna";26.1.2026 12:55:31;0;;0;;0;;0;;0;;0;;;0;0;0;0;0;1;0;0;1;0
2771;4234;0;;22;2941;;27.1.2026 00:00:00;"O";"dozorca";26.1.2026 13:06:33;0;;0;;0;;0;;0;;0;;;0;0;0;0;0;1;0;0;1;0
2772;4235;0;;71;2942;;20.1.2026 00:00:00;"K";"nauczyciel";26.1.2026 13:27:49;0;;0;;0;;0;;0;;0;;;0;0;0;0;0;1;0;0;1;0
2773;4236;0;;604;2943;;21.1.2026 00:00:00;"K";"nauczyciel specjalny";26.1.2026 13:33:30;0;;0;;0;;0;;0;;0;;;0;0;0;0;0;1;0;0;1;0
2774;4237;0;;72;2944;;;"O";"nauczyciel";26.1.2026 13:42:58;0;"";0;"";0;"";0;"";0;"";0;;;0;0;0;0;0;1;0;0;1;0
2775;4238;0;;57;2945;;21.1.2026 00:00:00;"K";"nauczyciel";26.1.2026 13:48:01;0;;0;;0;;0;;0;;0;;;0;0;0;0;0;1;0;0;1;0
2776;4239;0;;7;2946;;;;"nauczyciel";26.1.2026 14:21:57;0;;0;;0;;0;;0;;0;;;0;0;0;0;0;1;0;0;1;0
2777;4240;0;;9;2947;;;"O";"sekretarz szko≥y";26.1.2026 14:36:49;0;;0;;0;;0;;0;;0;;;0;0;0;0;0;1;0;0;1;0
2778;4238;0;;57;;;;;"nauczyciel";26.1.2026 14:52:43;0;;0;;0;;0;;0;;0;;;0;0;0;0;0;1;0;0;1;0
2779;4241;0;;390;2949;;26.1.2026 00:00:00;"W";"opiekun medyczny";26.1.2026 14:58:23;0;;0;;0;;0;;0;;0;;;0;0;0;0;0;1;0;0;1;0
2780;4242;0;;24;2948;;;"W";"Nauczyciel Wychowaca åwietlicy";27.1.2026 09:13:50;0;;0;;0;;0;;0;;0;;;0;0;0;0;0;1;0;0;1;0
2782;2262;0;;27;2932;;;"O";"opiekun dzieci i m≥odzieøy w czasie przejúcia przez jezdniÍ";27.1.2026 10:05:27;0;;0;;0;;0;;0;;0;;;0;0;0;0;0;1;0;0;1;0
2783;4243;0;;605;2922;;;;"Fryzjerka";27.1.2026 10:33:36;0;;0;;0;;0;;0;;0;;;0;0;0;0;0;1;0;0;1;0
2784;4244;0;;581;3014;;23.1.2026 00:00:00;"O";"opiekun osÛb w starszym wieku - specjalistyczne us≥ugi opiekuÒcze";27.1.2026 11:44:31;0;;0;;0;;0;;0;;0;;;0;0;0;0;0;1;0;0;1;0
2785;4245;0;;71;2950;;20.1.2026 00:00:00;"O";"psycholog";27.1.2026 11:50:51;0;;0;;0;;0;;0;;0;;;0;0;0;0;0;1;0;0;1;0
2786;4246;0;;56;2951;;23.1.2026 00:00:00;"W";"woüna";27.1.2026 13:15:11;0;"";0;"";0;"";0;"";0;"";0;;;0;0;0;0;0;1;0;0;1;0
2787;4247;0;;390;2931;;26.1.2026 00:00:00;"W";"opiekun osÛb starszych";27.1.2026 13:55:25;0;;0;;0;;0;;0;;0;;;0;0;0;0;0;1;0;0;1;0
2788;4248;0;;35;3009;;22.1.2026 00:00:00;"K";"nauczyciel przedszkola";27.1.2026 14:33:47;0;;0;;0;;0;;0;;0;;;0;0;0;0;0;1;0;0;1;0
2789;4249;0;;610;2933;;26.1.2026 00:00:00;"W";"doradca klienta";2.2.2026 17:50:14;0;"";0;"";0;"";0;"";0;"";0;;;0;0;0;0;0;1;0;0;1;0
2790;4250;0;;24;2926;;27.1.2026 00:00:00;"W";"Asystent Miedzykulturowy";28.1.2026 09:55:47;0;;0;;0;;0;;0;;0;;;0;0;0;0;0;1;0;0;1;0
2791;4251;0;;51;2934;;20.1.2026 00:00:00;"W";"logopeda";28.1.2026 11:26:50;0;;0;;0;;0;;0;;0;;;0;0;0;0;0;1;0;0;1;0
2792;4252;0;;10;2975;;23.1.2026 00:00:00;"K";"starsza woüna";28.1.2026 11:34:49;0;;0;;0;;0;;0;;0;;;0;0;0;0;0;1;0;0;1;0
2793;4253;0;;4;2927;;22.1.2026 00:00:00;"W";"pracownik obs≥ugi - szatniarz";28.1.2026 11:58:24;0;;0;;0;;0;;0;;0;;;0;0;0;0;0;1;0;0;1;0
2794;1924;0;;120;2952;;8.1.2026 00:00:00;"W";"nauczyciel jÍzyka polskiego";29.1.2026 13:55:13;0;"";0;"";0;"";0;"";0;"";0;;;0;0;0;0;0;1;0;0;1;0
2795;4254;0;;2;2968;;19.2.2026 00:00:00;"K";"dozorca";28.1.2026 14:05:42;0;;0;;0;;0;;0;;0;;;0;0;0;0;0;1;0;0;1;0
2796;4255;0;;23;2962;;;"K";"starsza woüna";28.1.2026 14:22:51;0;;0;;0;;0;;0;;0;;;0;0;0;0;0;1;0;0;1;0
2797;4256;0;;7;2965;;20.1.2026 00:00:00;"O";"nauczyciel";28.1.2026 14:32:27;0;;0;;0;;0;;0;;0;;;0;0;0;0;0;1;0;0;1;0
2798;4257;0;;4;2971;;3.2.2026 00:00:00;"K";"nauczyciel";3.2.2026 11:00:39;0;"";0;"";0;"";0;"";0;"";0;;;0;0;0;0;0;1;0;0;1;0
2799;4258;0;;68;2974;;12.1.2026 00:00:00;"O";"Dyrektor ";29.1.2026 09:30:10;0;;0;;0;;0;;1;"praca decyzyjna";0;;;0;0;0;0;0;1;0;0;1;0
2800;4259;0;;56;2979;;29.1.2026 00:00:00;"W";"pomoc kuchenna";29.1.2026 12:10:09;0;;0;;0;;0;;0;;0;;;0;0;1;0;0;1;0;0;1;0
2801;4260;0;;2;3175;;23.2.2026 00:00:00;"O";"nauczyciel";10.3.2026 10:49:25;0;"";0;"";0;"";0;"";1;"";0;;;0;0;0;0;0;1;0;0;1;0
2802;4261;0;;2;3065;;23.2.2026 00:00:00;"O";"opiekun dzieci i m≥odzieøy w czasie przejúcia przez jezdniÍ";29.1.2026 13:39:59;0;;0;;0;;0;;1;;0;;;0;0;0;0;0;1;0;0;1;0
2803;4262;0;;2;3129;;25.2.2026 00:00:00;"O";"nauczyciel";4.3.2026 11:35:27;0;"";0;"";0;"";0;"";1;"";0;;;0;0;0;0;0;1;0;0;1;0
2804;2569;0;;2;3105;;;"O";"nauczyciel";2.3.2026 12:01:20;0;"";0;"";0;"";0;"";0;"";0;;;0;0;0;0;0;1;0;0;1;0
2805;2577;0;;2;3254;;26.2.2026 00:00:00;"O";"nauczyciel";29.1.2026 13:45:18;0;;0;;0;;0;;1;;0;;;0;0;0;0;0;1;0;0;1;0
2806;4263;0;;2;3048;;17.2.2026 00:00:00;"O";"woüna";16.2.2026 13:14:20;0;"";0;"";1;"";1;"";1;"";0;;;0;0;0;0;0;1;0;0;1;0
2807;4264;0;;390;3101;;30.1.2026 00:00:00;"O";"opiekun osÛb starszych /opiekun medyczny";30.1.2026 11:38:12;1;;0;;0;;1;;1;;0;;;0;0;1;0;0;1;0;0;1;0
2808;4265;0;;390;3102;;4.2.2026 00:00:00;"O";"opiekun osÛb starszych /opiekun medyczny";30.1.2026 12:03:03;1;;1;;1;;1;;1;;0;;;0;0;1;0;0;1;0;0;1;0
2809;4266;0;;122;2964;;22.1.2026 00:00:00;"O";"kierownik gospodarczy";2.2.2026 12:00:51;0;;0;;0;;0;;0;;0;;;0;0;0;0;0;1;0;0;1;0
2810;4267;0;;122;3002;;22.1.2026 00:00:00;"O";"starszy dozorca";10.2.2026 13:34:44;0;"";0;"";0;"";0;"";0;"";0;;;0;0;0;0;0;1;0;0;1;0
2811;1360;0;;1;2995;;3.2.2026 00:00:00;"O";"wice dyrektor, nauczyciel";10.2.2026 09:31:55;0;"";0;"";0;"";0;"";0;"";0;;;0;0;0;0;0;1;0;0;1;0
2812;4268;0;;14;2972;;2.2.2026 00:00:00;"O";"nauczyciel";2.2.2026 12:39:29;0;;0;;0;;0;;0;;0;;;0;0;0;0;0;1;0;0;1;0
2813;3663;0;;18;2959;;21.1.2026 00:00:00;"O";"nauczyciel";3.2.2026 12:59:36;0;"";0;"";0;"";0;"";0;"";0;;;0;1;0;0;0;1;0;0;1;0
2815;1729;0;;5;2960;;5.1.2026 00:00:00;"K";" pomoc nauczyciela";2.2.2026 13:37:42;0;;0;;0;;0;;0;;0;;;0;0;0;0;0;1;0;0;1;0
2816;4270;0;;18;2963;;;"O";"nauczyciel";12.2.2026 00:02:28;0;"";0;"";0;"";0;"";0;"";0;;;0;0;0;0;0;1;0;0;1;0
2817;1583;0;;5;2961;;27.1.2026 00:00:00;"K";"nauczyciel";2.2.2026 13:50:30;0;;0;;0;;0;;0;;0;;;0;0;0;0;0;1;0;0;1;0
2818;4271;0;;9;2996;;20.1.2026 00:00:00;"O";"portier";2.2.2026 13:54:21;0;;0;;0;;0;;0;;0;;;0;0;0;0;0;1;0;0;1;0
2819;523;0;;25;;;;;"logopeda";2.2.2026 14:02:15;0;;0;;0;;0;;0;;0;;;0;0;0;0;0;1;0;0;1;0
2820;4272;0;;2;2967;;30.1.2026 00:00:00;"K";"woüny";2.2.2026 14:19:34;0;;0;;0;;0;;0;;0;;;0;0;0;0;0;1;0;0;1;0
2821;3817;0;;65;2973;;2.2.2026 00:00:00;"O";"wice dyrektor, nauczyciel";2.2.2026 14:25:08;0;;0;;0;;0;;0;;0;;;0;0;0;0;0;1;0;0;1;0
2822;4273;0;;72;2990;;;"O";"kierownik gospodarczy";2.2.2026 14:30:02;0;;0;;0;;0;;0;;0;;;0;0;0;0;0;1;0;0;1;0
2823;4274;0;;72;2991;;;"O";"kierownik sto≥owki";2.2.2026 14:34:26;0;;0;;0;;0;;0;;0;;;0;0;0;0;0;1;0;0;1;0
2824;4275;0;;167;3001;;27.10.2025 00:00:00;;"Projekt Manegger";2.2.2026 14:58:58;0;;0;;0;;0;;0;;0;;;0;0;0;0;0;1;0;0;1;0
2826;4276;0;;611;2956;;30.1.2026 00:00:00;"W";"opiekun osÛb starszych /opiekun medyczny";2.2.2026 15:24:36;0;;0;;0;;0;;0;;0;;;0;0;0;0;0;1;0;0;1;0
2827;4277;0;;24;2977;;3.2.2026 00:00:00;"O";"nauczyciel";3.2.2026 10:19:50;0;;0;;0;;0;;0;;0;;;0;0;0;0;0;1;0;0;1;0
2828;4278;0;;77;2969;;2.2.2026 00:00:00;"W";"psycholog";3.2.2026 10:39:46;0;;0;;0;;0;;0;;0;;;0;0;0;0;0;1;0;0;1;0
2829;4279;0;;75;2970;;29.1.2026 00:00:00;"W";"psycholog";3.2.2026 11:03:52;0;;0;;0;;0;;1;;0;;;0;0;0;0;0;1;0;0;1;0
2830;4280;0;;288;2957;;20.1.2026 00:00:00;"W";"Dyrektor";3.2.2026 11:21:26;0;;0;;0;;0;;0;;0;;;0;0;0;0;0;1;0;0;1;0
2831;4281;0;;70;2978;;4.2.2026 00:00:00;"W";"samodzielny referent";3.2.2026 11:36:40;0;;0;;0;;0;;1;;0;;;0;0;0;0;0;1;0;0;1;0
2832;4032;0;;10;2976;;3.2.2026 00:00:00;"K";"pomoc administracyjna";5.2.2026 12:24:04;0;"";0;"";0;"";0;"";0;"";0;;;0;0;0;0;0;1;0;0;1;0
2833;4282;0;;611;2955;;12.1.2026 00:00:00;"O";"opiekun osÛb starszych /medyczny";3.2.2026 11:57:53;1;;0;;0;;1;;1;;0;;;0;0;0;0;0;1;0;0;1;0
2834;4283;0;;9;2958;;20.2.2026 00:00:00;"O";"wicedyrektor, nauczyciel";3.2.2026 13:13:58;0;;0;;0;;0;;0;;0;;;0;0;0;0;0;1;0;0;1;0
2835;4284;0;;611;3046;;29.1.2026 00:00:00;"W";"opiekun osÛb starszych/opiekun medyczny";4.2.2026 13:13:16;0;"";0;"";0;"";0;"";0;"";0;;;0;0;0;0;0;1;0;0;1;0
2836;4285;0;;611;3040;;29.1.2026 00:00:00;"W";"opiekun osÛb starszych /opiekun medyczny";4.2.2026 12:37:26;0;"";0;"";0;"";0;"";0;"";0;;;0;0;0;0;0;1;0;0;1;0
2837;4286;0;;61;2992;;10.2.2026 00:00:00;"O";"Szef kuchni";4.2.2026 10:30:43;0;"";0;"";0;"";0;"";0;"";0;;;0;0;0;0;0;1;0;0;1;0
2838;4287;0;;61;2993;;10.2.2026 00:00:00;"O";"kucharz";4.2.2026 10:41:17;0;;0;;0;;0;;0;;0;;;0;0;0;0;0;1;0;0;1;0
2839;4288;0;;127;2984;;;"O";"konserwator-elekryk";4.2.2026 10:53:57;0;"";0;"";0;"";0;"";1;"";0;;;0;0;0;0;0;1;0;0;1;0
2840;4289;0;;127;2983;;22.1.2026 00:00:00;"O";"dozorca - gospodarz budynku osiedla Sp-ni Ostrobramska";4.2.2026 11:52:44;1;;0;;0;;0;;0;;0;;;0;0;0;0;0;1;0;0;1;0
2841;4290;0;;127;2982;;22.1.2026 00:00:00;"O";"gospodarz- dozorca budynku Sp-ni";4.2.2026 13:50:15;1;;0;;0;;0;;0;;0;;;0;0;0;0;0;1;0;0;1;0
2842;4291;0;;127;2981;;22.1.2026 00:00:00;"O";"gospodarz- dozorca budynku Sp-ni";4.2.2026 13:55:25;1;;0;;0;;0;;0;;0;;;0;0;0;0;0;1;0;0;1;0
2843;4292;0;;11;2953;;2.2.2026 00:00:00;"K";"nauczyciel";5.2.2026 11:42:09;0;;0;;0;;0;;0;;0;;;0;0;1;0;0;1;0;0;1;0
2844;4293;0;;611;3099;;;"W";"opiekun osÛb starszych /opiekun medyczny";12.2.2026 00:03:39;1;"";1;"";1;"";1;"";1;"";0;;;0;0;0;0;0;1;0;0;1;0
2845;4294;0;;611;3100;;;"W";"opiekun osÛb starszych /opiekun medyczny";12.2.2026 00:03:18;1;"";1;"";1;"";1;"";1;"";0;;;0;0;0;0;0;1;0;0;1;0
2847;4296;0;;611;;;9.2.2026 00:00:00;"W";"opiekun osÛb starszych /opiekun medyczny";9.2.2026 11:29:16;0;;0;;0;;0;;0;;0;;;0;0;0;0;0;1;0;0;1;0
2849;4298;0;;226;2999;;6.2.2026 00:00:00;"";"Pracownik ochrony bez broni";10.2.2026 09:43:53;0;"";0;"";0;"";0;"";0;"";0;;;0;0;0;0;0;1;0;0;1;0
2850;4299;0;;70;3005;;11.2.2026 00:00:00;"O";"intendet ";9.2.2026 12:09:21;0;;0;;0;;0;;0;;0;;;0;0;0;0;0;1;0;0;1;0
2851;4300;0;;30;3004;;2.2.2026 00:00:00;"O";"nauczyciel";9.2.2026 12:14:43;0;;0;;0;;0;;0;;0;;;0;0;0;0;0;1;0;0;1;0
2852;4301;0;;4;3010;;10.2.2026 00:00:00;"K";"woüna oddzia≥owa";9.2.2026 12:21:59;0;;0;;0;;0;;0;;0;;;0;0;0;0;0;1;0;0;1;0
2853;4302;0;;613;2989;;9.2.2026 00:00:00;"W";"Specjalista ds marketingu";9.2.2026 12:30:59;0;;0;;0;;0;;0;;0;;;0;0;0;0;0;1;0;0;1;0
2854;871;0;;221;;;;"K";"dyrektor programmigu";9.2.2026 12:49:28;0;;0;;0;;0;;0;;0;;;0;0;0;0;0;1;0;0;1;0
2855;4303;0;;373;2998;;6.2.2026 00:00:00;"O";"agent ochrony";9.2.2026 13:20:32;0;;0;;0;;0;;0;;0;;;0;0;0;0;0;1;0;0;1;0
2856;4304;0;;121;2994;;;"K";"nauczyciel WDØ";9.2.2026 13:48:37;0;;0;;0;;0;;0;;0;;;0;0;0;0;0;1;0;0;1;0
2857;4305;0;;14;3008;;2.2.2026 00:00:00;"K";"nauczyciel wychowania przedszkolnego";9.2.2026 13:58:45;0;;0;;0;;0;;0;;0;;;0;0;0;0;0;1;0;0;1;0
2858;4306;0;;613;;;9.2.2026 00:00:00;"W";"opiekun osÛb w starszym wieku - us≥ugi opiekuÒcze";9.2.2026 14:13:24;0;;0;;0;;0;;0;;0;;;0;0;0;0;0;1;0;0;1;0
2859;4307;0;;611;2987;;10.2.2026 00:00:00;"W";"opiekun osÛb starszych /opiekun medyczny";10.2.2026 10:12:30;0;;0;;0;;0;;0;;0;;;0;0;0;0;0;1;0;0;1;0
2860;4308;0;;616;2997;;28.1.2026 00:00:00;"W";"asystentka";10.2.2026 10:47:41;0;;0;;0;;0;;0;;0;;;0;0;0;0;0;1;0;0;1;0
2861;4309;0;;71;2988;;5.2.2026 00:00:00;"W";"sekretarz szko≥y";10.2.2026 11:12:25;0;;0;;0;;0;;0;;0;;;0;0;0;0;0;1;0;0;1;0
2862;4310;0;;611;2986;;10.2.2026 00:00:00;"W";"opiekun osÛb starszych";10.2.2026 11:16:04;0;;0;;0;;0;;0;;0;;;0;0;0;0;0;1;0;0;1;0
2863;4311;0;;120;3051;;10.2.2026 00:00:00;"O";"nauczyciel w úwietlicy szkolnej";11.2.2026 14:04:57;0;"";0;"";0;"";0;"";0;"";0;;;0;0;0;0;0;1;0;0;1;0
2865;4313;0;;127;2980;;22.1.2026 00:00:00;"O";"dozorca - gospodarz budynku osiedla Sp-ni Ostrobramska";10.2.2026 12:02:55;0;;0;;0;;0;;0;;0;;;0;0;0;0;0;1;0;0;1;0
2866;4314;0;;71;3006;;5.2.2026 00:00:00;"O";"nauczyciel";10.2.2026 12:41:56;0;;0;;0;;0;;0;;0;;;0;0;0;0;0;1;0;0;1;0
2867;4315;0;;611;;;;"W";"opiekun osÛb starszych";12.2.2026 00:05:22;0;"";0;"";0;"";0;"";0;"";0;;;0;0;0;0;0;1;0;0;1;0
2868;4316;0;;14;3031;;9.2.2026 00:00:00;"K";"pomoc kuchenna";17.2.2026 11:18:47;1;"";0;"";0;"";0;"";0;"";0;;;0;0;0;0;0;1;0;0;1;0
2869;4317;0;;22;3074;;;"";"pomoc nauczyciela";24.2.2026 14:16:59;0;"";0;"";0;"";0;"";0;"";0;;;0;0;0;0;0;1;0;0;1;0
2870;4318;0;;203;3015;;10.2.2026 00:00:00;"W";"psycholog";11.2.2026 09:30:15;0;;0;;0;;0;;0;;0;;;0;0;0;0;0;1;0;0;1;0
2871;4319;0;;51;3033;;16.2.2026 00:00:00;"W";"pedagog";16.2.2026 14:44:22;0;"";0;"";0;"";0;"";0;"";0;;;0;0;0;0;0;1;0;0;1;0
2872;4320;0;;122;3003;;21.1.2026 00:00:00;"O";"nauczyciel zajÍÊ muzycznych";11.2.2026 09:48:20;0;;0;;0;;0;;0;;0;;;0;0;0;0;0;1;0;0;1;0
2873;4321;0;;611;;;2.2.2026 00:00:00;"O";"opiekun osÛb starszych/opiekun medyczny";11.2.2026 11:04:50;0;;0;;0;;0;;0;;0;;;0;0;0;0;0;1;0;0;1;0
2874;4322;0;;56;3007;;3.2.2026 00:00:00;"W";"pomoc nauczyciela";12.2.2026 11:22:46;0;"";0;"";0;"";0;"";0;"";0;;;0;0;0;0;0;1;0;0;1;0
2875;4323;0;;613;3000;;9.2.2026 00:00:00;"W";"opiekun osÛb w starszym wieku - us≥ugi opiekuÒcze";11.2.2026 12:44:12;0;;0;;0;;0;;0;;0;;;0;0;0;0;0;1;0;0;1;0
2876;4324;0;;121;3066;;10.2.2026 00:00:00;"O";"nauczyciel";25.2.2026 12:25:58;0;"";0;"";0;"";0;"";0;"";0;;;0;0;0;0;0;1;0;0;1;0
2877;4325;0;;121;3034;;10.2.2026 00:00:00;"O";"wychowawca w  úwietlicy";11.2.2026 13:22:09;0;;0;;0;;0;;0;;0;;;0;0;0;0;0;1;0;0;1;0
2878;4326;0;;121;3123;;10.2.2026 00:00:00;"O";"nauczyciel historii";2.3.2026 13:26:19;0;"";0;"";0;"";0;"";0;"";0;;;0;0;0;0;0;1;0;0;1;0
2879;4327;0;;121;3096;;10.2.2026 00:00:00;"O";"nauczyciel ";24.2.2026 11:58:17;0;"";0;"";0;"";0;"";0;"";0;;;0;0;0;0;0;1;0;0;1;0
2880;4328;0;;121;3050;;10.2.2026 00:00:00;"O";"nauczyciel";11.2.2026 13:51:00;0;;0;;0;;0;;0;;0;;;0;0;0;0;0;1;0;0;1;0
2881;4329;0;;121;;;10.2.2026 00:00:00;"K";"Nauczyciel do dziecka z orzeczeniem o potrzebie kszta≥cenia specjalnego";11.2.2026 14:24:18;0;;0;;0;;0;;0;;0;;;0;0;0;0;0;1;0;0;1;0
2882;4330;0;;121;3095;;10.2.2026 00:00:00;"O";"nauczyciel";24.2.2026 11:50:06;0;"";0;"";0;"";0;"";0;"";0;;;0;0;0;0;0;1;0;0;1;0
2883;4331;0;;581;3011;;11.2.2026 00:00:00;"O";"";12.2.2026 22:06:20;0;"";0;"";0;"";0;"";0;"";0;;;0;0;0;0;0;1;0;0;1;0
2884;4332;0;;581;3012;;11.2.2026 00:00:00;"O";"";12.2.2026 22:05:31;0;"";0;"";0;"";0;"";0;"";0;;;0;0;0;0;0;1;0;0;1;0
2885;4333;0;;581;3013;;11.2.2026 00:00:00;"O";"";12.2.2026 22:04:45;0;"";0;"";0;"";0;"";0;"";0;;;0;0;0;0;0;1;0;0;1;0
2886;4334;0;;618;3017;;16.2.2026 00:00:00;"W";"Fryzjerka";16.2.2026 12:00:13;0;;0;;0;;0;;0;;0;;;0;0;0;0;0;1;0;0;1;0
2887;4335;0;;618;3016;;16.2.2026 00:00:00;"W";"Fryzjerka";16.2.2026 12:08:54;0;;0;;0;;0;;0;;0;;;0;0;0;0;0;1;0;0;1;0
2888;4336;0;;618;3019;;16.2.2026 00:00:00;"W";"Fryzjerka";16.2.2026 12:15:44;0;;0;;0;;0;;0;;0;;;0;0;0;0;0;1;0;0;1;0
2889;4337;0;;618;3018;;16.2.2026 00:00:00;"W";"Fryzjerka";16.2.2026 12:20:35;0;;0;;0;;0;;0;;0;;;0;0;0;0;0;1;0;0;1;0
2890;4338;0;;619;3022;;12.2.2026 00:00:00;"W";"Opiekun klienta ds obs≥ugi posprzedaøowej";16.2.2026 12:43:43;0;;0;;0;;0;;0;;0;;;0;0;0;0;0;1;0;0;1;0
2891;4339;0;;619;3023;;12.2.2026 00:00:00;"W";"magazynier";16.2.2026 12:54:46;0;;0;;0;;0;;0;;0;;;0;0;0;0;0;1;0;0;1;0
2892;4340;0;;9;3053;;21.1.2026 00:00:00;"O";"nauczyciel";16.2.2026 13:11:24;0;;0;;0;;0;;0;;0;;;0;0;0;0;0;1;0;0;1;0
2893;4341;0;;22;3032;;10.2.2026 00:00:00;"O";"nauczyciel";17.2.2026 12:24:41;0;"";0;"";0;"";0;"";0;"";0;;;0;0;0;0;0;1;0;0;1;0
2894;992;0;;604;3038;;10.2.2026 00:00:00;"O";"asystent nauczyciela";17.2.2026 13:43:45;0;"";0;"";0;"";0;"";0;"";0;;;0;0;0;0;0;1;0;0;1;0
2895;4342;0;;10;3091;;13.2.2026 00:00:00;"K";"nauczyciel gimnastyki korekcyjnej";24.2.2026 11:05:34;0;"";0;"";0;"";0;"";0;"";0;;;0;0;0;0;0;1;0;0;1;0
2896;4343;0;;581;3085;;24.2.2026 00:00:00;"W";"opiekun osÛb w starszym wieku - us≥ugi opiekuÒcze";16.2.2026 14:23:26;0;;0;;0;;0;;0;;0;;;0;0;0;0;0;1;0;0;1;0
2897;4344;0;;122;3037;;;"O";"Dyrektor";16.2.2026 14:33:44;0;;0;;0;;0;;0;;0;;;0;0;0;0;0;1;0;0;1;0
2898;1521;0;;9;3036;;10.2.2026 00:00:00;"K";"woüna";17.2.2026 11:52:59;0;"";0;"";0;"";0;"";0;"";0;;;0;0;0;0;0;1;0;0;1;0
2899;4345;0;;72;3029;;12.2.2026 00:00:00;"O";"woøna";16.2.2026 15:13:08;0;;0;;0;;0;;0;;0;;;0;0;0;0;0;1;0;0;1;0
2900;4346;0;;221;3044;;16.2.2026 00:00:00;"O";"Szef Dzia≥u Sprzedaøy i Marketingu";17.2.2026 09:41:50;0;;0;;0;;0;;0;;0;;;0;0;0;0;0;1;0;0;1;0
2901;3505;0;;70;3028;;17.2.2026 00:00:00;"K";"nauczyciel";17.2.2026 10:00:51;0;;0;;0;;0;;0;;0;;;0;0;0;0;0;1;0;0;1;0
2902;4347;0;;619;3021;;16.2.2026 00:00:00;"W";"magazynier";17.2.2026 10:14:41;0;;0;;0;;0;;0;;0;;;0;0;0;0;0;1;0;0;1;0
2903;4348;0;;619;3020;;16.2.2026 00:00:00;"W";"magazynier";17.2.2026 10:23:58;0;;0;;0;;0;;0;;0;;;0;0;0;0;0;1;0;0;1;0
2904;4349;0;;75;3026;;13.2.2026 00:00:00;"O";"nauczyciel wspÛ≥organizacyjny";19.2.2026 23:39:41;0;"";0;"";0;"";0;"";0;"";0;;;0;0;0;0;0;1;0;0;1;0
2905;4350;0;;75;3027;;13.2.2026 00:00:00;"W";"pomoc nauczyciela";17.2.2026 10:45:12;0;;0;;0;;0;;0;;0;;;0;0;0;0;0;1;0;0;1;0
2906;4351;0;;2;3035;;11.2.2026 00:00:00;"W";"woüny";17.2.2026 11:09:10;0;;0;;0;;0;;0;;0;;;0;0;0;0;0;1;0;0;1;0
2907;4352;0;;72;3030;;12.2.2026 00:00:00;"O";"pracownik obs≥ugi";17.2.2026 12:07:09;0;;1;;0;;0;;0;;0;;;0;0;0;0;0;1;0;0;1;0
2908;4353;0;;618;3042;;16.2.2026 00:00:00;"W";"fryzjerka";17.2.2026 14:08:19;0;"";0;"";0;"";0;"";0;"";0;;;0;0;0;0;0;1;0;0;1;0
2909;4354;0;;620;3024;;29.1.2026 00:00:00;"W";"pracownik utrzymania czystoúci (sprzπtaczka)";17.2.2026 12:55:24;0;;0;;1;;0;;0;;0;;;0;0;0;0;0;1;0;0;1;0
2910;4355;0;;618;3043;;16.2.2026 00:00:00;"W";"Fryzjerka";17.2.2026 13:23:50;0;;0;;0;;0;;0;;0;;;0;0;0;0;0;1;0;0;1;0
2911;4356;0;;611;3039;;17.2.2026 00:00:00;"W";"opiekun osÛb starszych";17.2.2026 13:29:17;0;;0;;0;;0;;0;;0;;;0;0;0;0;0;1;0;0;1;0
2912;4357;0;;618;3080;;16.2.2026 00:00:00;"W";"Fryzjerka";17.2.2026 13:38:34;0;;0;;0;;0;;0;;0;;;0;0;0;0;0;1;0;0;1;0
2913;4358;0;;618;3041;;16.2.2026 00:00:00;"W";"Fryzjerka";17.2.2026 13:51:17;0;;0;;0;;0;;0;;0;;;0;0;0;0;0;1;0;0;1;0
2914;4359;0;;611;3045;;16.2.2026 00:00:00;"W";"opiekun medyczny";18.2.2026 10:02:33;0;;0;;0;;0;;0;;0;;;0;0;0;0;0;1;0;0;1;0
2915;4360;0;;27;3049;;16.2.2026 00:00:00;"O";"nauczyciel";18.2.2026 10:14:38;0;;0;;0;;0;;0;;0;;;0;0;0;0;0;1;0;0;1;0
2916;4361;0;;9;3052;;2.2.2026 00:00:00;"O";"dyrektor, nauczyciel";18.2.2026 10:25:07;0;;0;;0;;0;;1;;0;;;0;0;0;0;0;1;0;0;1;0
2917;4362;0;;20;3094;;9.2.2026 00:00:00;"O";"nauczyciel";18.2.2026 11:44:25;0;;0;;0;;0;;0;;0;;;0;0;0;0;0;1;0;0;1;0
2918;4363;0;;611;3086;;18.2.2026 00:00:00;"W";"opiekun osÛb starszych /opiekun medyczny";18.2.2026 12:30:09;0;;0;;0;;0;;0;;0;;;0;0;0;0;0;1;0;0;1;0
2919;4364;0;;613;3047;;;"W";"opiekun osÛb starszych";18.2.2026 13:02:16;0;;0;;0;;0;;0;;0;;;0;0;0;0;0;1;0;0;1;0
2920;4365;0;;581;3084;;12.2.2026 00:00:00;"O";"koordynator us≥ug opiekuÒczych";18.2.2026 13:34:15;0;;0;;0;;0;;0;;0;;;0;0;0;0;0;1;0;0;1;0
2921;4366;0;;71;3131;;;"O";"kierownik gospodarczy";18.2.2026 13:45:16;0;;0;;0;;0;;0;;0;;;0;0;0;0;0;1;0;0;1;0
2922;4367;0;;71;3092;;18.2.2026 00:00:00;"O";"nauczyciel";18.2.2026 13:52:37;0;;0;;0;;0;;0;;0;;;0;0;0;0;0;1;0;0;1;0
2923;4368;0;;221;3082;;10.2.2026 00:00:00;"O";"informatyk - programista";18.2.2026 14:20:37;0;;0;;0;;0;;0;;0;;;0;0;0;0;0;1;0;0;1;0
2924;4369;0;;127;3054;1597;19.2.2026 00:00:00;"o";;19.2.2026 10:44:22;0;;0;;0;;0;;0;;0;;;0;0;0;0;0;1;0;0;1;0
2925;2462;0;;127;3055;1597;19.2.2026 00:00:00;"o";;19.2.2026 10:44:22;0;;0;;0;;0;;0;;0;;;0;0;0;0;0;1;0;0;1;0
2926;152;0;;127;3056;1597;19.2.2026 00:00:00;"o";;19.2.2026 10:44:22;0;;0;;0;;0;;0;;0;;;0;0;0;0;0;1;0;0;1;0
2927;4370;0;;127;3057;1597;19.2.2026 00:00:00;"K";;19.2.2026 10:44:22;0;;0;;0;;0;;0;;0;;;0;0;0;0;0;1;0;0;1;0
2928;4371;0;;127;3093;;;"O";"gospodarz- dozorca budynku Sp-ni";23.2.2026 14:35:46;1;"";1;"";1;"";1;"";1;"";0;;;0;0;0;0;0;1;0;0;1;0
2929;4372;0;;71;3058;1599;23.12.2025 00:00:00;"W";;19.2.2026 23:47:52;0;;0;;0;;0;;0;;0;;;0;0;1;0;0;1;0;0;1;0
2930;4373;0;;621;3081;;20.2.2026 00:00:00;"W";"portier";23.2.2026 11:33:49;0;;0;;0;;0;;0;;0;;;0;0;0;0;0;1;0;0;1;0
2931;4374;0;;57;3089;;23.2.2026 00:00:00;"W";"starsza woüna";23.2.2026 11:44:11;0;;0;;0;;0;;0;;0;;;0;0;0;0;0;1;0;0;1;0
2932;4375;0;;51;3104;;23.2.2026 00:00:00;"W";"psycholog";23.2.2026 12:34:27;0;;0;;0;;0;;0;;0;;;0;0;0;0;0;1;0;0;1;0
2933;4044;0;;57;3106;;6.2.2026 00:00:00;"O";"dyrektor, nauczyciel";3.3.2026 12:11:57;0;"";0;"";0;"";0;"";1;"";0;;;0;0;0;0;0;1;0;0;1;0
2934;4376;0;;71;3072;;18.2.2026 00:00:00;"O";"starszy dozorca";23.2.2026 13:19:00;0;;0;;0;;0;;0;;0;;;0;0;0;0;0;1;0;0;1;0
2935;4377;0;;71;3071;;18.2.2026 00:00:00;"O";"starsza woüna";23.2.2026 13:24:42;0;;0;;0;;0;;0;;0;;;0;0;0;0;0;1;0;0;1;0
2936;3820;0;;66;3594;;25.5.2026 00:00:00;"";"nauczyciel";;0;;0;;0;;0;;0;;0;;;0;0;0;0;0;0;0;0;1;0
2937;4378;0;;221;3070;;16.2.2026 00:00:00;"O";"redaktor odpowiedzialny";23.2.2026 13:43:38;0;;0;;0;;0;;0;;0;;;0;0;0;0;0;1;0;0;1;0
2939;4379;0;;61;3075;;;;"sekretarka";23.2.2026 14:11:26;0;;0;;0;;0;;0;;0;;;0;0;0;0;0;1;0;0;1;0
2940;4380;0;;49;3067;;2.2.2026 00:00:00;"O";"starsza woüna";23.2.2026 14:21:05;0;;0;;0;;0;;0;;0;;;0;0;0;0;0;1;0;0;1;0
2941;4381;0;;581;3062;;17.2.2026 00:00:00;"O";"koordynator us≥ug opiekuÒczych";24.2.2026 12:39:12;0;"";0;"";0;"";0;"";0;"";0;;;0;0;0;0;0;1;0;0;1;0
2942;4382;0;;24;3090;;20.2.2026 00:00:00;"W";"nauczyciel";24.2.2026 09:36:24;0;;0;;0;;0;;0;;0;;;0;0;0;0;0;1;0;0;1;0
2943;4383;0;;611;3088;;19.2.2026 00:00:00;"W";"opiekun osÛb starszych /opiekun medyczny";24.2.2026 09:47:19;0;;0;;0;;0;;0;;0;;;0;0;0;0;0;1;0;0;1;0
2944;4384;0;;618;3061;;20.2.2026 00:00:00;"W";"Manikurzystka";24.2.2026 09:53:45;0;;0;;0;;0;;0;;0;;;0;0;0;0;0;1;0;0;1;0
2945;4385;0;;618;3060;;20.2.2026 00:00:00;"W";"Fryzjerka";24.2.2026 09:59:25;0;;0;;0;;0;;0;;0;;;0;0;0;0;0;1;0;0;1;0
2946;4386;0;;618;3059;;20.2.2026 00:00:00;"W";"Fryzjerka";25.2.2026 12:46:31;0;"";0;"";0;"";0;"";0;"";0;;;0;0;0;0;0;1;0;0;1;0
2947;4387;0;;618;3136;;20.2.2026 00:00:00;"W";"Fryzjerka";4.3.2026 12:34:52;0;"";0;"";0;"";0;"";0;"";0;;;0;0;0;0;0;1;0;0;1;0
2948;4388;0;;613;3164;;19.2.2026 00:00:00;"W";"opiekun osÛb w starszym wieku - us≥ugi opiekuÒcze";10.3.2026 11:06:04;0;"";0;"";0;"";0;"";0;"";0;;;0;0;0;0;0;1;0;0;1;0
2949;4389;0;;581;3118;;23.2.2026 00:00:00;"W";"opiekun osÛb w starszym wieku - us≥ugi opiekuÒcze";4.3.2026 13:18:57;0;"";0;"";0;"";0;"";0;"";0;;;0;0;0;0;0;1;0;0;1;0
2950;4390;0;;581;3083;;24.2.2026 00:00:00;"W";"opiekun osÛb w starszym wieku - us≥ugi opiekuÒcze";24.2.2026 10:57:40;0;;0;;0;;0;;0;;0;;;0;0;0;0;0;1;0;0;1;0
2951;4391;0;;611;3087;;23.2.2026 00:00:00;"W";"opiekun osÛb starszych";24.2.2026 12:19:28;0;"";0;"";0;"";0;"";0;"";0;;;0;0;0;0;0;1;0;0;1;0
2952;4392;0;;618;3077;;20.2.2026 00:00:00;"W";"koordynator biura";24.2.2026 11:30:31;0;;0;;0;;0;;0;;0;;;0;0;0;0;0;1;0;0;1;0
2953;4393;0;;618;3079;;20.2.2026 00:00:00;"W";"Fryzjerka";24.2.2026 11:34:43;0;;0;;0;;0;;0;;0;;;0;0;0;0;0;1;0;0;1;0
2954;4394;0;;618;3078;;20.2.2026 00:00:00;"W";"Fryzjerka";24.2.2026 11:40:58;0;;0;;0;;0;;0;;0;;;0;0;0;0;0;1;0;0;1;0
2955;4395;0;;618;3108;;20.2.2026 00:00:00;"W";"Fryzjerka";3.3.2026 10:33:57;0;"";0;"";0;"";0;"";0;"";0;;;0;0;0;0;0;1;0;0;1;0
2956;4396;0;;611;3064;;;"W";"opiekun osÛb starszych /opiekun medyczny";24.2.2026 13:43:35;0;;0;;0;;0;;0;;0;;;0;0;0;0;0;1;0;0;1;0
2957;2006;0;;19;3068;;2.2.2026 00:00:00;"O";"logopeda";24.2.2026 14:26:06;0;;0;;0;;0;;0;;0;;;0;0;0;0;0;1;0;0;1;0
2958;4397;0;;221;3069;;9.2.2026 00:00:00;"W";"m≥odszy redaktor";25.2.2026 09:24:08;0;;0;;0;;0;;0;;0;;;0;0;0;0;0;1;0;0;1;0
2959;2488;0;;611;3063;;23.2.2026 00:00:00;"K";"opiekun osÛb starszych";25.2.2026 12:16:45;0;;0;;0;;0;;0;;0;;;0;0;0;0;0;1;0;0;1;0
2960;1261;0;;56;3073;;17.2.2026 00:00:00;"O";"starsza kucharka";25.2.2026 12:58:46;0;"";0;"";0;"";0;"";0;"";0;;;0;0;0;0;0;1;0;0;1;0
2961;4398;0;;56;3171;;25.2.2026 00:00:00;"W";"nauczyciel";25.2.2026 14:00:12;0;;0;;0;;0;;0;;0;;;0;0;0;0;0;1;0;0;1;0
2962;2830;0;;61;3076;;25.2.2026 00:00:00;"K";"sekretarka";27.2.2026 12:49:36;0;;0;;0;;0;;0;;0;;;0;0;0;0;0;1;0;0;1;0
2963;4399;0;;20;3126;;;"W";"starsza woüna";2.3.2026 11:15:29;0;;0;;0;;0;;0;;0;;;0;0;0;0;0;1;0;0;1;0
2964;196;0;;28;3107;;;"K";"woüna";2.3.2026 11:38:12;0;;0;;0;;0;;0;;0;;;0;0;0;0;0;1;0;0;1;0
2965;4400;0;;226;3246;;24.2.2026 00:00:00;"O";"Pracownik ochrony bez broni";25.3.2026 11:41:32;0;"";0;"";0;"";0;"";0;"";0;;;0;0;0;0;0;1;0;0;1;0
2966;4401;0;;74;3130;;2.3.2026 00:00:00;"W";"wychowawca w  úwietlicy";4.3.2026 09:59:34;0;"";0;"";0;"";0;"";0;"";0;;;0;0;0;0;0;1;0;0;1;0
2967;4402;0;;343;3113;;26.2.2026 00:00:00;"O";"Administrator SystemÛw w Dziele IT";2.3.2026 12:19:36;0;;0;;0;;0;;0;;0;;;0;0;0;0;0;1;0;0;1;0
2968;4403;0;;226;3142;;24.2.2026 00:00:00;"O";"Pracownik ochrony bez broni";2.3.2026 12:31:40;0;;0;;0;;0;;0;;0;;;0;0;0;0;0;1;0;0;1;0
2969;1831;0;;581;3098;;17.2.2026 00:00:00;"O";"opiekun osÛb w starszym wieku - us≥ugi opiekuÒcze";2.3.2026 13:01:41;0;;0;;0;;0;;0;;0;;;0;0;0;0;0;1;0;0;1;0
2970;4404;0;;581;3097;;18.2.2026 00:00:00;"O";"opiekun osÛb w starszym wieku - us≥ugi specjalistyczna";3.3.2026 09:52:38;0;"";0;"";0;"";0;"";0;"";0;;;0;0;0;0;0;1;0;0;1;0
2971;4405;0;;611;3163;;26.2.2026 00:00:00;"W";"opiekun osÛb starszych /opiekun medyczny";4.3.2026 10:32:26;0;"";0;"";0;"";0;"";0;"";0;;;0;0;0;0;0;1;0;0;1;0
2972;4406;0;;9;3124;;20.1.2026 00:00:00;"O";"nauczyciel";2.3.2026 14:27:36;0;;0;;0;;0;;0;;0;;;0;0;0;0;0;1;0;0;1;0
2973;4407;0;;619;3139;;26.2.2026 00:00:00;"W";"magazynier";2.3.2026 14:41:49;0;;0;;0;;0;;0;;0;;;0;0;0;0;0;1;0;0;1;0
2974;4408;0;;622;3109;;2.3.2026 00:00:00;"W";"Fryzjerka";3.3.2026 09:48:02;0;;0;;0;;0;;0;;0;;;0;0;0;0;0;1;0;0;1;0
2975;4409;0;;622;3111;;2.3.2026 00:00:00;"W";"Fryzjerka";3.3.2026 10:12:40;0;;0;;0;;0;;0;;0;;;0;0;0;0;0;1;0;0;1;0
2976;4410;0;;622;3110;;2.3.2026 00:00:00;"W";"Fryzjerka";3.3.2026 10:17:28;0;;0;;0;;0;;0;;0;;;0;0;0;0;0;1;0;0;1;0
2977;4411;0;;622;3112;;2.3.2026 00:00:00;"W";"Fryzjerka";3.3.2026 10:37:43;0;;0;;0;;0;;0;;0;;;0;0;0;0;0;1;0;0;1;0
2978;1404;0;;288;3103;;23.2.2026 00:00:00;"K";"pielÍgniarka";3.3.2026 11:05:11;0;;0;;0;;0;;0;;0;;;0;0;0;0;0;1;0;0;1;0
2979;4412;0;;581;3117;;3.3.2026 00:00:00;"W";"OPIEKUN OS”B W STARSZYM WIEKU ñ us≥ugi opiekuÒcze ";3.3.2026 11:42:53;0;;0;;0;;0;;0;;0;;;0;0;0;0;0;1;0;0;1;0
2980;4413;0;;623;3114;;24.2.2026 00:00:00;"W";"pracownik obs≥ugi klienta";3.3.2026 12:29:27;0;"";0;"";0;"";0;"";0;"";0;;;0;0;0;0;0;1;0;0;1;0
2981;4414;0;;624;3115;;3.3.2026 00:00:00;"W";"kierownik administracyjny";3.3.2026 12:36:59;0;;0;;0;;0;;1;;0;;;0;0;0;0;0;1;0;0;1;0
2982;4415;0;;625;3116;;27.2.2026 00:00:00;"W";"Specjalista ds wspÛ≥pracy z dostawcami";3.3.2026 12:46:04;0;;0;;0;;0;;0;;0;;;0;0;0;0;0;1;0;0;1;0
2983;4416;0;;378;3138;;3.3.2026 00:00:00;"W";"pracownik serwisu sprzπtajπcego";3.3.2026 13:39:31;0;;0;;0;;0;;0;;0;;;0;0;0;0;0;1;0;0;1;0
2984;4417;0;;378;3137;;3.3.2026 00:00:00;"W";"pracownik serwisu sprzπtajπcego";3.3.2026 13:48:57;0;;0;;0;;0;;0;;0;;;0;0;0;0;0;1;0;0;1;0
2985;4418;0;;581;;;2.3.2026 00:00:00;"W";"koordynator terenowy";3.3.2026 14:49:40;0;;0;;0;;0;;0;;0;;;0;0;0;0;0;1;0;0;1;0
2986;4419;0;;611;3119;;3.3.2026 00:00:00;"W";"opiekun osÛb starszych /opiekun medyczny";3.3.2026 14:55:16;0;;0;;0;;0;;0;;0;;;0;0;0;0;0;1;0;0;1;0
2987;4420;0;;622;3135;;3.3.2026 00:00:00;"W";"Fryzjerka";4.3.2026 09:32:54;0;;0;;0;;0;;0;;0;;;0;0;0;0;0;1;0;0;1;0
2988;4421;0;;622;3133;;3.3.2026 00:00:00;"W";"Fryzjerka";4.3.2026 09:36:56;0;;0;;0;;0;;0;;0;;;0;0;0;0;0;1;0;0;1;0
2990;4422;0;;288;3127;;;"W";"opiekunka";4.3.2026 09:51:14;0;;0;;0;;0;;0;;0;;;0;0;0;0;0;1;0;0;1;0
2991;4423;0;;61;3132;;3.3.2026 00:00:00;"O";"starsza woüna";4.3.2026 10:44:48;0;;0;;0;;0;;0;;0;;;0;0;0;0;0;1;0;0;1;0
2992;4424;0;;626;3140;;27.2.2026 00:00:00;"K";"instalator systemÛw teletechnicznych i audiowizualnych";4.3.2026 10:54:42;1;"praca na rusztowaniu, na drabinach";0;;0;;0;;0;;0;;;0;0;0;0;0;1;0;0;1;0
2993;4425;0;;622;3134;;3.3.2026 00:00:00;"W";"Manikurzystka";4.3.2026 11:10:03;0;;0;;0;;0;;0;;0;;;0;0;0;0;0;1;0;0;1;0
2994;4426;0;;64;3182;;4.3.2026 00:00:00;"O";"starsza woüna ";4.3.2026 11:28:43;0;;0;;0;;0;;0;;0;;;0;0;0;0;0;1;0;0;1;0
2995;4427;0;;127;3125;;2.3.2026 00:00:00;;"Konserwator Hydraulik";4.3.2026 11:50:37;0;;0;;0;;0;;0;;0;;;0;0;0;0;0;1;0;0;1;0
2996;4428;0;;27;3128;;3.3.2026 00:00:00;"W";"nauczyciel úwietlicy";4.3.2026 12:40:57;0;;0;;0;;0;;0;;0;;;0;0;0;0;0;1;0;0;1;0
2997;4429;0;;611;3159;;4.3.2026 00:00:00;"W";"opiekun osÛb starszych /opiekun medyczny";4.3.2026 13:00:18;0;;0;;0;;0;;0;;0;;;0;0;0;0;0;1;0;0;1;0
2998;4430;0;;10;3169;;5.3.2026 00:00:00;"K";"nauczyciel";4.3.2026 14:38:30;0;;0;;0;;0;;0;;0;;;0;0;0;0;0;1;0;0;1;0
2999;4431;0;;611;3120;;;"O";"opiekun osÛb starszych";5.3.2026 11:48:06;0;;0;;0;;0;;0;;0;;;0;0;1;0;0;1;0;0;1;0
3000;4432;0;;611;3121;;;"O";"opiekun osÛb starszych";5.3.2026 11:56:17;0;;0;;0;;0;;0;;0;;;0;0;1;0;0;1;0;0;1;0
3001;4171;0;;611;3122;;5.3.2026 00:00:00;"O";"opiekun osÛb starszych";5.3.2026 12:01:26;0;;0;;0;;0;;0;;0;;;0;0;1;0;0;1;0;0;1;0
3002;4433;0;;611;3166;;5.3.2026 00:00:00;"W";"opiekun osÛb starszych/opiekun medyczny";9.3.2026 11:54:11;0;;0;;0;;0;;0;;0;;;0;0;0;0;0;1;0;0;1;0
3003;1447;0;;5;3176;;3.3.2026 00:00:00;"K";"starsza woü?na";9.3.2026 12:04:55;0;;0;;0;;0;;0;;0;;;0;0;0;0;0;1;0;0;1;0
3004;1683;0;;11;3177;;1.3.2026 00:00:00;"O";"nauczyciel";9.3.2026 12:14:19;0;;0;;0;;0;;0;;0;;;0;0;0;0;0;1;0;0;1;0
3005;4434;0;;68;3174;;9.2.2026 00:00:00;"O";"starsza woüna";9.3.2026 12:32:48;0;;0;;0;;0;;0;;0;;;0;0;0;0;0;1;0;0;1;0
3006;4435;0;;30;3173;;4.3.2026 00:00:00;"O";"nauczyciel";9.3.2026 12:37:49;0;;0;;0;;0;;0;;0;;;0;0;0;0;0;1;0;0;1;0
3007;934;0;;11;3178;;5.2.2026 00:00:00;"O";"nauczyciel";9.3.2026 12:45:31;0;;0;;0;;0;;0;;0;;;0;0;0;0;0;1;0;0;1;0
3008;287;0;;11;3179;;5.3.2026 00:00:00;"O";"dozorca";9.3.2026 12:50:56;0;;0;;0;;0;;0;;0;;;0;0;0;0;0;1;0;0;1;0
3009;4436;0;;226;3158;;24.2.2026 00:00:00;"O";"Pracownik ochrony bez broni";9.3.2026 13:02:58;0;;0;;0;;0;;0;;0;;;0;0;0;0;0;1;0;0;1;0
3010;4437;0;;2;3147;;5.3.2026 00:00:00;"K";"nauczyciel";9.3.2026 13:13:22;0;;0;;0;;0;;0;;0;;;0;0;0;0;0;1;0;0;1;0
3011;4438;0;;221;3157;;4.3.2026 00:00:00;"O";"m≥odszy redaktor";9.3.2026 13:17:11;0;;0;;0;;0;;0;;0;;;0;0;0;0;0;1;0;0;1;0
3012;4439;0;;66;3180;;2.3.2026 00:00:00;"K";"starszy dozorca";9.3.2026 14:40:55;0;"";0;"";0;"";0;"";0;"";0;;;0;0;0;0;0;1;0;0;1;0
3013;4440;0;;71;3172;;4.3.2026 00:00:00;"K";"nauczyciel";9.3.2026 14:39:40;0;"";0;"";0;"";0;"";0;"";0;;;0;0;0;0;0;1;0;0;1;0
3014;4441;0;;611;3162;;4.3.2026 00:00:00;"W";"opiekun osÛb starszych";9.3.2026 14:46:14;0;"";0;"";0;"";0;"";0;"";0;;;0;0;0;0;0;1;0;0;1;0
3015;4442;0;;622;3154;;9.3.2026 00:00:00;;"Fryzjerka";9.3.2026 14:53:24;0;;0;;0;;0;;0;;0;;;0;0;0;0;0;1;0;0;1;0
3016;4443;0;;622;3153;;9.3.2026 00:00:00;"W";"Fryzjerka";9.3.2026 15:11:58;0;;0;;0;;0;;0;;0;;;0;0;0;0;0;1;0;0;1;0
3017;4444;0;;622;3156;;9.3.2026 00:00:00;"W";"Fryzjerka";9.3.2026 15:17:23;0;;0;;0;;0;;0;;0;;;0;0;0;0;0;1;0;0;1;0
3018;4445;0;;622;3152;;9.3.2026 00:00:00;"W";"Fryzjerka";9.3.2026 15:20:41;0;;0;;0;;0;;0;;0;;;0;0;0;0;0;1;0;0;1;0
3019;4446;0;;627;3155;;9.3.2026 00:00:00;"W";"Fryzjerka";9.3.2026 15:27:00;0;;0;;0;;0;;0;;0;;;0;0;0;0;0;1;0;0;1;0
3020;4447;0;;622;3151;;9.3.2026 00:00:00;"W";"Manikurzystka";9.3.2026 15:31:18;0;;0;;0;;0;;0;;0;;;0;0;0;0;0;1;0;0;1;0
3021;4448;0;;611;3165;;4.3.2026 00:00:00;"W";"opiekun osÛb starszych /opiekun medyczny";10.3.2026 09:41:51;0;;0;;0;;0;;0;;0;;;0;0;0;0;0;1;0;0;1;0
3022;4449;0;;12;3170;;;"O";"Konserwator";10.3.2026 09:53:43;0;;0;;0;;0;;0;;0;;;0;0;0;0;0;1;0;0;1;0
3023;4450;0;;611;3168;;4.3.2026 00:00:00;"W";"opiekun osÛb starszych /opiekun medyczny";10.3.2026 09:58:59;0;;0;;0;;0;;0;;0;;;0;0;0;0;0;1;0;0;1;0
3024;4451;0;;611;;;;;"";10.3.2026 10:15:42;0;;0;;0;;0;;0;;0;;;0;0;0;0;0;1;0;0;1;0
3025;4452;0;;61;3181;;9.3.2026 00:00:00;"W";"pomoc nauczyciela";10.3.2026 10:32:48;0;;0;;0;;0;;0;;0;;;0;0;0;0;0;1;0;0;1;0
3027;4030;0;;611;3160;;10.3.2026 00:00:00;"K";"opiekun osÛb starszych";10.3.2026 12:26:47;0;;0;;0;;0;;0;;0;;;0;0;0;0;0;1;0;0;1;0
3028;1393;0;;611;3167;;10.3.2026 00:00:00;"";"opiekun osÛb starszych/opiekun medyczny";10.3.2026 13:10:12;0;;0;;0;;0;;0;;0;;;0;0;0;0;0;1;0;0;1;0
3029;4454;0;;611;3161;;10.3.2026 00:00:00;"W";"opiekun osÛb starszych";10.3.2026 13:38:17;0;;0;;0;;0;;0;;0;;;0;0;0;0;0;1;0;0;1;0
3030;4455;0;;622;3149;;9.3.2026 00:00:00;"W";"Fryzjerka";10.3.2026 14:10:37;0;"";0;"";0;"";0;"";0;"";0;;;0;0;0;0;0;1;0;0;1;0
3031;4457;0;;622;3148;;9.3.2026 00:00:00;"W";"Fryzjerka";10.3.2026 14:22:30;0;;0;;0;;0;;0;;0;;;0;0;0;0;0;1;0;0;1;0
3032;4458;0;;622;3150;;9.3.2026 00:00:00;"W";"Fryzjerka";10.3.2026 14:29:41;0;;0;;0;;0;;0;;0;;;0;0;0;0;0;1;0;0;1;0
3033;4459;0;;49;3146;;19.2.2026 00:00:00;"O";"wychowawca w internacie";10.3.2026 14:37:25;0;;0;;0;;0;;0;;0;;;0;0;0;0;0;1;0;0;1;0
3034;4460;0;;10;3144;;3.3.2026 00:00:00;"W";"nauczyciel psycholog";11.3.2026 09:45:06;0;;0;;0;;0;;0;;0;;;0;0;0;0;0;1;0;0;1;0
3035;3749;0;;42;3143;;11.3.2026 00:00:00;"O";"starszy referent";11.3.2026 11:35:14;0;;0;;0;;0;;0;;0;;;0;0;0;0;0;1;0;0;1;0
3036;4453;0;;71;3141;;10.3.2026 00:00:00;"W";"Kucharz";11.3.2026 12:53:56;0;;0;;0;;0;;0;;0;;;0;0;0;0;0;1;0;0;1;0
3037;4461;0;;122;3145;;21.1.2026 00:00:00;"O";"nauczyciel";11.3.2026 13:38:42;0;;0;;0;;0;;0;;0;;;0;0;0;0;0;1;0;0;1;0
3038;4462;0;;10;3183;;17.12.2025 00:00:00;"O";"nauczyciel";12.3.2026 11:36:05;0;;0;;0;;0;;0;;0;;;0;0;0;0;0;1;0;0;1;0
3039;386;0;;10;3184;;30.12.2025 00:00:00;"O";"nauczyciel";12.3.2026 11:38:25;0;;0;;0;;0;;0;;0;;;0;0;0;0;0;1;0;0;1;0
3040;4463;0;;10;3185;;10.2.2026 00:00:00;"O";;12.3.2026 11:43:17;0;;0;;0;;0;;0;;0;;;0;0;0;0;0;1;0;0;1;0
3041;380;0;;10;3186;;;"O";"pomoc admiistracyjna";12.3.2026 11:46:19;0;;0;;0;;0;;0;;0;;;0;0;0;0;0;1;0;0;1;0
3042;4464;0;;18;3187;;25.11.2025 00:00:00;;"";12.3.2026 12:04:32;0;;0;;0;;0;;0;;0;;;0;0;0;0;0;1;0;0;1;0
3043;2136;0;;18;3188;;25.11.2025 00:00:00;"O";"";12.3.2026 12:06:12;0;;0;;0;;0;;0;;0;;;0;0;0;0;0;1;0;0;1;0
3044;2145;0;;18;3189;;26.11.2026 00:00:00;"O";"";12.3.2026 12:07:39;0;;0;;0;;0;;0;;0;;;0;0;0;0;0;1;0;0;1;0
3045;4465;0;;18;3190;;17.11.2025 00:00:00;"K";"pomoc kuchenna";12.3.2026 12:14:47;0;;0;;0;;0;;0;;0;;;0;0;0;0;0;1;0;0;1;0
3046;2156;0;;18;3191;;2.12.2025 00:00:00;"O";"";12.3.2026 12:17:28;0;;0;;0;;0;;0;;0;;;0;0;0;0;0;1;0;0;1;0
3047;4466;0;;18;3263;;16.3.2026 00:00:00;"W";"pomoc kuchenna";16.3.2026 11:45:17;0;;0;;0;;0;;0;;0;;;0;0;0;0;0;1;0;0;1;0
3048;4467;0;;49;3260;;12.3.2026 00:00:00;"O";"kucharka";16.3.2026 11:51:48;0;;0;;0;;0;;0;;0;;;0;0;0;0;0;1;0;0;1;0
3049;4468;0;;628;3192;;2.3.2026 00:00:00;"W";"sprzπtaczka";16.3.2026 12:32:27;0;;0;;0;;0;;0;;0;;;0;0;0;0;0;1;0;0;1;0
3051;4469;0;;31;3208;;17.3.2026 00:00:00;"";"nauczyciel-pedagog";;0;;0;;0;;0;;0;;0;;;0;0;0;0;0;0;0;0;1;0
3052;4470;0;;58;3214;;17.3.2026 00:00:00;"O";"starsza woüna";;0;;0;;0;;0;;0;;0;;;0;0;0;0;0;0;0;0;1;0
3053;4471;0;;9;3212;;17.3.2026 00:00:00;"";"woüna";;0;;0;;0;;0;;0;;0;;;0;0;0;0;0;0;0;0;1;0
3054;4472;0;;72;3216;;17.3.2026 00:00:00;"";"opiekun dzieci i m≥odzieøy w czasie przejúcia przez jezdniÍ";;0;;0;;0;;0;;0;;0;;;0;0;0;0;0;0;0;0;1;0
3055;4473;0;;581;3203;;17.3.2026 00:00:00;"O";"OPIEKUN OS”B W STARSZYM WIEKU ñ us≥ugi opiekuÒcze ";;0;;0;;0;;0;;0;;0;;;0;0;0;0;0;0;0;0;1;0
3056;4474;0;;122;3211;;17.3.2026 00:00:00;"O";"nauczyciel";;0;;0;;0;;0;;0;;0;;;0;0;0;0;0;0;0;0;1;0
3057;4475;0;;42;3217;;17.3.2026 00:00:00;"W";"nauczyciel";;0;;0;;0;;0;;0;;0;;;0;0;0;0;0;0;0;0;1;0
3058;4476;0;;611;3207;;13.3.2026 00:00:00;"W";"opiekun osÛb starszych /opiekun medyczny";16.3.2026 13:47:32;0;;0;;0;;0;;0;;0;;;0;0;0;0;0;1;0;0;1;0
3059;4477;0;;581;3202;;17.3.2026 00:00:00;"";"opiekun osÛb w starszym wieku ";;0;;0;;0;;0;;0;;0;;;0;0;0;0;0;0;0;0;1;0
3060;4478;0;;618;3195;;16.3.2026 00:00:00;"W";"Fryzjerka";16.3.2026 14:01:51;0;;0;;0;;0;;0;;0;;;0;0;0;0;0;1;0;0;1;0
3061;4479;0;;622;3580;;16.3.2026 00:00:00;"W";"Fryzjerka";16.3.2026 14:05:07;0;;0;;0;;0;;0;;0;;;0;0;0;0;0;1;0;0;1;0
3062;4480;0;;622;3194;;16.3.2026 00:00:00;"W";"Fryzjerka";16.3.2026 14:12:39;0;;0;;0;;0;;0;;0;;;0;0;0;0;0;1;0;0;1;0
3063;4481;0;;622;3193;;16.3.2026 00:00:00;"W";"Fryzjerka";16.3.2026 14:15:40;0;;0;;0;;0;;0;;0;;;0;0;0;0;0;1;0;0;1;0
3064;4482;0;;629;3201;;16.3.2026 00:00:00;"W";"Fryzjerka";18.3.2026 11:58:27;0;"";0;"";0;"";0;"";0;"";0;;;0;0;0;0;0;1;0;0;1;0
3065;4483;0;;629;3199;;16.3.2026 00:00:00;"W";"Fryzjerka";16.3.2026 14:27:44;0;;0;;0;;0;;0;;0;;;0;0;0;0;0;1;0;0;1;0
3066;4484;0;;622;3608;;16.3.2026 00:00:00;"W";"Fryzjerka";26.5.2026 12:10:37;0;"";0;"";0;"";0;"";0;"";0;;;0;0;0;0;0;1;0;0;1;0
3067;4485;0;;618;3196;;16.3.2026 00:00:00;"W";"Fryzjerka";16.3.2026 14:33:58;0;;0;;0;;0;;0;;0;;;0;0;0;0;0;1;0;0;1;0
3068;4486;0;;629;3200;;16.3.2026 00:00:00;"W";"Recepcjonistka";16.3.2026 14:37:16;0;;0;;0;;0;;0;;0;;;0;0;0;0;0;1;0;0;1;0
3069;4487;0;;226;3225;;18.3.2026 00:00:00;"O";"Pracownik ochrony bez broni";;0;;0;;0;;0;;0;;0;;;0;0;0;0;0;0;0;0;1;0
3070;3816;0;;65;3427;;4.5.2026 00:00:00;"K";"nauczyciel - psycholog";16.3.2026 14:48:18;0;;0;;0;;0;;0;;0;;;0;0;0;0;0;1;0;0;1;0
3071;4488;0;;66;3223;;18.3.2026 00:00:00;"O";"starszy kucharz";;0;;0;;0;;0;;0;;0;;;0;0;0;0;0;0;0;0;1;0
3072;4489;0;;606;3215;;2.3.2026 00:00:00;"O";"starszy robotnik";17.3.2026 09:41:20;0;;0;;0;;0;;0;;0;;;0;0;0;0;0;1;0;0;1;0
3073;4490;0;;31;3209;;13.3.2026 00:00:00;"K";"starsza woü?na";17.3.2026 09:49:06;0;;0;;0;;0;;0;;0;;;0;0;0;0;0;1;0;0;1;0
3074;4491;0;;611;3204;;12.3.2026 00:00:00;"K";"opiekun osÛb starszych /opiekun medyczny";17.3.2026 10:31:03;0;;0;;0;;0;;0;;0;;;0;0;0;0;0;1;0;0;1;0
3075;4492;0;;611;3206;;17.3.2026 00:00:00;"W";"opiekun osÛb starszych /opiekun medyczny";17.3.2026 10:35:46;0;;0;;0;;0;;0;;0;;;0;0;0;0;0;1;0;0;1;0
3076;4493;0;;127;3218;;18.3.2026 00:00:00;"O";"elektryk-konserwator";;0;;0;;0;;0;;0;;0;;;0;0;0;0;0;0;0;0;1;0
3077;4494;0;;27;3219;;17.3.2026 00:00:00;"O";"nauczyciel dodatkowy wspÛ≥organizujπcy proces nauczania do ucznia z orzeczeniem";17.3.2026 12:38:35;0;"";0;"";0;"";0;"";0;"";0;;;0;0;0;0;0;1;0;0;1;0
3078;4495;0;;121;3302;;17.3.2026 00:00:00;"O";"kierownik gospodarczy";25.3.2026 13:42:37;0;"";0;"";0;"";0;"";0;"";0;;;0;0;0;0;0;1;0;0;1;0
3079;3583;0;;5;3213;;17.3.2026 00:00:00;"K";"pedagog-psycholog";;0;;0;;0;;0;;0;;0;;;0;0;0;0;0;0;0;0;1;0
3080;2757;0;;42;3221;;18.3.2026 00:00:00;"K";"Starszy szatniarz";;0;;0;;0;;0;;0;;0;;;0;0;0;0;0;0;0;0;1;0
3081;4496;0;;581;3248;;16.3.2026 00:00:00;"W";"OPIEKUN OS”B W STARSZYM WIEKU ñ us≥ugi opiekuÒcze specjalistyczne ";18.3.2026 09:43:31;0;;0;;0;;0;;0;;0;;;0;0;0;0;0;1;0;0;1;0
3082;4497;0;;74;3222;;20.3.2026 00:00:00;"W";"wychowawca w  úwietlicy";18.3.2026 09:54:59;0;;0;;0;;0;;0;;0;;;0;0;0;0;0;1;0;0;1;0
3083;4498;0;;3;3256;;17.3.2026 00:00:00;"O";"starsza woüna";18.3.2026 10:10:11;0;;0;;0;;0;;0;;0;;;0;0;0;0;0;1;0;0;1;0
3084;4499;0;;42;3220;;12.3.2026 00:00:00;"W";"starszy portier";18.3.2026 11:03:27;0;;0;;0;;0;;0;;0;;;0;0;0;0;0;1;0;0;1;0
3085;4500;0;;630;3224;;12.3.2026 00:00:00;"K";"nauczyciel w úwietlicy szkolnej";18.3.2026 11:32:47;0;;0;;0;;0;;0;;0;;;0;0;0;0;0;1;0;0;1;0
3086;4501;0;;611;3205;;17.3.2026 00:00:00;"W";"opiekun osÛb starszych/opiekun medyczny";18.3.2026 11:41:28;0;"";0;"";0;"";0;"";0;"";0;;;0;0;0;0;0;1;0;0;1;0
3087;4502;0;;629;3198;;16.3.2026 00:00:00;"W";"Fryzjerka";18.3.2026 12:10:59;0;;0;;0;;0;;0;;0;;;0;0;0;0;0;1;0;0;1;0
3088;4503;0;;629;3197;;16.3.2026 00:00:00;"W";"Fryzjerka";18.3.2026 12:14:25;0;;0;;0;;0;;0;;0;;;0;0;0;0;0;1;0;0;1;0
3089;4504;0;;452;3266;;23.3.2026 00:00:00;"W";"ksiegowa";18.3.2026 12:53:38;0;;0;;0;;0;;0;;0;;;0;0;0;0;0;1;0;0;1;0
3090;4505;0;;631;3226;;2.3.2026 00:00:00;"W";"pracownik obs≥ugi biurowej";18.3.2026 13:21:06;0;;0;;0;;0;;0;;0;;;0;0;0;0;0;1;0;0;1;0
3091;4506;0;;27;3210;;1.3.2026 00:00:00;"K";"woüna";19.3.2026 11:19:50;0;;0;;0;;0;;0;;0;;;0;0;0;0;0;1;0;0;1;0
3092;4507;0;;9;3227;1022;11.11.2025 00:00:00;;;19.3.2026 13:25:41;0;;0;;0;;0;;0;;0;;;0;0;0;0;0;1;0;0;1;0
3093;4508;0;;9;3228;1022;11.11.2025 00:00:00;;;19.3.2026 13:25:41;0;;0;;0;;0;;0;;0;;;0;0;0;0;0;1;0;0;1;0
3094;4509;0;;9;3229;1022;19.11.2025 00:00:00;;;19.3.2026 13:25:41;0;;0;;0;;0;;0;;0;;;0;0;0;0;0;1;0;0;1;0
3095;4510;0;;9;3230;1022;19.11.2025 00:00:00;;;19.3.2026 13:25:41;0;;0;;0;;0;;0;;0;;;0;0;0;0;0;1;0;0;1;0
3096;4511;0;;9;3231;1022;19.11.2025 00:00:00;;;19.3.2026 13:25:41;0;;0;;0;;0;;0;;0;;;0;0;0;0;0;1;0;0;1;0
3097;4512;0;;9;3232;1022;19.11.2025 00:00:00;;;19.3.2026 13:25:41;0;;0;;0;;0;;0;;0;;;0;0;0;0;0;1;0;0;1;0
3098;4513;0;;9;3233;1022;9.12.2025 00:00:00;;;19.3.2026 13:25:41;0;;0;;0;;0;;0;;0;;;0;0;0;0;0;1;0;0;1;0
3099;3599;0;;9;3234;1022;16.12.2025 00:00:00;;;19.3.2026 13:25:41;0;;0;;0;;0;;0;;0;;;0;0;0;0;0;1;0;0;1;0
3100;4514;0;;31;3261;;5.3.2026 00:00:00;"W";"sekretarka";23.3.2026 11:36:23;0;;0;;0;;0;;0;;0;;;0;0;0;0;0;1;0;0;1;0
3101;4515;0;;288;3269;;20.3.2026 00:00:00;"W";"instruktor kulturalno oúwiatowy";;0;;0;;0;;0;;0;;0;;;0;0;0;0;0;0;0;0;1;0
3102;3823;0;;66;3257;;13.3.2026 00:00:00;"W";"starsa woüna";23.3.2026 11:52:40;0;;0;;0;;0;;0;;0;;;0;0;0;0;0;1;0;0;1;0
3103;4516;0;;115;3264;;16.3.2026 00:00:00;"K";"nauczyciel";23.3.2026 12:21:37;0;;0;;0;;0;;0;;0;;;0;0;0;0;0;1;0;0;1;0
3104;1739;0;;5;3262;;16.3.2026 00:00:00;"K";"nauczyciel przedmiotÛw zawodowych,wicedyrektor";23.3.2026 12:34:43;0;;0;;0;;0;;0;;0;;;0;0;0;0;0;1;0;0;1;0
3105;4517;0;;57;3259;;11.3.2026 00:00:00;"O";"wicedyrektor, nauczyciel";23.3.2026 12:42:53;0;;0;;0;;0;;0;;0;;;0;0;0;0;0;1;0;0;1;0
3106;2121;0;;18;3253;;13.3.2026 00:00:00;"O";"nauczyciel";23.3.2026 12:51:37;0;;0;;0;;0;;0;;0;;;0;0;0;0;0;1;0;0;1;0
3107;4518;0;;611;;;;"W";"opiekun osÛb starszych /opiekun medyczny";23.3.2026 13:10:46;0;;0;;0;;0;;0;;0;;;0;0;0;0;0;1;0;0;1;0
3108;4519;0;;30;3251;;6.3.2026 00:00:00;"W";"starszy dozorca";26.3.2026 10:53:01;0;"";0;"";0;"";0;"";0;"";0;;;0;0;1;0;0;1;0;0;1;0
3109;4520;0;;632;3265;;20.3.2026 00:00:00;"W";"portier";23.3.2026 13:51:24;0;;0;;0;;0;;0;;0;;;0;0;0;0;0;1;0;0;1;0
3110;4521;0;;629;3237;;23.3.2026 00:00:00;"W";"Fryzjerka";23.3.2026 14:05:18;0;;0;;0;;0;;0;;0;;;0;0;0;0;0;1;0;0;1;0
3111;4522;0;;629;3236;;23.3.2026 00:00:00;"W";"Fryzjerka";23.3.2026 14:09:52;0;;0;;0;;0;;0;;0;;;0;0;0;0;0;1;0;0;1;0
3112;4523;0;;629;3238;;23.3.2026 00:00:00;"W";"Fryzjerka";23.3.2026 14:13:45;0;;0;;0;;0;;0;;0;;;0;0;0;0;0;1;0;0;1;0
3113;4524;0;;74;3258;;23.3.2026 00:00:00;"O";"nauczyciel";23.3.2026 14:29:18;0;;0;;0;;0;;0;;0;;;0;0;0;0;0;1;0;0;1;0
3114;4525;0;;74;3249;;23.3.2026 00:00:00;"O";"nauczyciel dla dziecka z orzeczeniem o potrzebie kszta≥cenia specjalnego";23.3.2026 14:34:08;0;;0;;0;;0;;0;;0;;;0;0;0;0;0;1;0;0;1;0
3115;4526;0;;74;3250;;23.3.2026 00:00:00;"O";"pomoc kuchenna";23.3.2026 14:37:27;0;;0;;0;;0;;0;;0;;;0;0;0;0;0;1;0;0;1;0
3116;4527;0;;173;3267;;24.3.2026 00:00:00;"O";"w≥aúciciel sklepu";24.3.2026 10:51:29;0;;0;;0;;0;;0;;0;;;0;0;0;0;0;1;0;0;1;0
3117;4528;0;;622;3244;;23.3.2026 00:00:00;"W";"Fryzjerka";24.3.2026 11:24:45;0;;0;;0;;0;;0;;0;;;0;0;0;0;0;1;0;0;1;0
3118;4529;0;;629;3242;;24.3.2026 00:00:00;"W";"Manikurzystka";24.3.2026 12:00:27;0;;0;;0;;0;;0;;0;;;0;0;0;0;0;1;0;0;1;0
3119;4530;0;;629;3243;;24.3.2026 00:00:00;"W";"Fryzjerka";24.3.2026 12:04:02;0;;0;;0;;0;;0;;0;;;0;0;0;0;0;1;0;0;1;0
3120;4531;0;;629;3241;;24.3.2026 00:00:00;"W";"Fryzjerka";24.3.2026 12:08:00;0;;0;;0;;0;;0;;0;;;0;0;0;0;0;1;0;0;1;0
3121;4532;0;;629;3240;;24.3.2026 00:00:00;"W";"Manikurzystka";24.3.2026 12:14:20;0;;0;;0;;0;;0;;0;;;0;0;0;0;0;1;0;0;1;0
3122;4533;0;;629;3239;;24.3.2026 00:00:00;"W";"Fryzjerka";24.3.2026 12:31:16;0;;0;;0;;0;;0;;0;;;0;0;0;0;0;1;0;0;1;0
3123;4534;0;;633;3245;;24.3.2026 00:00:00;"W";"Fryzjerka";24.3.2026 12:38:36;0;;0;;0;;0;;0;;0;;;0;0;0;0;0;1;0;0;1;0
3124;4535;0;;619;3247;;24.3.2026 00:00:00;"W";"magazynier";24.3.2026 13:43:25;0;;0;;0;;0;;0;;0;;;0;0;0;0;0;1;0;0;1;0
3125;4536;0;;51;3295;;24.3.2026 00:00:00;"K";"pedagog";25.3.2026 09:40:56;0;;0;;0;;0;;0;;0;;;0;0;0;0;0;1;0;0;1;0
3126;4537;0;;19;3404;;24.3.2026 00:00:00;"K";"pedagog";25.3.2026 09:51:03;0;;0;;0;;0;;0;;0;;;0;0;0;0;0;1;0;0;1;0
3127;1262;0;;56;3252;;10.3.2026 00:00:00;"O";"starszy konserwator";25.3.2026 10:27:19;0;;0;;0;;0;;0;;0;;;0;0;0;0;0;1;0;0;1;0
3128;4538;0;;10;3285;;19.3.2026 00:00:00;"O";"nauczyciel";25.3.2026 12:07:25;0;;0;;0;;0;;0;;0;;;0;0;0;0;0;1;0;0;1;0
3129;4539;0;;35;3255;;24.3.2026 00:00:00;"W";"starszy dozorca";26.3.2026 11:00:03;0;"";0;"";0;"";0;"";1;"praca na wysokoúci";0;;;0;0;1;0;0;1;0;0;1;0
3130;4540;0;;634;3235;;4.3.2026 00:00:00;"W";"";25.3.2026 22:14:32;0;;0;;0;;0;;0;;0;;;0;0;0;0;0;1;0;0;1;0
3132;4542;0;;288;3268;1621;10.12.2025 00:00:00;"F";;27.3.2026 12:06:30;0;;0;;0;;0;;0;;0;;;0;0;1;0;0;1;0;0;1;0
3133;4543;0;;2;3270;;12.12.2025 00:00:00;"O";"";27.3.2026 12:32:18;0;;0;;0;;0;;0;;0;;;0;0;0;0;0;1;0;0;1;0
3134;4544;0;;2;3271;;12.12.2025 00:00:00;"W";"nauczyciel";27.3.2026 12:42:45;0;;0;;0;;0;;0;;0;;;0;0;0;0;0;1;0;0;1;0
3135;4437;0;;2;3272;;19.12.2025 00:00:00;"O";"nauczyciel";27.3.2026 12:48:08;0;;0;;0;;0;;0;;0;;;0;0;0;0;0;1;0;0;1;0
3137;1260;0;;56;3304;;23.3.2026 00:00:00;"K";"nauczyciel";30.3.2026 11:50:51;0;;0;;0;;0;;0;;0;;;0;0;0;0;0;1;0;0;1;0
3138;4546;0;;20;3301;;26.3.2026 00:00:00;"O";"starsza woüna";30.3.2026 12:05:31;0;;0;;0;;0;;0;;0;;;0;0;0;0;0;1;0;0;1;0
3139;4547;0;;22;3305;;26.3.2026 00:00:00;"W";"szatniarz";30.3.2026 12:13:29;0;;0;;0;;0;;0;;0;;;0;0;0;0;0;1;0;0;1;0
3140;4548;0;;611;3299;;26.3.2026 00:00:00;"W";"opiekun osÛb w starszym wieku ";30.3.2026 12:18:12;0;;0;;0;;0;;0;;0;;;0;0;0;0;0;1;0;0;1;0
3141;4549;0;;611;3334;;27.3.2026 00:00:00;"W";"koordynator us≥ug opiekuÒczych";8.4.2026 10:12:49;0;"";0;"";0;"";0;"";0;"";0;;;0;0;0;0;0;1;0;0;1;0
3142;4550;0;;581;3298;;27.3.2026 00:00:00;"W";"OPIEKUN OS”B W STARSZYM WIEKU ñ us≥ugi opiekuÒcze ";30.3.2026 12:37:07;0;;0;;0;;0;;0;;0;;;0;0;0;0;0;1;0;0;1;0
3143;1701;0;;30;3306;;4.3.2026 00:00:00;"O";"nauczyciel";30.3.2026 13:12:24;0;;0;;0;;0;;0;;0;;;0;0;0;0;0;1;0;0;1;0
3144;4551;0;;313;3287;;20.3.2026 00:00:00;"W";"sprzπtaczka";30.3.2026 13:18:39;0;;0;;0;;0;;0;;0;;;0;0;0;0;0;1;0;0;1;0
3147;4553;0;;64;3308;;31.3.2026 00:00:00;"W";"logopeda";30.3.2026 14:09:31;0;;0;;0;;0;;0;;0;;;0;0;1;0;0;1;0;0;1;0
3148;4554;0;;636;3357;;30.3.2026 00:00:00;"W";"Manikurzystka";30.3.2026 14:31:43;0;;0;;0;;0;;0;;0;;;0;0;0;0;0;1;0;0;1;0
3149;4555;0;;636;3359;;30.3.2026 00:00:00;"W";"Fryzjerka";30.3.2026 14:37:26;0;;0;;0;;0;;0;;0;;;0;0;0;0;0;1;0;0;1;0
3150;4556;0;;636;3360;;30.3.2026 00:00:00;"W";"Fryzjerka";14.4.2026 11:00:43;0;"";0;"";0;"";0;"";0;"";0;;;0;0;0;0;0;1;0;0;1;0
3151;4557;0;;633;3358;;30.3.2026 00:00:00;"W";"fryzjerka";30.3.2026 14:53:36;0;;0;;0;;0;;0;;0;;;0;0;0;0;0;1;0;0;1;0
3152;4558;0;;636;3364;;30.3.2026 00:00:00;"W";"Fryzjerka";15.4.2026 14:15:25;0;"";0;"";0;"";0;"";0;"";0;;;0;0;0;0;0;1;0;0;1;0
3153;4559;0;;633;3281;;30.3.2026 00:00:00;"W";"Fryzjerka";30.3.2026 15:18:33;0;;0;;0;;0;;0;;0;;;0;0;0;0;0;1;0;0;1;0
3154;4560;0;;633;3278;;30.3.2026 00:00:00;"W";"Fryzjerka";30.3.2026 15:24:44;0;;0;;0;;0;;0;;0;;;0;0;0;0;0;1;0;0;1;0
3155;4561;0;;633;3280;;30.3.2026 00:00:00;"W";"Fryzjerka";30.3.2026 15:29:26;0;;0;;0;;0;;0;;0;;;0;0;0;0;0;1;0;0;1;0
3156;4562;0;;633;3279;;30.3.2026 00:00:00;"W";"Fryzjerka";30.3.2026 15:33:33;0;;0;;0;;0;;0;;0;;;0;0;0;0;0;1;0;0;1;0
3157;4563;0;;636;3316;;28.3.2026 00:00:00;"W";"Fryzjerka";31.3.2026 09:40:23;0;;0;;0;;0;;0;;0;;;0;0;0;0;0;1;0;0;1;0
3158;4564;0;;633;3319;;28.3.2026 00:00:00;"W";"Fryzjerka";31.3.2026 09:53:04;0;;0;;0;;0;;0;;0;;;0;0;0;0;0;1;0;0;1;0
3159;4565;0;;636;3289;;28.3.2026 00:00:00;"W";"Fryzjerka";31.3.2026 10:02:39;0;;0;;0;;0;;0;;0;;;0;0;0;0;0;1;0;0;1;0
3160;4566;0;;636;3293;;28.3.2026 00:00:00;"W";"Fryzjerka";31.3.2026 10:07:17;0;;0;;0;;0;;0;;0;;;0;0;0;0;0;1;0;0;1;0
3161;4567;0;;629;3292;;28.3.2026 00:00:00;"W";"Fryzjerka";31.3.2026 10:13:51;0;;0;;0;;0;;0;;0;;;0;0;0;0;0;1;0;0;1;0
3162;4568;0;;636;3291;;28.3.2026 00:00:00;"W";"Fryzjerka";31.3.2026 10:23:14;0;;0;;0;;0;;0;;0;;;0;0;0;0;0;1;0;0;1;0
3163;4569;0;;629;3290;;28.3.2026 00:00:00;"W";"Manikurzystka";31.3.2026 10:36:13;0;;0;;0;;0;;0;;0;;;0;0;0;0;0;1;0;0;1;0
3164;4570;0;;636;3294;;28.3.2026 00:00:00;"W";"Fryzjerka";31.3.2026 10:50:55;0;;0;;0;;0;;0;;0;;;0;0;0;0;0;1;0;0;1;0
3165;4571;0;;611;3300;;24.3.2026 00:00:00;"W";"opiekun osÛb starszych/opiekun medyczny";31.3.2026 10:55:02;0;;0;;0;;0;;0;;0;;;0;0;0;0;0;1;0;0;1;0
3166;4572;0;;581;3296;;31.3.2026 00:00:00;"W";"OPIEKUN OS”B W STARSZYM WIEKU ñ us≥ugi opiekuÒcze ";31.3.2026 11:38:29;0;;0;;0;;0;;0;;0;;;0;0;0;0;0;1;0;0;1;0
3167;4573;0;;613;3297;;31.3.2026 00:00:00;"O";"opiekun osÛb w starszym wieku ";1.4.2026 09:32:30;0;"";0;"";0;"";0;"";0;"";0;;;0;0;0;0;0;1;0;0;1;0
3169;4574;0;;633;3288;;31.3.2026 00:00:00;"W";"Fryzjerka";31.3.2026 12:58:11;0;;0;;0;;0;;0;;0;;;0;0;0;0;0;1;0;0;1;0
3170;4575;0;;633;3277;;31.3.2026 00:00:00;"W";"Fryzjerka";31.3.2026 13:11:34;0;;0;;0;;0;;0;;0;;;0;0;0;0;0;1;0;0;1;0
3172;4577;0;;9;3282;;31.3.2026 00:00:00;"K";"nauczyciel";31.3.2026 14:52:00;0;;0;;0;;0;;0;;0;;;0;0;0;0;0;1;0;0;1;0
3173;4578;0;;637;3273;;31.3.2026 00:00:00;"W";"portier";31.3.2026 14:56:00;0;;0;;0;;0;;0;;0;;;0;0;0;0;0;1;0;0;1;0
3174;4579;0;;42;3286;;27.3.2026 00:00:00;"O";"nauczyciel";1.4.2026 12:19:22;0;"";0;"";0;"";0;"";0;"";0;;;0;0;0;0;0;1;0;0;1;0
3176;4545;0;;113;3303;;26.3.2026 00:00:00;"O";"nauczyciel";1.4.2026 10:09:54;0;;0;;0;;0;;0;;0;;;0;0;0;0;0;1;0;0;1;0
3177;434;0;;35;3307;;31.3.2026 00:00:00;;"nauczyciel";1.4.2026 10:19:42;0;;0;;0;;0;;0;;0;;;0;1;0;0;0;1;0;0;1;0
3179;4580;0;;636;3317;;28.3.2026 00:00:00;"W";"Fryzjerka";1.4.2026 11:18:02;0;;0;;0;;0;;0;;0;;;0;0;0;0;0;1;0;0;1;0
3180;4576;0;;58;3276;;1.4.2026 00:00:00;"W";"pomoc nauczyciela dla dziecka z orzeczeniem o potrzebie kszta≥cenia specjalnego";1.4.2026 14:03:23;0;"";0;"";0;"";0;"";0;"";0;;;0;0;0;0;0;1;0;0;1;0
3181;4581;0;;581;3283;;1.4.2026 00:00:00;"W";"opiekun osÛb starszych";1.4.2026 12:01:17;0;;0;;0;;0;;0;;0;;;0;0;0;0;0;1;0;0;1;0
3182;1776;0;;613;3284;;30.3.2026 00:00:00;"W";"koordynator us≥ug opiekuÒczych";1.4.2026 13:05:41;0;"";0;"";0;"";0;"";0;"";0;;;0;0;0;0;0;1;0;0;1;0
3184;4583;0;;599;3275;;30.3.2026 00:00:00;"W";"sprzedawca ";1.4.2026 13:55:10;0;;0;;0;;0;;0;;0;;;0;0;0;0;0;1;0;0;1;0
3185;4584;0;;636;3322;;30.4.2026 00:00:00;"W";"Fryzjerka";1.4.2026 14:14:06;0;;0;;0;;0;;0;;0;;;0;0;0;0;0;1;0;0;1;0
3186;4585;0;;633;3321;;30.3.2026 00:00:00;"W";"Fryzjerka";1.4.2026 14:22:49;0;;0;;0;;0;;0;;0;;;0;0;0;0;0;1;0;0;1;0
3187;4586;0;;636;3320;;30.3.2026 00:00:00;"W";"Fryzjerka";8.4.2026 12:23:57;0;"";0;"";0;"";0;"";0;"";0;;;0;0;0;0;0;1;0;0;1;0
3188;4587;0;;633;3403;;30.3.2026 00:00:00;"W";"Fryzjerka";8.4.2026 11:36:37;0;"";0;"";0;"";0;"";0;"";0;;;0;0;0;0;0;1;0;0;1;0
3189;4588;0;;633;3323;;30.3.2026 00:00:00;"W";"Fryzjerka";1.4.2026 14:49:21;0;;0;;0;;0;;0;;0;;;0;0;0;0;0;1;0;0;1;0
3190;4589;0;;629;3324;;30.3.2026 00:00:00;"W";"Fryzjerka";8.4.2026 12:02:18;0;"";0;"";0;"";0;"";0;"";0;;;0;0;0;0;0;1;0;0;1;0
3191;4590;0;;618;3325;;30.3.2026 00:00:00;"W";"Manikurzystka";1.4.2026 15:09:40;0;;0;;0;;0;;0;;0;;;0;0;0;0;0;1;0;0;1;0
3192;4591;0;;633;3362;;30.3.2026 00:00:00;"W";"Fryzjerka";15.4.2026 13:40:11;0;"";0;"";0;"";0;"";0;"";0;;;0;0;0;0;0;1;0;0;1;0
3194;4592;0;;42;3341;;27.3.2026 00:00:00;"O";"nauczyciel";1.4.2026 15:47:50;0;;0;;0;;0;;0;;0;;;0;0;0;0;0;1;0;0;1;0
3195;4593;0;;33;3313;;7.3.2026 00:00:00;"K";"starsa szatniarka";7.4.2026 15:13:50;0;"";0;"";0;"";0;"";0;"";0;;;0;0;0;0;0;0;0;0;1;0
3196;4594;0;;24;3315;;7.4.2026 00:00:00;"K";"nauczyciel wspÛ≥organizujπcy kszta≥cenie";1.4.2026 16:42:03;0;;0;;0;;0;;0;;0;;;0;0;0;0;0;1;0;0;1;0
3197;1090;0;;75;3312;;1.4.2026 00:00:00;"K";"starsza woüna";1.4.2026 16:56:14;0;;0;;0;;0;;0;;0;;;0;0;0;0;0;1;0;0;1;0
3198;2201;0;;74;3314;;3.4.2026 00:00:00;"K";"nauczyciel, wychowawca w úwietlicy";7.4.2026 09:26:39;0;;0;;0;;0;;0;;0;;;0;0;0;0;0;1;0;0;1;0
3199;4595;0;;338;3326;;31.3.2026 00:00:00;"W";"handlowiec";7.4.2026 09:35:39;1;;0;;0;;0;;0;;0;;;0;0;0;0;0;1;0;0;1;0
3200;4596;0;;638;3274;;27.2.2026 00:00:00;"W";"pracownik biurowy";7.4.2026 09:49:25;0;;0;;0;;0;;0;;0;;;0;0;0;0;0;1;0;0;1;0
3201;4597;0;;314;3328;;7.4.2026 00:00:00;"O";"monter instalacji sanitarnych";7.4.2026 10:05:14;0;;0;;0;;0;;0;;0;;;0;0;0;0;0;1;0;0;1;0
3202;3926;0;;611;3309;;30.3.2026 00:00:00;"O";"opiekun osÛb starszych/opiekun medyczny";7.4.2026 10:26:04;0;;0;;0;;0;;0;;0;;;0;0;0;0;0;1;0;0;1;0
3203;4598;0;;314;3329;;7.4.2026 00:00:00;"O";"monter instalacji sanitarnych";7.4.2026 10:33:21;0;;0;;0;;0;;0;;0;;;0;0;0;0;0;1;0;0;1;0
3204;4599;0;;314;3376;;7.4.2026 00:00:00;"O";"monter instalacji sanitarnych";7.4.2026 10:52:31;0;;0;;0;;0;;0;;0;;;0;0;0;0;0;1;0;0;1;0
3205;4600;0;;10;3340;;8.4.2026 00:00:00;"O";"nauczyciel";7.4.2026 11:37:21;0;;0;;0;;0;;0;;0;;;0;0;0;0;0;1;0;0;1;0
3206;4601;0;;611;3310;;30.3.2026 00:00:00;"O";"opiekun osÛb starszych /opiekun medyczny";7.4.2026 12:09:28;0;;0;;0;;0;;0;;0;;;0;0;0;0;0;1;0;0;1;0
3207;4602;0;;611;3311;;2.4.2026 00:00:00;"W";"opiekun osÛb starszych/opiekun medyczny";7.4.2026 12:41:39;0;;0;;0;;0;;0;;0;;;0;0;0;0;0;1;0;0;1;0
3208;4603;0;;633;3356;;3.4.2026 00:00:00;"W";"Fryzjerka";8.4.2026 09:39:07;0;;0;;0;;0;;0;;0;;;0;0;0;0;0;1;0;0;1;0
3209;4604;0;;3;3330;;8.4.2026 00:00:00;"K";"kucharz";8.4.2026 10:04:24;0;;0;;0;;0;;0;;0;;;0;0;0;0;0;1;0;0;1;0
3210;2466;0;;19;3332;;19.3.2026 00:00:00;"O";"psycholog";9.4.2026 11:25:04;0;"";0;"";0;"";0;"";0;"";0;;;0;0;0;0;0;1;0;0;1;0
3211;4605;0;;113;3338;;8.4.2026 00:00:00;"K";"starsza woü?na";8.4.2026 11:11:42;0;;0;;0;;0;;0;;0;;;0;0;0;0;0;1;0;0;1;0
3212;4606;0;;611;3333;;8.4.2026 00:00:00;"W";"opiekun osÛb starszych";8.4.2026 11:23:39;0;;0;;0;;0;;0;;0;;;0;0;0;0;0;1;0;0;1;0
3213;4607;0;;202;3327;;7.4.2026 00:00:00;"";"handlowiec";8.4.2026 11:41:28;0;;0;;0;;0;;0;;0;;;0;0;0;0;0;1;0;0;1;0
3214;2440;0;;127;3347;;9.4.2026 00:00:00;"K";"inspektor ds budowlanych";8.4.2026 12:40:31;0;"";0;"";0;"";0;"";0;"";0;;;0;0;0;0;0;1;0;0;1;0
3215;1419;0;;5;3331;;8.4.2026 00:00:00;"O";"sekretarz szko≥y";8.4.2026 12:31:06;0;;0;;0;;0;;0;;0;;;0;0;0;0;0;1;0;0;1;0
3216;2461;0;;127;3348;;8.4.2026 00:00:00;"K";"konserwator,ogrodnik";8.4.2026 13:20:51;0;"";0;"";0;"";0;"";0;"";0;;;0;0;0;0;0;1;0;0;1;0
3217;4608;0;;12;3336;;9.2.2026 00:00:00;"K";"wychowawca w  úwietlicy";8.4.2026 13:37:31;0;;0;;0;;0;;0;;0;;;0;0;0;0;0;1;0;0;1;0
3218;4609;0;;18;3355;;31.3.2026 00:00:00;"W";"Administrator systemÛw komputerowych";8.4.2026 13:51:55;0;;0;;0;;0;;0;;0;;;0;0;0;0;0;1;0;0;1;0
3219;4610;0;;49;3346;;8.4.2026 00:00:00;"K";"wychowawca w internacie";8.4.2026 14:36:35;0;;0;;0;;0;;0;;0;;;0;0;0;0;0;1;0;0;1;0
3220;4611;0;;231;3318;;31.3.2026 00:00:00;"W";"";9.4.2026 10:22:24;0;;0;;0;;0;;0;;0;;;0;0;0;0;0;1;0;0;1;0
3221;4612;0;;611;3335;;7.4.2026 00:00:00;"O";"";9.4.2026 11:51:10;0;;0;;0;;0;;0;;0;;;0;0;1;0;0;1;0;0;1;0
3223;4629;0;;71;3339;;10.4.2026 00:00:00;"O";"nauczyciel";13.4.2026 11:20:41;0;;0;;0;;0;;0;;0;;;0;0;0;0;0;1;0;0;1;0
3224;4017;0;;611;3353;;25.3.2026 00:00:00;"O";"opiekun osÛb starszych /medyczny";13.4.2026 11:33:43;0;;0;;0;;0;;0;;0;;;0;0;0;0;0;1;0;0;1;0
3225;2281;0;;27;3350;;9.4.2026 00:00:00;"K";"sekretarz szko≥y";13.4.2026 11:49:34;0;;0;;0;;0;;0;;0;;;0;0;0;0;0;1;0;0;1;0
3226;4630;0;;613;;;9.4.2026 00:00:00;"W";"OPIEKUN OS”B W STARSZYM WIEKU ñ us≥ugi opiekuÒcze ";13.4.2026 12:18:17;0;;0;;0;;0;;0;;0;;;0;0;0;0;0;1;0;0;1;0
3227;2394;0;;3;3373;;10.4.2026 00:00:00;"K";"starsza woü?na/pomoc nauczyciela";13.4.2026 12:39:30;0;;0;;0;;0;;0;;0;;;0;0;0;0;0;1;0;0;1;0
3228;4631;0;;74;3337;;10.4.2026 00:00:00;"O";"nauczyciel";13.4.2026 15:52:41;0;"";0;"";0;"";0;"";0;"";0;;;0;0;0;0;0;1;0;0;1;0
3229;4632;0;;27;3349;;10.4.2026 00:00:00;"W";"woüna";13.4.2026 13:44:43;0;;0;;0;;0;;0;;0;;;0;0;0;0;0;1;0;0;1;0
3230;4633;0;;611;;;9.4.2026 00:00:00;"W";"opiekun osÛb starszych";13.4.2026 14:06:12;0;;0;;0;;0;;0;;0;;;0;0;0;0;0;1;0;0;1;0
3231;4634;0;;24;3344;;13.4.2026 00:00:00;"O";"nauczyciel";13.4.2026 14:24:50;0;;0;;0;;0;;0;;0;;;0;0;0;0;0;1;0;0;1;0
3232;4499;0;;42;;;13.4.2026 00:00:00;;"starszy portier";13.4.2026 14:35:22;0;;0;;0;;0;;0;;0;;;0;0;1;0;0;1;0;0;1;0
3233;4635;0;;42;3342;;13.4.2026 00:00:00;"K";"nauczyciel";13.4.2026 14:46:46;0;;0;;0;;0;;0;;0;;;0;0;0;0;0;1;0;0;1;0
3234;2229;0;;24;3399;;13.4.2026 00:00:00;"O";"wicedyrektor, nauczyciel";13.4.2026 15:20:33;0;;0;;0;;0;;0;;0;;;0;0;0;0;0;1;0;0;1;0
3235;4636;0;;24;3345;;13.4.2026 00:00:00;"W";"nauczyciel";13.4.2026 15:31:44;0;;0;;0;;0;;0;;0;;;0;0;0;0;0;1;0;0;1;0
3236;4637;0;;611;3354;;13.4.2026 00:00:00;"W";"opiekun osÛb starszych";13.4.2026 15:43:14;0;;0;;0;;0;;0;;0;;;0;0;0;0;0;1;0;0;1;0
3237;4638;0;;581;3367;;13.4.2026 00:00:00;"W";"opiekun osÛb w starszym wieku ";13.4.2026 16:07:07;0;;0;;0;;0;;0;;0;;;0;0;0;0;0;1;0;0;1;0
3238;4639;0;;581;;;13.4.2026 00:00:00;"W";"opiekun osÛb starszych";13.4.2026 16:14:39;0;;0;;0;;0;;0;;0;;;0;0;0;0;0;1;0;0;1;0
3239;4640;0;;2;3369;;2.4.2026 00:00:00;"O";"nauczyciel";14.4.2026 10:24:45;0;;0;;0;;0;;0;;0;;;0;0;0;0;0;1;0;0;1;0
3240;4641;0;;2;3370;;2.4.2026 00:00:00;"O";"nauczyciel";14.4.2026 10:59:27;0;;0;;0;;0;;0;;0;;;0;0;0;0;0;1;0;0;1;0
3241;4642;0;;581;3351;;31.3.2026 00:00:00;"O";"opiekun osÛb starszych";14.4.2026 11:36:27;0;;0;;0;;0;;0;;0;;;0;0;0;0;0;1;0;0;1;0
3242;4643;0;;613;3352;;10.4.2026 00:00:00;"W";"opiekun osÛb w starszym wieku - specjalistyczne us≥ugi opiekuÒcze";14.4.2026 11:42:18;0;;0;;0;;0;;0;;0;;;0;0;0;0;0;1;0;0;1;0
3243;4644;0;;611;3368;;13.4.2026 00:00:00;"W";"opiekun osÛb starszych";14.4.2026 12:03:10;0;;0;;0;;0;;0;;0;;;0;0;0;0;0;1;0;0;1;0
3244;4645;0;;56;3343;;14.4.2026 00:00:00;"W";"woüna";14.4.2026 12:17:35;0;;0;;0;;0;;0;;0;;;0;0;1;0;0;1;0;0;1;0
3245;4646;0;;2;3371;;2.4.2026 00:00:00;"O";"nauczyciel";14.4.2026 12:52:43;0;;0;;0;;0;;0;;0;;;0;0;0;0;0;1;0;0;1;0
3246;4647;0;;61;3374;;14.4.2026 00:00:00;"K";"pomoc nauczyciela";14.4.2026 13:17:58;0;;0;;0;;0;;0;;0;;;0;0;0;0;0;1;0;0;1;0
3247;4648;0;;72;3375;;1.10.2025 00:00:00;"O";"nauczyciel";14.4.2026 13:56:02;0;;0;;0;;0;;0;;0;;;0;0;0;0;0;1;0;0;1;0
3248;4649;0;;619;3366;;13.4.2026 00:00:00;"W";"magazynier";15.4.2026 09:30:35;0;;0;;0;;0;;0;;0;;;0;0;0;0;0;1;0;0;1;0
3249;4650;0;;619;3365;;13.4.2026 00:00:00;"W";"Asystent Dzia≥u Obs≥ugi Klienta i Logistyki";15.4.2026 09:45:03;0;;0;;0;;0;;0;;0;;;0;0;0;0;0;1;0;0;1;0
3250;4651;0;;109;3386;;14.4.2026 00:00:00;"W";"Referentka ds uczniÛw";15.4.2026 10:27:13;0;;0;;0;;0;;0;;0;;;0;0;0;0;0;1;0;0;1;0
3251;4652;0;;121;3372;;30.3.2026 00:00:00;"K";"nauczyciel";15.4.2026 12:12:34;0;;0;;0;;0;;0;;0;;;0;0;0;0;0;1;0;0;1;0
3252;4653;0;;622;3361;;15.4.2026 00:00:00;"W";"Fryzjerka";15.4.2026 13:13:28;0;;0;;0;;0;;0;;0;;;0;0;0;0;0;1;0;0;1;0
3253;4654;0;;622;3363;;15.4.2026 00:00:00;"W";"Fryzjerka";15.4.2026 13:22:40;0;;0;;0;;0;;0;;0;;;0;0;0;0;0;1;0;0;1;0
3254;389;0;;10;3700;;5.5.2026 00:00:00;"O";"nauczyciel";16.4.2026 14:33:24;0;;0;;0;;0;;0;;0;;;0;0;0;0;0;1;0;0;1;0
3255;4613;0;;10;3537;;5.5.2026 00:00:00;"O";"nauczyciel";16.4.2026 14:39:30;0;;0;;0;;0;;0;;0;;;0;0;0;0;0;1;0;0;1;0
3256;4614;0;;10;3464;;5.5.2026 00:00:00;"O";"nauczyciel";16.4.2026 14:44:08;0;;0;;0;;0;;0;;0;;;0;0;1;0;0;1;0;0;1;0
3257;4615;0;;10;3536;;5.5.2026 00:00:00;"O";"nauczyciel";16.4.2026 14:46:36;0;;0;;0;;0;;0;;0;;;0;0;1;0;0;1;0;0;1;0
3258;4616;0;;10;3458;;5.5.2026 00:00:00;"O";"nauczyciel";16.4.2026 14:49:30;0;;0;;0;;0;;0;;0;;;0;0;0;0;0;1;0;0;1;0
3259;4617;0;;10;3701;;5.5.2026 00:00:00;"O";"nauczyciel";16.4.2026 14:51:55;0;;0;;0;;0;;0;;0;;;0;0;0;0;0;1;0;0;1;0
3260;4618;0;;10;3706;;5.5.2026 00:00:00;"O";"nauczyciel";16.4.2026 14:54:29;0;;0;;0;;0;;0;;0;;;0;0;1;0;0;1;0;0;1;0
3261;4619;0;;10;3455;;5.5.2026 00:00:00;"O";"nauczyciel";16.4.2026 14:55:40;0;;0;;0;;0;;0;;0;;;0;0;0;0;0;1;0;0;1;0
3262;4620;0;;10;3602;;5.5.2026 00:00:00;"O";"nauczyciel";16.4.2026 14:58:35;0;;0;;0;;0;;0;;0;;;0;0;0;0;0;1;0;0;1;0
3263;4621;0;;10;3540;;5.5.2026 00:00:00;"O";"";16.4.2026 15:00:28;0;;0;;0;;0;;0;;0;;;0;0;1;0;0;1;0;0;1;0
3264;4622;0;;10;3704;;5.5.2026 00:00:00;"O";"nauczyciel";16.4.2026 15:02:30;0;;0;;0;;0;;0;;0;;;0;0;1;0;0;1;0;0;1;0
3265;620;0;;10;3456;;5.5.2026 00:00:00;"O";"nauczyciel";16.4.2026 15:03:42;0;;0;;0;;0;;0;;0;;;0;0;0;0;0;1;0;0;1;0
3266;4623;0;;10;;;5.5.2026 00:00:00;"O";"nauczyciel";16.4.2026 15:06:02;0;;0;;0;;0;;0;;0;;;0;0;1;0;0;1;0;0;1;0
3267;4624;0;;10;3538;;5.5.2026 00:00:00;"O";"nauczyciel";16.4.2026 15:07:08;0;;0;;0;;0;;0;;0;;;0;0;1;0;0;1;0;0;1;0
3268;4625;0;;10;;;5.5.2026 00:00:00;"O";"nauczyciel";16.4.2026 15:08:49;0;;0;;0;;0;;0;;0;;;0;0;1;0;0;1;0;0;1;0
3269;4626;0;;10;3527;;5.5.2026 00:00:00;"O";"nauczyciel";16.4.2026 15:11:06;0;;0;;0;;0;;0;;0;;;0;0;1;0;0;1;0;0;1;0
3270;4627;0;;10;3598;;5.5.2026 00:00:00;"O";"nauczyciel";16.4.2026 15:12:00;0;;0;;0;;0;;0;;0;;;0;0;0;0;0;1;0;0;1;0
3271;4628;0;;10;3526;;5.5.2026 00:00:00;"O";"nauczyciel";16.4.2026 15:14:18;0;;0;;0;;0;;0;;0;;;0;0;1;0;0;1;0;0;1;0
3272;4655;0;;10;3703;;5.5.2026 00:00:00;"O";"nauczyciel";18.4.2026 10:08:00;0;;0;;0;;0;;0;;0;;;0;0;1;0;0;1;0;0;1;0
3273;4656;0;;10;3603;;5.5.2026 00:00:00;"O";"nauczyciel";18.4.2026 10:20:22;0;;0;;0;;0;;0;;0;;;0;0;0;0;0;1;0;0;1;0
3274;4657;0;;10;3546;;5.5.2026 00:00:00;"O";"nauczyciel";18.4.2026 10:25:19;0;;0;;0;;0;;0;;0;;;0;0;1;0;0;1;0;0;1;0
3275;4658;0;;10;3465;;5.5.2026 00:00:00;"O";"nauczyciel";18.4.2026 10:27:30;0;;0;;0;;0;;0;;0;;;0;0;1;0;0;1;0;0;1;0
3276;4659;0;;10;3597;;5.5.2026 00:00:00;"O";"nauczyciel";18.4.2026 10:30:55;0;;0;;0;;0;;0;;0;;;0;0;1;0;0;1;0;0;1;0
3277;4660;0;;10;3698;;5.5.2026 00:00:00;"O";"nauczyciel";18.4.2026 10:35:09;0;;0;;0;;0;;0;;0;;;0;0;0;0;0;1;0;0;1;0
3278;4661;0;;10;3605;;5.5.2026 00:00:00;"O";"nauczyciel";18.4.2026 10:40:08;0;;0;;0;;0;;0;;0;;;0;0;1;0;0;1;0;0;1;0
3279;4662;0;;10;3697;;5.5.2026 00:00:00;"O";"nauczyciel";18.4.2026 10:48:37;0;"";0;"";0;"";0;"";0;"";0;;;0;0;0;0;0;1;0;0;1;0
3280;4663;0;;10;3463;;5.5.2026 00:00:00;"O";"nauczyciel";18.4.2026 10:51:15;0;;0;;0;;0;;0;;0;;;0;0;1;0;0;1;0;0;1;0
3281;4664;0;;10;3381;;5.5.2026 00:00:00;"O";"nauczyciel";18.4.2026 10:54:15;0;;0;;0;;0;;0;;0;;;0;0;0;0;0;1;0;0;1;0
3282;728;0;;10;3699;;10.6.2026 00:00:00;"O";"nauczyciel";;0;;0;;0;;0;;0;;0;;;0;0;0;0;0;0;0;0;1;0
3283;717;0;;10;;;5.5.2026 00:00:00;"O";"nauczyciel - wicedyrektor";18.4.2026 11:01:58;0;;0;;0;;0;;0;;0;;;0;0;0;0;0;1;0;0;1;0
3284;4665;0;;10;3529;;5.5.2026 00:00:00;"O";"nauczyciel";18.4.2026 11:06:23;0;;0;;0;;0;;0;;0;;;0;0;0;0;0;1;0;0;1;0
3285;4666;0;;10;3543;;5.5.2026 00:00:00;"O";"nauczyciel";18.4.2026 11:09:28;0;;0;;0;;0;;0;;0;;;0;0;1;0;0;1;0;0;1;0
3286;4667;0;;10;3541;;5.5.2026 00:00:00;"O";"nauczyciel";18.4.2026 11:12:32;0;;0;;0;;0;;0;;0;;;0;0;1;0;0;1;0;0;1;0
3287;381;0;;10;3533;;5.5.2026 00:00:00;"O";"nauczyciel";18.4.2026 11:15:25;0;;0;;0;;0;;0;;0;;;0;0;0;0;0;1;0;0;1;0
3288;4668;0;;10;3471;;5.5.2026 00:00:00;"O";"nauczyciel";18.4.2026 11:19:16;0;;0;;0;;0;;0;;0;;;0;0;1;0;0;1;0;0;1;0
3289;386;0;;10;;;5.5.2026 00:00:00;"O";"nauczyciel";18.4.2026 11:22:02;0;;0;;0;;0;;0;;0;;;0;0;1;0;0;1;0;0;1;0
3290;4463;0;;10;3532;;5.5.2026 00:00:00;"O";"Dyrektor nauczyciel";18.4.2026 11:24:43;0;;0;;0;;0;;0;;0;;;0;0;0;0;0;1;0;0;1;0
3291;4669;0;;10;3525;;5.5.2026 00:00:00;"O";"nauczyciel";18.4.2026 11:29:20;0;;0;;0;;0;;0;;0;;;0;0;1;0;0;1;0;0;1;0
3292;4670;0;;10;3524;;5.5.2026 00:00:00;"O";"nauczyciel";18.4.2026 11:31:19;0;;0;;0;;0;;0;;0;;;0;0;1;0;0;1;0;0;1;0
3293;361;0;;10;3460;;5.5.2026 00:00:00;"O";"nauczyciel";18.4.2026 11:33:08;0;;0;;0;;0;;0;;0;;;0;0;0;0;0;1;0;0;1;0
3294;4671;0;;10;3539;;5.5.2026 00:00:00;"O";"nauczyciel";18.4.2026 11:37:10;0;;0;;0;;0;;0;;0;;;0;0;1;0;0;1;0;0;1;0
3295;4672;0;;10;3600;;5.5.2026 00:00:00;"O";"nauczyciel";18.4.2026 11:42:33;0;;0;;0;;0;;0;;0;;;0;0;0;0;0;1;0;0;1;0
3296;4673;0;;10;3599;;5.5.2026 00:00:00;"O";"nauczyciel";18.4.2026 11:45:33;0;;0;;0;;0;;0;;0;;;0;0;0;0;0;1;0;0;1;0
3297;4674;0;;10;3535;;5.5.2026 00:00:00;"O";"nauczyciel";18.4.2026 11:48:29;0;;0;;0;;0;;0;;0;;;0;0;1;0;0;1;0;0;1;0
3298;4675;0;;10;3528;;5.5.2026 00:00:00;"O";"nauczyciel";18.4.2026 11:51:40;0;;0;;0;;0;;0;;0;;;0;0;0;0;0;1;0;0;1;0
3299;33;0;;10;3534;;5.5.2026 00:00:00;"O";"nauczyciel";18.4.2026 11:59:10;0;;0;;0;;0;;0;;0;;;0;0;0;0;0;1;0;0;1;0
3300;730;0;;10;3530;;5.5.2026 00:00:00;"O";"nauczyciel";18.4.2026 12:02:55;0;;0;;0;;0;;0;;0;;;0;0;0;0;0;1;0;0;1;0
3301;370;0;;10;3461;;5.5.2026 00:00:00;"O";"nauczyciel";18.4.2026 12:05:50;0;;0;;0;;0;;0;;0;;;0;0;0;0;0;1;0;0;1;0
3302;383;0;;10;3459;;5.5.2026 00:00:00;"O";"nauczyciel";18.4.2026 12:14:48;0;;0;;0;;0;;0;;0;;;0;0;0;0;0;1;0;0;1;0
3303;4676;0;;10;3544;;5.5.2026 00:00:00;"O";"nauczyciel";18.4.2026 12:18:59;0;;0;;0;;0;;0;;0;;;0;0;1;0;0;1;0;0;1;0
3304;4677;0;;10;3453;;5.5.2026 00:00:00;"O";"nauczyciel";18.4.2026 12:22:02;0;;0;;0;;0;;0;;0;;;0;0;1;0;0;1;0;0;1;0
3305;4678;0;;10;;;5.5.2026 00:00:00;"O";"nauczyciel";18.4.2026 12:24:18;0;;0;;0;;0;;0;;0;;;0;0;0;0;0;1;0;0;1;0
3306;4679;0;;10;3592;;5.5.2026 00:00:00;"O";"nauczyciel";18.4.2026 12:28:38;0;;0;;0;;0;;0;;0;;;0;0;1;0;0;1;0;0;1;0
3307;4680;0;;10;3452;;5.5.2026 00:00:00;"O";"nauczyciel";18.4.2026 12:31:09;0;;0;;0;;0;;0;;0;;;0;0;1;0;0;1;0;0;1;0
3308;4216;0;;10;3593;;5.5.2026 00:00:00;"O";"nauczyciel";18.4.2026 12:33:32;0;;0;;0;;0;;0;;0;;;0;0;1;0;0;1;0;0;1;0
3309;4430;0;;10;3457;;5.5.2026 00:00:00;"O";"nauczyciel";18.4.2026 12:36:12;0;;0;;0;;0;;0;;0;;;0;0;0;0;0;1;0;0;1;0
3310;4681;0;;10;3604;;5.5.2026 00:00:00;"O";"nauczyciel";18.4.2026 12:39:44;0;;0;;0;;0;;0;;0;;;0;0;0;0;0;1;0;0;1;0
3311;4682;0;;10;3601;;5.5.2026 00:00:00;"O";"nauczyciel";18.4.2026 12:43:05;0;;0;;0;;0;;0;;0;;;0;0;0;0;0;1;0;0;1;0
3312;4033;0;;10;3709;;5.5.2026 00:00:00;"O";"nauczyciel";18.4.2026 12:46:40;0;;0;;0;;0;;0;;0;;;0;0;0;0;0;1;0;0;1;0
3313;4683;0;;10;;;5.5.2026 00:00:00;"O";"nauczyciel";18.4.2026 12:50:08;0;;0;;0;;0;;0;;0;;;0;0;1;0;0;1;0;0;1;0
3314;4684;0;;10;3454;;5.5.2026 00:00:00;"O";"nauczyciel";18.4.2026 12:52:49;0;;0;;0;;0;;0;;0;;;0;0;0;0;0;1;0;0;1;0
3315;4685;0;;10;3696;;5.5.2026 00:00:00;"O";"nauczyciel";18.4.2026 12:56:16;0;;0;;0;;0;;0;;0;;;0;0;0;0;0;1;0;0;1;0
3316;4686;0;;10;3462;;5.5.2026 00:00:00;"O";"Starsza woüna";18.4.2026 13:15:05;0;;0;;0;;0;;0;;0;;;0;0;0;0;0;1;0;0;1;0
3317;378;0;;10;3547;;5.5.2026 00:00:00;"O";"starszy konserwator";18.4.2026 13:20:16;0;;0;;0;;0;;0;;0;;;0;0;0;0;0;1;0;0;1;0
3318;377;0;;10;3469;;5.5.2026 00:00:00;"O";"starsza woüna";18.4.2026 13:25:10;0;"";0;"";0;"";0;"";0;"";0;;;0;0;0;0;0;1;0;0;1;0
3319;4687;0;;10;3707;;5.5.2026 00:00:00;"O";"starszy konserwator";18.4.2026 13:28:56;0;;0;;0;;0;;0;;0;;;0;0;0;0;0;1;0;0;1;0
3320;4688;0;;10;;;5.5.2026 00:00:00;"O";"starsza woü?na";18.4.2026 13:33:00;0;;0;;0;;0;;0;;0;;;0;0;0;0;0;1;0;0;1;0
3321;4164;0;;10;3596;;5.5.2026 00:00:00;"O";"pomoc nauczyciela";18.4.2026 13:36:44;0;;0;;0;;0;;0;;0;;;0;0;1;0;0;1;0;0;1;0
3322;4689;0;;10;3470;;5.5.2026 00:00:00;"O";"pomoc nauczyciela";18.4.2026 13:38:56;0;;0;;0;;0;;0;;0;;;0;0;0;0;0;1;0;0;1;0
3323;4690;0;;10;3590;;5.5.2026 00:00:00;"O";"starsza woüna";18.4.2026 13:42:15;0;;0;;0;;0;;0;;0;;;0;0;0;0;0;1;0;0;1;0
3324;4691;0;;10;3466;;5.5.2026 00:00:00;"O";"starsza woüna";18.4.2026 13:45:36;0;;0;;0;;0;;0;;0;;;0;0;0;0;0;1;0;0;1;0
3325;4692;0;;10;3468;;5.5.2026 00:00:00;"O";"starsza woüna";18.4.2026 13:49:23;0;;0;;0;;0;;0;;0;;;0;0;0;0;0;1;0;0;1;0
3326;4693;0;;10;3606;;5.5.2026 00:00:00;"O";"Konserwator";18.4.2026 13:52:38;0;;0;;0;;0;;0;;0;;;0;0;0;0;0;1;0;0;1;0
3327;4694;0;;10;3523;;5.5.2026 00:00:00;"O";"pomoc nauczyciela";18.4.2026 13:59:23;0;;0;;0;;0;;0;;0;;;0;0;0;0;0;1;0;0;1;0
3328;363;0;;10;3588;;5.5.2026 00:00:00;"O";"starszy konserwator";18.4.2026 14:10:53;0;;0;;0;;0;;0;;0;;;0;0;0;0;0;1;0;0;1;0
3329;4695;0;;10;3589;;5.5.2026 00:00:00;"O";"starsza woüna";18.4.2026 14:14:15;0;;0;;0;;0;;0;;0;;;0;0;0;0;0;1;0;0;1;0
3330;395;0;;10;3708;;5.5.2026 00:00:00;"O";"starsza woüna";18.4.2026 14:16:53;0;;0;;0;;0;;0;;0;;;0;0;0;0;0;1;0;0;1;0
3331;369;0;;10;3607;;5.5.2026 00:00:00;"O";"pomoc admiistracyjna";18.4.2026 14:19:09;0;;0;;0;;0;;0;;0;;;0;0;0;0;0;1;0;0;1;0
3332;4039;0;;10;3467;;5.5.2026 00:00:00;"O";"starsza woüna";18.4.2026 14:22:52;0;;0;;0;;0;;0;;0;;;0;0;0;0;0;1;0;0;1;0
3333;4034;0;;10;3595;;5.5.2026 00:00:00;"O";"woüna 1/2, opiekun na przejúciu dla pieszych 1/2";18.4.2026 14:26:18;0;;0;;0;;0;;0;;0;;;0;0;0;0;0;1;0;0;1;0
3334;4696;0;;10;3591;;5.5.2026 00:00:00;"O";"woüna";18.4.2026 14:28:22;0;;0;;0;;0;;0;;0;;;0;0;0;0;0;1;0;0;1;0
3335;3748;0;;42;3400;;20.4.2026 00:00:00;"O";"specjalista ds administracji";20.4.2026 11:15:08;0;;0;;0;;0;;1;;0;;;0;0;0;0;0;1;0;0;1;0
3336;4697;0;;611;3380;;16.4.2026 00:00:00;"O";"opiekun osÛb starszych /opiekun medyczny";20.4.2026 11:37:20;0;;0;;0;;0;;0;;0;;;0;0;0;0;0;1;0;0;1;0
3337;1637;0;;343;3384;;16.4.2026 00:00:00;"O";"Starszy specjalista ds reklamy";20.4.2026 11:48:55;0;;0;;0;;0;;0;;0;;;0;0;0;0;0;1;0;0;1;0
3338;4698;0;;343;3385;;11.3.2026 00:00:00;"O";"Specjalista ds ProjektÛw w Biurze Reklamy";20.4.2026 12:11:45;0;;0;;0;;0;;0;;0;;;0;0;0;0;0;1;0;0;1;0
3339;4699;0;;2;3388;;2.4.2026 00:00:00;"O";"nauczyciel";20.4.2026 12:23:26;0;;0;;0;;0;;0;;0;;;0;0;0;0;0;1;0;0;1;0
3340;4700;0;;2;3387;;15.4.2026 00:00:00;"O";"nauczyciel";20.4.2026 12:45:52;0;;0;;0;;0;;0;;0;;;0;0;0;0;0;1;0;0;1;0
3341;521;0;;63;3390;;17.4.2026 00:00:00;"K";"Kucharz";20.4.2026 12:51:05;0;;0;;0;;0;;0;;0;;;0;0;0;0;0;1;0;0;1;0
3342;4701;0;;62;3391;;15.4.2026 00:00:00;"O";"nauczyciel logopeda";20.4.2026 13:07:57;0;;0;;0;;0;;0;;0;;;0;0;0;0;0;1;0;0;1;0
3343;4702;0;;226;3392;;20.4.2026 00:00:00;"O";"Szef ochrony obiektu";20.4.2026 13:35:07;0;;0;;0;;0;;0;;0;;;0;0;0;0;0;1;0;0;1;0
3344;4703;0;;581;3377;;16.4.2026 00:00:00;"W";"opiekun osÛb starszych";20.4.2026 13:53:49;0;;0;;0;;0;;0;;0;;;0;0;0;0;0;1;0;0;1;0
3346;4704;0;;70;3398;;22.4.2026 00:00:00;"K";"nauczyciel";20.4.2026 14:20:05;0;;0;;0;;0;;0;;0;;;0;0;0;0;0;1;0;0;1;0
3347;4705;0;;639;3383;;15.4.2026 00:00:00;"W";"pracownik serwisu sprzπtajπcego";20.4.2026 14:35:56;0;;0;;0;;0;;0;;0;;;0;0;0;0;0;1;0;0;1;0
3348;4706;0;;611;3382;;16.4.2026 00:00:00;"W";"opiekun osÛb starszych /opiekun medyczny";20.4.2026 14:44:19;0;;0;;0;;0;;0;;0;;;0;0;0;0;0;1;0;0;1;0
3349;4707;0;;611;3378;;17.4.2026 00:00:00;"W";"opiekun osÛb starszych /opiekun medyczny";20.4.2026 14:50:55;0;;0;;0;;0;;0;;0;;;0;0;0;0;0;1;0;0;1;0
3351;4709;0;;19;3389;;13.4.2026 00:00:00;"";"psycholog";20.4.2026 15:34:15;0;;0;;0;;0;;0;;0;;;0;1;0;0;0;1;0;0;1;0
3352;2504;0;;611;3379;;20.4.2026 00:00:00;"K";"opiekun osÛb starszych/opiekun medyczny";20.4.2026 15:58:16;0;;0;;0;;0;;0;;0;;;0;0;0;0;0;1;0;0;1;0
3353;4710;0;;613;3419;;20.4.2026 00:00:00;"W";"OPIEKUN OS”B W STARSZYM WIEKU ñ us≥ugi opiekuÒcze ";20.4.2026 16:07:51;0;;0;;0;;0;;0;;0;;;0;0;0;0;0;1;0;0;1;0
3354;4711;0;;109;3417;;4.4.2026 00:00:00;"O";"elektryk-konserwator";21.4.2026 10:07:58;0;;0;;0;;0;;0;;0;;;0;0;0;0;0;1;0;0;1;0
3355;4712;0;;33;3394;;21.4.2026 00:00:00;"K";"starszy kucharz";21.4.2026 10:21:28;0;;0;;0;;0;;0;;0;;;0;0;0;0;0;1;0;0;1;0
3356;4264;0;;611;;;2.3.2026 00:00:00;"O";"opiekun osÛb starszych /opiekun medyczny";21.4.2026 11:36:32;0;;0;;0;;0;;0;;0;;;0;0;0;0;0;1;0;0;1;0
3357;4713;0;;621;3393;;21.4.2026 00:00:00;"W";"portier";21.4.2026 14:46:54;0;;0;;0;;0;;0;;0;;;0;0;0;0;0;1;0;0;1;0
3358;4714;0;;611;3395;;21.4.2026 00:00:00;"W";"opiekun osÛb starszych/opiekun medyczny";22.4.2026 09:14:22;0;;0;;0;;0;;0;;0;;;0;0;0;0;0;1;0;0;1;0
3359;4715;0;;12;3396;;22.4.2026 00:00:00;"W";"woü?na";22.4.2026 10:35:55;0;;0;;0;;0;;0;;0;;;0;0;0;0;0;1;0;0;1;0
3360;4716;0;;61;3402;;22.4.2026 00:00:00;"W";"nauczyciel";22.4.2026 13:17:11;0;"";0;"";0;"";0;"";0;"";0;;;0;0;0;0;0;1;0;0;1;0
3361;1011;0;;12;3397;;22.4.2026 00:00:00;"W";"starszy konserwator, pomoc administracyjna";23.4.2026 11:30:11;0;"";0;"";0;"";0;"";0;"";0;;;0;0;0;0;0;1;0;0;1;0
3362;4717;0;;113;3401;;22.4.2026 00:00:00;"W";"nauczyciel";22.4.2026 13:10:48;0;;0;;0;;0;;0;;0;;;0;0;0;0;0;1;0;0;1;0
3363;2013;0;;74;3433;;23.3.2026 00:00:00;"O";"sekretarz szko≥y";28.4.2026 13:17:51;0;"";0;"";0;"";0;"";0;"";0;;;0;0;0;0;0;1;0;0;1;0
3364;4718;0;;2;3414;;23.4.2026 00:00:00;"O";"nauczyciel";27.4.2026 11:44:10;0;;0;;0;;0;;0;;0;;;0;0;0;0;0;1;0;0;1;0
3365;4719;0;;25;3406;;21.4.2026 00:00:00;"O";"Nauczyciel";27.4.2026 12:21:38;0;;0;;0;;0;;0;;0;;;0;0;0;0;0;1;0;0;1;0
3366;4720;0;;25;3407;;24.4.2026 00:00:00;"O";"dozorca";27.4.2026 12:27:28;0;;0;;0;;0;;0;;0;;;0;0;0;0;0;1;0;0;1;0
3367;4721;0;;35;3412;;24.4.2026 00:00:00;"K";"dyrektor nauczyciel";27.4.2026 12:45:00;0;;0;;0;;0;;0;;0;;;0;0;0;0;0;1;0;0;1;0
3368;4722;0;;35;3411;;27.4.2026 00:00:00;"";"nauczyciel";27.4.2026 13:04:41;0;;0;;0;;0;;0;;0;;;0;1;0;0;0;1;0;0;1;0
3369;4723;0;;64;3405;;28.4.2026 00:00:00;"O";"nauczyciel logopeda";;0;;0;;0;;0;;0;;0;;;0;0;0;0;0;0;0;0;1;0
3370;4724;0;;2;3415;;24.4.2026 00:00:00;"O";"nauczyciel";27.4.2026 13:47:20;0;;0;;0;;0;;0;;0;;;0;0;0;0;0;1;0;0;1;0
3371;4725;0;;72;3410;;1.4.2026 00:00:00;"O";"nauczyciel";27.4.2026 14:03:27;0;;0;;0;;0;;0;;0;;;0;0;0;0;0;1;0;0;1;0
3372;4726;0;;581;3418;;27.4.2026 00:00:00;"W";"opiekun osÛb w starszym wieku -  us≥ugi opiekuÒcze";27.4.2026 14:35:46;0;;0;;0;;0;;0;;0;;;0;0;0;0;0;1;0;0;1;0
3373;4727;0;;613;3447;;28.4.2026 00:00:00;"W";"opiekun osÛb w starszym wieku -  us≥ugi opiekuÒcze";5.5.2026 12:38:41;0;"";0;"";0;"";0;"";0;"";0;;;0;0;0;0;0;1;0;0;1;0
3374;4728;0;;611;3420;;27.4.2026 00:00:00;"W";"opiekun osÛb starszych/opiekun medyczny";28.4.2026 10:13:51;0;;0;;0;;0;;0;;0;;;0;0;0;0;0;1;0;0;1;0
3375;4729;0;;19;3413;;23.4.2026 00:00:00;"W";"sekretarka";28.4.2026 10:56:59;0;;0;;0;;0;;0;;0;;;0;0;0;0;0;1;0;0;1;0
3376;4730;0;;58;3408;;4.5.2026 00:00:00;"W";"sekretarz ";28.4.2026 11:29:50;0;;0;;0;;0;;0;;0;;;0;0;0;0;0;1;0;0;1;0
3377;4757;0;;121;3416;;15.4.2026 00:00:00;"O";"wychowawca w  úwietlicy";28.4.2026 11:53:35;0;;0;;0;;0;;0;;0;;;0;0;0;0;0;1;0;0;1;0
3378;4732;0;;640;3421;;28.4.2026 00:00:00;"W";"Specjalista ds rozwoju misyjnego w fundacji";28.4.2026 12:26:06;0;;0;;0;;0;;0;;0;;;0;0;0;0;0;1;0;0;1;0
3379;4733;0;;42;3409;;28.4.2026 00:00:00;"K";"nauczyciel";28.4.2026 12:51:48;0;"";0;"";0;"";0;"";0;"";0;;;0;0;0;0;0;1;0;0;1;0
3380;39;0;;49;;;;"O";"wychowaca internatu";28.4.2026 14:03:03;0;;0;;0;;0;;0;;0;;;0;0;0;0;0;1;0;0;1;0
3381;4734;0;;2;3422;1540;22.10.2025 00:00:00;"F";;29.4.2026 11:35:24;0;;0;;0;;0;;0;;0;;;0;0;0;0;0;1;0;0;1;0
3382;4735;0;;2;3423;1540;29.10.2025 00:00:00;"F";;29.4.2026 11:35:24;0;;0;;0;;0;;0;;0;;;0;0;0;0;0;1;0;0;1;0
3383;4736;0;;2;3424;1540;29.10.2025 00:00:00;"O";;29.4.2026 11:35:24;0;;0;;0;;0;;0;;0;;;0;0;0;0;0;1;0;0;1;0
3384;4737;0;;2;3425;1540;29.11.2025 00:00:00;"F";;29.4.2026 11:35:24;0;;0;;0;;0;;0;;0;;;0;0;0;0;0;1;0;0;1;0
3385;4738;0;;2;3426;1540;29.4.2026 00:00:00;"Kon";;29.4.2026 11:41:00;0;;0;;0;;0;;0;;0;;;0;0;0;0;0;1;0;0;1;0
3386;4739;0;;631;3441;;3.4.2026 00:00:00;"W";"sprzπtacz";4.5.2026 11:17:58;0;;0;;0;;0;;0;;0;;;0;0;0;0;0;1;0;0;1;0
3387;4176;0;;606;3430;;4.5.2026 00:00:00;"O";"starszy dozorca";4.5.2026 11:36:11;0;;0;;0;;0;;0;;0;;;0;0;0;0;0;1;0;0;1;0
3388;4740;0;;599;3439;;22.4.2026 00:00:00;"W";"sprzedawca ";4.5.2026 11:40:28;0;;0;;0;;0;;0;;0;;;0;0;0;0;0;1;0;0;1;0
3389;4741;0;;109;3444;;6.5.2026 00:00:00;"O";"nauczyciel gry na fortepianie";;0;;0;;0;;0;;0;;0;;;0;0;0;0;0;0;0;0;1;0
3390;3764;0;;57;3432;;28.4.2026 00:00:00;"K";"nauczyciel psycholog";4.5.2026 12:16:03;0;;0;;0;;0;;0;;0;;;0;0;0;0;0;1;0;0;1;0
3391;514;0;;63;3434;;28.4.2026 00:00:00;"O";"pomoc kuchenna";4.5.2026 12:29:38;0;;0;;0;;0;;0;;0;;;0;0;0;0;0;1;0;0;1;0
3392;4742;0;;56;3828;;25.6.2026 00:00:00;"O";"nauczyciel";17.6.2026 11:03:54;0;"";0;"";0;"";0;"";0;"";0;;;0;0;0;0;0;1;0;0;1;0
3393;4743;0;;56;0;;20.5.2026 00:00:00;"O";"nauczyciel";;0;;0;;0;;0;;0;;0;;;0;0;0;0;0;0;0;0;1;0
3394;1467;0;;56;3688;;3.6.2026 00:00:00;"K";"nauczyciel";;0;;0;;0;;0;;0;;0;;;0;0;0;0;0;0;0;0;1;0
3395;4744;0;;56;3650;;27.5.2026 00:00:00;"O";"pomoc kuchenna";;0;;0;;0;;0;;0;;0;;;0;0;0;0;0;0;0;0;1;0
3396;1275;0;;56;3644;;27.5.2026 00:00:00;"K";"nauczyciel";;0;;0;;0;;0;;0;;0;;;0;0;0;0;0;0;0;0;1;0
3397;1277;0;;56;3649;;27.5.2026 00:00:00;"O";"sekretarz szko≥y";;0;;0;;0;;0;;0;;0;;;0;0;0;0;0;0;0;0;1;0
3398;4745;0;;56;3637;;27.5.2026 00:00:00;"K";"nauczyciel";;0;;0;;0;;0;;0;;0;;;0;0;0;0;0;0;0;0;1;0
3399;763;0;;56;3638;;27.5.2026 00:00:00;"O";"nauczyciel";;0;;0;;0;;0;;0;;0;;;0;0;0;0;0;0;0;0;1;0
3400;1278;0;;56;3634;;27.5.2026 00:00:00;"O";"nauczyciel kierownik úwietlicy szkolnej";;0;;0;;0;;0;;0;;0;;;0;0;0;0;0;0;0;0;1;0
3401;4746;0;;56;3636;;27.5.2026 00:00:00;"O";"nauczyciel";;0;;0;;0;;0;;0;;0;;;0;0;0;0;0;0;0;0;1;0
3402;4747;0;;56;3640;;27.5.2026 00:00:00;"O";"nauczyciel";;0;;0;;0;;0;;0;;0;;;0;0;0;0;0;0;0;0;1;0
3403;2788;0;;56;3652;;27.5.2026 00:00:00;"O";"opiekun na przejsciu dla pieszych";;0;;0;;0;;0;;0;;0;;;0;0;0;0;0;0;0;0;1;0
3404;1283;0;;56;;;;"O";"nauczyciel";4.5.2026 15:39:53;0;;0;;0;;0;;0;;0;;;0;0;0;0;0;1;0;0;1;0
3405;1279;0;;56;3643;;27.5.2026 00:00:00;"O";"nauczyciel";;0;;0;;0;;0;;0;;0;;;0;0;0;0;0;0;0;0;1;0
3406;1285;0;;56;3635;;27.5.2026 00:00:00;"O";"nauczyciel";;0;;0;;0;;0;;0;;0;;;0;0;0;0;0;0;0;0;1;0
3407;4748;0;;56;3651;;27.5.2026 00:00:00;"O";"pomoc kuchenna";;0;;0;;0;;0;;0;;0;;;0;0;0;0;0;0;0;0;1;0
3408;4749;0;;56;3645;;27.5.2026 00:00:00;"O";"nauczyciel";;0;;0;;0;;0;;0;;0;;;0;0;0;0;0;0;0;0;1;0
3409;4750;0;;56;;;;"O";"woüna";4.5.2026 16:35:46;0;;0;;0;;0;;0;;0;;;0;0;0;0;0;1;0;0;1;0
3410;4751;0;;56;3641;;27.5.2026 00:00:00;"O";"nauczyciel";;0;;0;;0;;0;;0;;0;;;0;0;0;0;0;0;0;0;1;0
3411;1269;0;;56;3639;;27.5.2026 00:00:00;"O";"nauczyciel";;0;;0;;0;;0;;0;;0;;;0;0;0;0;0;0;0;0;1;0
3412;1284;0;;56;3646;;27.5.2026 00:00:00;"O";"nauczyciel";;0;;0;;0;;0;;0;;0;;;0;0;0;0;0;0;0;0;1;0
3413;1276;0;;56;3616;;26.5.2026 00:00:00;"O";"nauczyciel";;0;;0;;0;;0;;0;;0;;;0;0;0;0;0;0;0;0;1;0
3414;4752;0;;56;;;;"W";"";4.5.2026 17:19:40;0;;0;;0;;0;;0;;0;;;0;0;0;0;0;1;0;0;1;0
3415;1280;0;;56;;;;"K";"pomoc kuchenna";4.5.2026 17:22:43;0;;0;;0;;0;;0;;0;;;0;0;0;0;0;1;0;0;1;0
3416;1274;0;;56;3647;;27.5.2026 00:00:00;"O";"nauczyciel";;0;;0;;0;;0;;0;;0;;;0;0;0;0;0;0;0;0;1;0
3417;4753;0;;343;3440;;30.4.2026 00:00:00;"W";"Sekretarz Redakcji";4.5.2026 17:35:23;0;;0;;0;;0;;1;;0;;;0;0;0;0;0;1;0;0;1;0
3418;4754;0;;611;3448;;5.5.2026 00:00:00;"W";"opiekun osÛb starszych";5.5.2026 12:15:26;0;"";0;"";0;"";0;"";0;"";0;;;0;0;0;0;0;1;0;0;1;0
3419;4708;0;;51;3442;;30.4.2026 00:00:00;"K";"psycholog";5.5.2026 10:51:11;0;;0;;0;;0;;0;;0;;;0;0;0;0;0;1;0;0;1;0
3420;1448;0;;5;3497;;12.5.2026 00:00:00;"O";"starszy portier";;0;;0;;0;;0;;0;;0;;;0;0;0;0;0;0;0;0;1;0
3421;4755;0;;24;3428;;30.4.2026 00:00:00;"O";"nauczyciel";5.5.2026 11:42:01;0;;0;;0;;0;;0;;0;;;0;0;0;0;0;1;0;0;1;0
3422;4756;0;;121;3429;;15.4.2026 00:00:00;"O";"Nauczyciel do dziecka z orzeczeniem o potrzebie kszta≥cenia specjalnego";5.5.2026 11:47:09;0;;0;;0;;0;;0;;0;;;0;0;0;0;0;1;0;0;1;0
3423;4731;0;;121;3431;;15.4.2026 00:00:00;"O";"wychowawca w  úwietlicy";5.5.2026 11:50:05;0;;0;;0;;0;;0;;0;;;0;0;0;0;0;1;0;0;1;0
3424;4757;0;;24;3513;;29.4.2026 00:00:00;"O";"nauczyciel";5.5.2026 11:55:00;0;;0;;0;;0;;0;;0;;;0;0;0;0;0;1;0;0;1;0
3425;4758;0;;74;3449;;24.4.2026 00:00:00;"K";"Nauczyciel do dziecka z orzeczeniem o potrzebie kszta≥cenia specjalnego";5.5.2026 12:04:15;0;;0;;0;;0;;0;;0;;;0;0;0;0;0;1;0;0;1;0
3426;4759;0;;613;3495;;5.5.2026 00:00:00;"W";"opiekun osÛb w starszym wieku -  us≥ugi opiekuÒcze";5.5.2026 12:47:36;0;;0;;0;;0;;0;;0;;;0;0;0;0;0;1;0;0;1;0
3427;1801;0;;581;3446;;4.5.2026 00:00:00;"O";"opiekun osÛb w starszym wieku ";5.5.2026 13:32:23;0;;0;;0;;0;;0;;0;;;0;0;0;0;0;1;0;0;1;0
3428;4760;0;;159;3451;;5.5.2026 00:00:00;"W";"pracownik biurowy";5.5.2026 14:52:22;0;;0;;0;;0;;0;;0;;;0;0;0;0;0;1;0;0;1;0
3429;4761;0;;19;3443;;30.4.2026 00:00:00;"W";"pedagog";6.5.2026 12:43:29;0;;0;;0;;0;;0;;0;;;0;0;0;0;0;1;0;0;1;0
3430;4762;0;;5;3445;;27.4.2026 00:00:00;"K";"nauczyciel przedmiotu";6.5.2026 12:49:32;0;;0;;0;;0;;0;;0;;;0;0;0;0;0;1;0;0;1;0
3431;982;0;;27;3435;;13.4.2026 00:00:00;"K";"nauczyciel";7.5.2026 11:47:18;0;;0;;0;;0;;0;;0;;;0;0;1;0;0;1;0;0;1;0
3432;4763;0;;27;3436;;5.5.2026 00:00:00;"K";"";;0;;0;;0;;0;;0;;0;;;0;0;1;0;0;0;0;0;1;0
3433;4764;0;;27;3437;;5.5.2026 00:00:00;"K";"";;0;;0;;0;;0;;0;;0;;;0;0;1;0;0;0;0;0;1;0
3434;4765;0;;27;3438;;5.5.2026 00:00:00;"K";"";;0;;0;;0;;0;;0;;0;;;0;0;1;0;0;0;0;0;1;0
3435;849;0;;221;3450;;7.5.2026 00:00:00;"K";"informatyk-programista";7.5.2026 12:18:27;0;;0;;0;;0;;0;;0;;;0;0;0;0;0;1;0;0;1;0
3436;4766;0;;51;3472;1649;2.12.2025 00:00:00;"F";;7.5.2026 13:05:41;0;;0;;0;;0;;0;;0;;;0;0;0;0;0;1;0;0;1;0
3437;4119;0;;51;3473;1649;30.12.2025 00:00:00;"F";;7.5.2026 13:05:41;0;;0;;0;;0;;0;;0;;;0;0;0;0;0;1;0;0;1;0
3438;4767;0;;51;3474;1649;9.2.2026 00:00:00;"F";;7.5.2026 13:05:41;0;;0;;0;;0;;0;;0;;;0;0;0;0;0;1;0;0;1;0
3439;1914;0;;51;3475;1649;9.2.2026 00:00:00;"K";;7.5.2026 13:05:41;0;;0;;0;;0;;0;;0;;;0;0;0;0;0;1;0;0;1;0
3440;2510;0;;611;3662;;8.5.2026 00:00:00;"K";"opiekun osÛb starszych";11.5.2026 12:02:44;0;;0;;0;;0;;0;;0;;;0;0;0;0;0;1;0;0;1;0
3441;4768;0;;24;3511;;21.4.2026 00:00:00;"W";"nauczyciel";11.5.2026 12:10:46;0;;0;;0;;0;;0;;0;;;0;0;0;0;0;1;0;0;1;0
3442;4769;0;;24;3509;;29.4.2026 00:00:00;"O";"nauczyciel";11.5.2026 12:17:41;0;;0;;0;;0;;0;;0;;;0;0;0;0;0;1;0;0;1;0
3443;909;0;;11;3498;;23.3.2026 00:00:00;"K";"nauczyciel";11.5.2026 12:35:36;0;;0;;0;;0;;0;;0;;;0;0;0;0;0;1;0;0;1;0
3444;3556;0;;1;3488;;22.4.2026 00:00:00;"K";"sekretarz szko≥y";11.5.2026 12:47:06;0;;0;;0;;0;;0;;0;;;0;0;0;0;0;1;0;0;1;0
3445;109;0;;30;3512;;28.4.2026 00:00:00;"K";"starszy konserwator";11.5.2026 13:10:06;0;;0;;0;;0;;0;;0;;;0;0;0;0;0;1;0;0;1;0
3446;4770;0;;203;3494;;7.5.2026 00:00:00;"O";"Dyrektor Zespo≥u OúrodkÛw Wsparcia";11.5.2026 13:29:28;0;;0;;0;;0;;0;;0;;;0;0;0;0;0;1;0;0;1;0
3447;4771;0;;606;3502;;6.5.2026 00:00:00;"O";"nauczyciel matematyki i informatyki";11.5.2026 13:35:56;0;;0;;0;;0;;1;;0;;;0;0;0;0;0;1;0;0;1;0
3448;4772;0;;24;3510;;30.4.2026 00:00:00;"O";"nauczyciel";11.5.2026 13:40:10;0;;0;;0;;0;;0;;0;;;0;0;0;0;0;1;0;0;1;0
3449;4773;0;;606;3482;;6.5.2026 00:00:00;"O";"nauczyciel jÍzyka polskiego";11.5.2026 13:45:01;0;;0;;0;;0;;0;;0;;;0;0;0;0;0;1;0;0;1;0
3450;4774;0;;606;3499;;6.5.2026 00:00:00;"O";"nauczyciel geografii";11.5.2026 13:48:39;0;;0;;0;;0;;0;;0;;;0;0;0;0;0;1;0;0;1;0
3451;4775;0;;606;3505;;6.5.2026 00:00:00;"O";"Nauczyciel matematyki";11.5.2026 13:51:33;0;;0;;0;;0;;0;;0;;;0;0;0;0;0;1;0;0;1;0
3452;4776;0;;606;3578;;6.5.2026 00:00:00;"O";"nauczyciel wychowania fizycznego";19.5.2026 13:10:53;0;"";0;"";0;"";0;"";0;"";0;;;0;0;0;0;0;1;0;0;1;0
3453;4777;0;;606;3503;;6.5.2026 00:00:00;"O";"nauczyciel religii i edukacji zdrowotnej";11.5.2026 13:59:42;0;;0;;0;;0;;0;;0;;;0;0;0;0;0;1;0;0;1;0
3454;4778;0;;606;3504;;6.5.2026 00:00:00;"O";"nauczyciel matematyki";11.5.2026 14:04:00;0;;0;;0;;0;;0;;0;;;0;0;0;0;0;1;0;0;1;0
3455;4779;0;;606;3484;;6.5.2026 00:00:00;"O";"nauczyciel edukacji wczesnoszkolnej";11.5.2026 14:15:11;0;;0;;0;;0;;0;;0;;;0;0;0;0;0;1;0;0;1;0
3456;4780;0;;606;3508;;6.5.2026 00:00:00;"O";"nauczyciel edukacji wczesnoszkolnej";11.5.2026 14:19:24;0;;0;;0;;0;;0;;0;;;0;0;0;0;0;1;0;0;1;0
3457;4781;0;;606;3506;;6.5.2026 00:00:00;"O";"nauczyciel bibliotekarz";11.5.2026 14:33:56;0;;0;;0;;0;;0;;0;;;0;0;0;0;0;1;0;0;1;0
3458;4782;0;;606;3500;;6.5.2026 00:00:00;"O";"nauczyciel wychowania fizycznego";11.5.2026 15:08:25;0;;0;;0;;0;;0;;0;;;0;0;0;0;0;1;0;0;1;0
3459;4783;0;;612;3483;;6.5.2026 00:00:00;"O";"nauczyciel edukacji wczesnoszkolnej";11.5.2026 15:21:13;0;;0;;0;;0;;0;;0;;;0;0;0;0;0;1;0;0;1;0
3460;4784;0;;612;3501;;6.5.2026 00:00:00;"O";"nauczyciel wychowania fizycznego";11.5.2026 15:35:47;0;;0;;0;;0;;0;;0;;;0;0;0;0;0;1;0;0;1;0
3461;4785;0;;612;3507;;6.5.2026 00:00:00;"O";"socjoterapeuta";11.5.2026 15:42:10;0;;0;;0;;0;;0;;0;;;0;0;0;0;0;1;0;0;1;0
3462;4786;0;;612;3480;;6.5.2026 00:00:00;"O";"sprzπtaczka";11.5.2026 15:48:28;0;;0;;0;;0;;0;;0;;;0;0;0;0;0;1;0;0;1;0
3463;4787;0;;612;3481;;6.5.2026 00:00:00;"O";"sprzπtaczka";11.5.2026 15:52:35;0;;0;;0;;0;;0;;0;;;0;0;0;0;0;1;0;0;1;0
3464;4788;0;;24;3476;;29.4.2026 00:00:00;"O";"nauczyciel";11.5.2026 16:03:07;0;;0;;0;;0;;0;;0;;;0;0;0;0;0;1;0;0;1;0
3465;4789;0;;24;3477;;29.4.2026 00:00:00;"O";"nauczyciel";11.5.2026 16:06:53;0;;0;;0;;0;;0;;0;;;0;0;0;0;0;1;0;0;1;0
3466;4790;0;;120;3732;;8.5.2026 00:00:00;"O";"nauczyciel wychowania fizycznego";10.6.2026 15:43:17;0;"";0;"";0;"";0;"";0;"";0;;;0;0;0;0;0;1;0;0;1;0
3467;4791;0;;18;3489;;7.5.2026 00:00:00;"O";"pomoc kuchenna";12.5.2026 09:41:49;0;;0;;0;;0;;0;;0;;;0;0;0;0;0;1;0;0;1;0
3468;251;0;;71;3479;;12.5.2026 00:00:00;"O";"nauczyciel";12.5.2026 10:02:58;0;;0;;0;;0;;0;;0;;;0;0;0;0;0;1;0;0;1;0
3469;4792;0;;72;3485;;1.4.2026 00:00:00;"O";"nauczyciel jÍzyka polskiego";12.5.2026 10:11:17;0;"";0;"";0;"";0;"";0;"";0;;;0;0;0;0;0;1;0;0;1;0
3470;4793;0;;611;3490;;28.4.2026 00:00:00;"W";"opiekun osÛb starszych";12.5.2026 10:53:01;0;;0;;0;;0;;0;;0;;;0;0;0;0;0;1;0;0;1;0
3471;4794;0;;5;3496;;8.5.2026 00:00:00;"W";"kancelista";12.5.2026 12:08:15;0;"";0;"";0;"";0;"";0;"";0;;;0;0;0;0;0;1;0;0;1;0
3472;1919;0;;120;3491;;8.5.2026 00:00:00;"O";"nauczyciel jÍzyka angielskiego";13.5.2026 09:17:21;0;;0;;0;;0;;0;;0;;;0;0;0;0;0;1;0;0;1;0
3473;1493;0;;56;3478;;13.5.2026 00:00:00;"K";"nauczyciel ";13.5.2026 09:32:39;0;;0;;0;;0;;0;;0;;;0;0;0;0;0;1;0;0;1;0
3474;4795;0;;70;3573;;12.5.2026 00:00:00;"K";"nauczyciel wpÛ≥organizujπcy szkolenie";13.5.2026 09:43:00;0;;0;;0;;0;;0;;0;;;0;0;0;0;0;1;0;0;1;0
3475;3553;0;;1;3487;;13.5.2026 00:00:00;"O";"sekretarz szko≥y";13.5.2026 09:52:45;0;;0;;0;;0;;0;;0;;;0;0;0;0;0;1;0;0;1;0
3476;4796;0;;121;3569;;5.5.2026 00:00:00;"O";"Wychowawca w úwietlicy";13.5.2026 10:08:56;0;;0;;0;;0;;0;;0;;;0;0;0;0;0;1;0;0;1;0
3477;4797;0;;579;3493;;22.4.2026 00:00:00;"W";"nauczyciel";13.5.2026 12:03:43;0;;0;;0;;0;;0;;0;;;0;0;0;0;0;1;0;0;1;0
3478;4798;0;;226;3492;;8.5.2026 00:00:00;"K";"Pracownik ochrony bez broni";13.5.2026 12:12:32;0;;0;;0;;0;;0;;0;;;0;0;0;0;0;1;0;0;1;0
3479;4799;0;;109;3564;;23.4.2026 00:00:00;"O";"g≥Ûwna ksiÍgowa";13.5.2026 12:35:32;0;;0;;0;;0;;0;;0;;;0;0;0;0;0;1;0;0;1;0
3480;4800;0;;121;3659;;5.5.2026 00:00:00;"O";"Nauczyciel matematyki";13.5.2026 12:40:08;0;;0;;0;;0;;0;;0;;;0;0;0;0;0;1;0;0;1;0
3481;4801;0;;22;3557;;11.5.2026 00:00:00;"O";"woüna";13.5.2026 13:27:49;0;;0;;0;;0;;0;;0;;;0;0;0;0;0;1;0;0;1;0
3482;4802;0;;18;3555;;7.5.2026 00:00:00;"O";"nauczyciel-logopeda";13.5.2026 13:46:31;0;;0;;0;;0;;0;;0;;;0;0;0;0;0;1;0;0;1;0
3483;4803;0;;121;3549;;5.5.2026 00:00:00;"O";"nauczyciel wychowania fizycznego";13.5.2026 13:58:01;0;;0;;0;;0;;0;;0;;;0;0;0;0;0;1;0;0;1;0
3484;4804;0;;121;3550;;5.5.2026 00:00:00;"O";"wychowawca w  úwietlicy";13.5.2026 14:03:29;0;;0;;0;;0;;0;;0;;;0;0;0;0;0;1;0;0;1;0
3485;4805;0;;121;3548;;5.5.2026 00:00:00;"O";"nauczyciel edukacji wczesnoszkolnej";13.5.2026 14:06:53;0;;0;;0;;0;;0;;0;;;0;0;0;0;0;1;0;0;1;0
3486;4806;0;;70;3486;;13.5.2026 00:00:00;"";"nauczyciel";;0;;0;;0;;0;;0;;0;;;0;1;0;0;0;0;0;0;1;0
3487;4807;0;;24;3514;1654;24.9.2026 00:00:00;"F";;14.5.2026 13:01:05;0;;0;;0;;0;;0;;0;;;0;0;0;0;0;1;0;0;1;0
3488;4808;0;;24;3515;1654;30.9.2025 00:00:00;"F";;14.5.2026 13:01:05;0;;0;;0;;0;;0;;0;;;0;0;0;0;0;1;0;0;1;0
3489;4809;0;;24;3516;1654;15.10.2025 00:00:00;"W";;14.5.2026 13:01:05;0;;0;;0;;0;;0;;0;;;0;0;0;0;0;1;0;0;1;0
3490;4810;0;;24;3517;1654;21.10.2025 00:00:00;"F";;14.5.2026 13:01:05;0;;0;;0;;0;;0;;0;;;0;0;0;0;0;1;0;0;1;0
3491;4811;0;;24;3518;1654;22.10.2025 00:00:00;"F";;14.5.2026 13:01:05;0;;0;;0;;0;;0;;0;;;0;0;0;0;0;1;0;0;1;0
3492;4812;0;;24;3519;1654;28.10.2025 00:00:00;"F";;14.5.2026 13:01:05;0;;0;;0;;0;;0;;0;;;0;0;0;0;0;1;0;0;1;0
3493;4813;0;;24;3520;1654;26.11.2025 00:00:00;"F";;14.5.2026 13:01:05;0;;0;;0;;0;;0;;0;;;0;0;0;0;0;1;0;0;1;0
3494;4814;0;;24;3521;1654;16.12.2025 00:00:00;"F";;14.5.2026 13:01:05;0;;0;;0;;0;;0;;0;;;0;0;0;0;0;1;0;0;1;0
3495;4815;0;;641;3522;;12.5.2026 00:00:00;"O";"kasjer  sprzedawca";15.5.2026 10:56:14;0;;0;;0;;0;;0;;0;;;0;0;0;0;0;1;0;0;1;0
3496;4093;0;;19;3552;;13.5.2026 00:00:00;"K";"woüna";21.5.2026 13:07:18;0;"";0;"";0;"";0;"";0;"";0;;;0;0;0;0;0;1;0;0;1;0
3497;2130;0;;18;3568;;7.5.2026 00:00:00;"O";"wychowawca w  úwietlicy";18.5.2026 12:09:30;0;;0;;0;;0;;0;;0;;;0;0;0;0;0;1;0;0;1;0
3498;313;0;;49;3570;;13.5.2026 00:00:00;"O";"starsza woü?na";18.5.2026 12:13:59;0;;0;;0;;0;;0;;0;;;0;0;0;0;0;1;0;0;1;0
3499;4816;0;;42;3576;;14.5.2026 00:00:00;"O";"nauczyciel";18.5.2026 12:20:18;0;;0;;0;;0;;0;;0;;;0;0;0;0;0;1;0;0;1;0
3500;4817;0;;23;3567;;15.5.2026 00:00:00;"K";"nauczyciel";18.5.2026 12:27:58;0;;0;;0;;0;;0;;0;;;0;0;0;0;0;1;0;0;1;0
3501;4818;0;;613;3554;;19.5.2026 00:00:00;"W";"opiekun osÛb w starszym wieku ";18.5.2026 13:27:59;0;;0;;0;;0;;0;;0;;;0;0;0;0;0;1;0;0;1;0
3502;4819;0;;288;3553;;12.5.2026 00:00:00;"W";"opiekun";18.5.2026 13:33:59;0;;0;;0;;0;;0;;0;;;0;0;0;0;0;1;0;0;1;0
3503;4820;0;;42;3618;;14.5.2026 00:00:00;"O";"nauczyciel";18.5.2026 14:02:05;0;;0;;0;;0;;0;;0;;;0;0;0;0;0;1;0;0;1;0
3504;4821;0;;604;3566;;15.5.2026 00:00:00;"K";"asystent nauczyciela";18.5.2026 14:08:16;0;;0;;0;;0;;0;;0;;;0;0;0;0;0;1;0;0;1;0
3505;336;0;;10;3531;;20.5.2026 00:00:00;"O";"";;0;;0;;0;;0;;0;;0;;;0;0;0;0;0;0;0;0;1;0
3506;4822;0;;629;3581;;18.5.2026 00:00:00;"W";"Fryzjerka";18.5.2026 14:45:53;0;;0;;0;;0;;0;;0;;;0;0;0;0;0;1;0;0;1;0
3507;4823;0;;627;3579;;18.5.2026 00:00:00;"W";"Fryzjerka";18.5.2026 14:55:56;0;;0;;0;;0;;0;;0;;;0;0;0;0;0;1;0;0;1;0
3508;4824;0;;627;3582;;18.5.2026 00:00:00;"W";"Fryzjerka";18.5.2026 15:01:04;0;;0;;0;;0;;0;;0;;;0;0;0;0;0;1;0;0;1;0
3509;4825;0;;627;3583;;18.5.2026 00:00:00;"W";"Fryzjerka";18.5.2026 15:22:30;0;;0;;0;;0;;0;;0;;;0;0;0;0;0;1;0;0;1;0
3510;4826;0;;633;3586;;18.5.2026 00:00:00;"W";"Fryzjerka";18.5.2026 15:26:47;0;;0;;0;;0;;0;;0;;;0;0;0;0;0;1;0;0;1;0
3511;4827;0;;627;3584;;18.5.2026 00:00:00;"W";"Fryzjerka";18.5.2026 15:30:47;0;;0;;0;;0;;0;;0;;;0;0;0;0;0;1;0;0;1;0
3512;4828;0;;636;3585;;18.5.2026 00:00:00;"W";"Fryzjerka";18.5.2026 15:35:04;0;;0;;0;;0;;0;;0;;;0;0;0;0;0;1;0;0;1;0
3513;4829;0;;343;3563;;12.5.2026 00:00:00;"O";"Starszy specjalista ds reklamy";18.5.2026 15:50:24;0;;0;;0;;0;;0;;0;;;0;0;0;0;0;1;0;0;1;0
3514;4830;0;;75;3571;;19.5.2026 00:00:00;"K";"nauczyciel";18.5.2026 16:06:51;0;;0;;0;;0;;0;;0;;;0;0;0;0;0;1;0;0;1;0
3515;4831;0;;606;3558;;15.5.2026 00:00:00;;"nauczyciel edukacji wczesnoszkolnej";18.5.2026 16:13:01;0;;0;;0;;0;;0;;0;;;0;1;0;0;0;1;0;0;1;0
3516;4832;0;;606;3577;;18.5.2026 00:00:00;"O";"nauczyciel historii";18.5.2026 16:25:53;0;;0;;0;;0;;0;;0;;;0;0;0;0;0;1;0;0;1;0
3517;4833;0;;72;3615;;18.5.2026 00:00:00;"K";"nauczyciel";18.5.2026 16:30:56;0;;0;;0;;0;;0;;0;;;0;0;0;0;0;1;0;0;1;0
3518;4834;0;;611;;;18.5.2026 00:00:00;"W";"opiekun osÛb starszych /opiekun medyczny";18.5.2026 16:40:14;0;;0;;0;;0;;0;;0;;;0;0;0;0;0;1;0;0;1;0
3519;4835;0;;11;3565;;15.5.2026 00:00:00;"W";"opiekun dzieci, m≥odzieøy przy przejúciu przez jezdniÍ";19.5.2026 10:26:28;0;;0;;0;;0;;0;;0;;;0;0;0;0;0;1;0;0;1;0
3520;4836;0;;57;3574;;4.5.2026 00:00:00;"O";"nauczyciel";19.5.2026 10:51:14;0;;0;;0;;0;;0;;0;;;0;0;0;0;0;1;0;0;1;0
3521;4837;0;;57;3575;;19.5.2026 00:00:00;"W";"sekretarka/kadrowa";19.5.2026 11:33:59;0;;0;;0;;0;;0;;0;;;0;0;0;0;0;1;0;0;1;0
3522;4838;0;;627;3559;;19.5.2026 00:00:00;"W";"Fryzjerka";19.5.2026 12:33:34;0;;0;;0;;0;;0;;0;;;0;0;0;0;0;1;0;0;1;0
3523;4839;0;;627;;;19.5.2026 00:00:00;"W";"Fryzjerka";19.5.2026 12:41:31;0;;0;;0;;0;;0;;0;;;0;0;0;0;0;1;0;0;1;0
3524;4840;0;;633;;;19.5.2026 00:00:00;"W";"Fryzjerka";19.5.2026 12:50:59;0;;0;;0;;0;;0;;0;;;0;0;0;0;0;1;0;0;1;0
3525;4841;0;;636;;;18.5.2026 00:00:00;"W";"Fryzjerka";19.5.2026 12:55:06;0;;0;;0;;0;;0;;0;;;0;0;0;0;0;1;0;0;1;0
3526;4842;0;;627;3562;;19.5.2026 00:00:00;"W";"Fryzjerka";19.5.2026 13:04:38;0;;0;;0;;0;;0;;0;;;0;0;0;0;0;1;0;0;1;0
3527;4843;0;;633;3560;;19.5.2026 00:00:00;"W";"Fryzjerka";19.5.2026 13:16:10;0;;0;;0;;0;;0;;0;;;0;0;0;0;0;1;0;0;1;0
3528;4844;0;;66;3613;;19.5.2026 00:00:00;"O";"starsza woü?na";19.5.2026 13:42:00;0;;0;;0;;0;;0;;0;;;0;0;0;0;0;1;0;0;1;0
3530;4846;0;;18;3556;;15.5.2026 00:00:00;"";"nauczyciel";20.5.2026 09:14:34;0;;0;;0;;0;;0;;0;;;0;1;0;0;0;1;0;0;1;0
3531;4847;0;;20;3551;;20.5.2026 00:00:00;"W";"starsza woüna";20.5.2026 10:31:16;0;;0;;0;;0;;0;;0;;;0;0;0;0;0;1;0;0;1;0
3532;4848;0;;2;3630;;6.5.2026 00:00:00;"O";"woüna";20.5.2026 10:47:55;0;;0;;0;;0;;0;;0;;;0;0;0;0;0;1;0;0;1;0
3533;4849;0;;2;3629;;6.5.2026 00:00:00;"O";"nauczyciel";20.5.2026 10:55:57;0;"";0;"";0;"";0;"";0;"";0;;;0;0;0;0;0;1;0;0;1;0
3534;4850;0;;2;3628;;6.5.2026 00:00:00;"O";"pomoc nauczyciela";20.5.2026 11:10:35;0;;0;;0;;0;;0;;0;;;0;0;0;0;0;1;0;0;1;0
3535;4851;0;;627;3561;;20.5.2026 00:00:00;"W";"Fryzjerka";20.5.2026 12:41:36;0;;0;;0;;0;;0;;0;;;0;0;0;0;0;1;0;0;1;0
3536;4852;0;;120;3633;;8.5.2026 00:00:00;"O";"nauczyciel";20.5.2026 13:04:31;0;;0;;0;;0;;0;;0;;;0;0;0;0;0;1;0;0;1;0
3537;4853;0;;636;3611;;20.5.2026 00:00:00;"W";"Fryzjerka";20.5.2026 13:43:20;0;;0;;0;;0;;0;;0;;;0;0;0;0;0;1;0;0;1;0
3538;4854;0;;611;;;20.5.2026 00:00:00;"W";"opiekun osÛb starszych";20.5.2026 14:00:18;0;;0;;0;;0;;0;;0;;;0;0;0;0;0;1;0;0;1;0
3539;4855;0;;611;3622;;20.5.2026 00:00:00;"W";"opiekun osÛb starszych /opiekun medyczny";20.5.2026 14:10:42;0;;0;;0;;0;;0;;0;;;0;0;0;0;0;1;0;0;1;0
3540;4856;0;;10;3545;;5.5.2026 00:00:00;"O";"sekretarka";21.5.2026 12:52:59;0;;0;;0;;0;;0;;0;;;0;0;0;0;0;1;0;0;1;0
3541;4857;0;;4;3572;;15.5.2026 00:00:00;"W";"Konserwator";21.5.2026 13:52:57;0;;0;;0;;0;;0;;0;;;0;0;1;0;0;1;0;0;1;0
3542;4858;0;;27;3587;;17.10.2025 00:00:00;"O";"nauczyciel";21.5.2026 14:11:34;0;;0;;0;;0;;0;;0;;;0;0;1;0;0;1;0;0;1;0
3543;4859;0;;613;3661;;25.5.2026 00:00:00;"K";"opiekun osÛb starszych";27.5.2026 12:02:21;0;"";0;"";0;"";0;"";0;"";0;;;0;0;0;0;0;1;0;0;1;0
3544;4244;0;;611;3620;;22.5.2026 00:00:00;"W";"opiekun osÛb w starszym wieku ";25.5.2026 13:22:35;0;"";0;"";0;"";0;"";0;"";0;;;0;0;1;0;0;1;0;0;1;0
3545;3659;0;;18;3626;;20.5.2026 00:00:00;"O";"psycholog";26.5.2026 12:03:36;0;"";0;"";0;"";0;"";0;"";0;;;0;0;0;0;0;1;0;0;1;0
3546;4860;0;;581;3621;;25.5.2026 00:00:00;"W";"opiekun osÛb w starszym wieku ";26.5.2026 11:44:38;0;"";0;"";0;"";0;"";0;"";0;;;0;0;0;0;0;1;0;0;1;0
3547;4861;0;;115;3751;;8.6.2026 00:00:00;"O";"nauczyciel";16.6.2026 10:27:43;0;"";0;"";0;"";0;"";0;"";0;;;0;0;0;0;0;1;0;0;1;0
3548;4862;0;;18;3627;;26.5.2026 00:00:00;"O";"nauczyciel";;0;;0;;0;;0;;0;;0;;;0;0;0;0;0;0;0;0;1;0
3549;2136;0;;18;3625;;20.5.2026 00:00:00;"O";"pomoc kuchenna";25.5.2026 11:56:25;0;;0;;0;;0;;0;;0;;;0;0;0;0;0;1;0;0;1;0
3550;4863;0;;611;3623;;20.5.2026 00:00:00;"W";"opiekun osÛb starszych /opiekun medyczny";25.5.2026 12:15:56;0;;0;;0;;0;;0;;0;;;0;0;0;0;0;1;0;0;1;0
3551;4864;0;;7;;;22.6.2026 00:00:00;"K";"nauczyciel";2.6.2026 09:58:50;0;"";0;"";0;"";0;"";0;"";0;;;0;0;0;0;0;1;0;0;1;0
3552;4865;0;;115;3674;;27.1.2026 00:00:00;"O";"nauczyciel";2.6.2026 13:09:08;0;"";0;"";0;"";0;"";0;"";0;;;0;0;0;0;0;1;0;0;1;0
3553;4866;0;;611;3624;;25.5.2026 00:00:00;"W";"opiekun osÛb starszych";25.5.2026 13:13:28;0;;0;;0;;0;;0;;0;;;0;0;0;0;0;1;0;0;1;0
3554;4867;0;;604;;;21.5.2026 00:00:00;"K";"nauczyciel specjalny";25.5.2026 14:00:31;0;;0;;0;;0;;0;;0;;;0;0;0;0;0;1;0;0;1;0
3555;4868;0;;604;3631;;21.5.2026 00:00:00;"K";"nauczyciel specjalny";26.5.2026 10:51:26;0;"";0;"";0;"";0;"";0;"";0;;;0;0;0;0;0;1;0;0;1;0
3556;4869;0;;642;3653;;25.5.2026 00:00:00;"W";"pracownik serwisu sprzπtajπcego";25.5.2026 14:47:34;0;;0;;0;;0;;0;;0;;;0;0;0;0;0;1;0;0;1;0
3557;4870;0;;627;3609;;18.5.2026 00:00:00;"W";"Fryzjerka";25.5.2026 14:58:39;0;;0;;0;;0;;0;;0;;;0;0;0;0;0;1;0;0;1;0
3558;4871;0;;71;3619;;25.5.2026 00:00:00;"W";"starsza woü?na";25.5.2026 15:16:29;0;;0;;0;;0;;0;;0;;;0;0;0;0;0;1;0;0;1;0
3559;4872;0;;627;3612;;26.5.2026 00:00:00;"W";"Fryzjerka";26.5.2026 10:39:46;0;;0;;0;;0;;0;;0;;;0;0;0;0;0;1;0;0;1;0
3560;4873;0;;627;3610;;18.5.2026 00:00:00;"W";"Fryzjerka";26.5.2026 10:44:21;0;;0;;0;;0;;0;;0;;;0;0;0;0;0;1;0;0;1;0
3561;4874;0;;413;3655;;21.5.2026 00:00:00;"W";"m≥odszy specjalista ds organizacji szkoleÒ";27.5.2026 10:42:29;0;"";0;"";0;"";0;"";0;"";0;;;0;0;0;0;0;1;0;0;1;0
3562;4875;0;;604;3632;;21.5.2026 00:00:00;"K";"nauczyciel specjalny";26.5.2026 11:09:25;0;;0;;0;;0;;0;;0;;;0;0;0;0;0;1;0;0;1;0
3563;4876;0;;203;3654;;27.5.2026 00:00:00;"W";"psycholog";26.5.2026 11:22:18;0;;0;;0;;0;;0;;0;;;0;0;0;0;0;1;0;0;1;0
3564;4877;0;;633;3657;;18.5.2026 00:00:00;"W";"Fryzjerka";26.5.2026 12:40:09;0;;0;;0;;0;;0;;0;;;0;0;0;0;0;1;0;0;1;0
3565;4878;0;;633;3658;;26.5.2026 00:00:00;"W";"Fryzjerka";26.5.2026 12:47:43;0;;0;;0;;0;;0;;0;;;0;0;0;0;0;1;0;0;1;0
3566;4879;0;;277;3656;;26.5.2026 00:00:00;"W";"pracownik budowlany";27.5.2026 09:55:54;1;;0;;1;"farby,cement i wapno draøniπce skÛrÍ";0;;0;;0;;;0;0;0;0;0;1;0;0;1;0
3567;1418;0;;5;3663;;12.5.2026 00:00:00;"O";"administrator sieci komputerowej";27.5.2026 10:06:54;0;;0;;0;;0;;1;"praca powyøej 1 m";0;;;0;0;0;0;0;1;0;0;1;0
3568;4036;0;;10;;;27.5.2026 00:00:00;"K";"pomoc nauczyciela";27.5.2026 10:20:16;0;;0;;0;;0;;0;;0;;;0;0;0;0;0;1;0;0;1;0
3569;4880;0;;581;3677;;29.5.2026 00:00:00;"O";"OPIEKUN OS”B W STARSZYM WIEKU ñ us≥ugi opiekuÒcze + specjalistyczne ";1.6.2026 14:33:09;0;"";0;"";0;"";0;"";0;"";0;;;0;0;0;0;0;1;0;0;1;0
3570;4881;0;;24;3664;;19.5.2026 00:00:00;"W";"nauczyciel";27.5.2026 12:22:17;0;;0;;0;;0;;0;;0;;;0;0;0;0;0;1;0;0;1;0
3571;1771;0;;581;3660;;25.5.2026 00:00:00;"O";"opiekun osÛb w starszym wieku ";27.5.2026 12:34:16;0;;0;;0;;0;;0;;0;;;0;0;0;0;0;1;0;0;1;0
3572;4882;0;;115;3694;;3.6.2026 00:00:00;"O";"nauczyciel";;0;;0;;0;;0;;0;;0;;;0;0;0;0;0;0;0;0;1;0
3573;3742;0;;42;3678;;2.6.2026 00:00:00;"O";"nauczyciel";;0;;0;;0;;0;;0;;0;;;0;0;0;0;0;0;0;0;1;0
3574;4883;0;;42;3681;;2.6.2026 00:00:00;"O";"nauczyciel";;0;;0;;0;;0;;0;;0;;;0;0;0;0;0;0;0;0;1;0
3575;4884;0;;42;3679;;19.6.2026 00:00:00;"O";"nauczyciel";27.5.2026 13:59:54;0;;0;;0;;0;;0;;0;;;0;0;0;0;0;1;0;0;1;0
3576;4885;0;;42;3680;;2.6.2026 00:00:00;"O";"nauczyciel";;0;;0;;0;;0;;0;;0;;;0;0;0;0;0;0;0;0;1;0
3577;4886;0;;24;3687;;20.5.2026 00:00:00;"O";"nauczyciel";27.5.2026 15:00:56;0;;0;;0;;0;;0;;0;;;0;0;0;0;0;1;0;0;1;0
3578;4887;0;;24;3685;;20.5.2026 00:00:00;"O";"nauczyciel wspÛ≥organizujπcy kszta≥cenie";27.5.2026 15:13:03;0;;0;;0;;0;;0;;0;;;0;0;0;0;0;1;0;0;1;0
3579;4888;0;;42;3746;;20.5.2026 00:00:00;"O";"nauczyciel";16.6.2026 15:06:32;0;"";0;"";0;"";0;"";0;"";0;;;0;0;0;0;0;1;0;0;1;0
3580;4889;0;;35;3614;;26.1.2026 00:00:00;"O";"nauczyciel logopeda";28.5.2026 12:27:06;0;;0;;0;;0;;0;;0;;;0;0;0;0;0;1;0;0;1;0
3581;4890;0;;42;3617;;6.5.2026 00:00:00;"O";"nauczyciel";28.5.2026 12:35:21;0;;0;;0;;0;;0;;0;;;0;0;0;0;0;1;0;0;1;0
3582;1267;0;;56;3642;;25.5.2026 00:00:00;"O";"nauczyciel";28.5.2026 13:04:58;0;;0;;0;;0;;0;;0;;;0;0;0;0;0;1;0;0;1;0
3583;4891;0;;10;3683;;29.6.2026 00:00:00;"W";"nauczyciel";1.6.2026 11:20:14;0;;0;;0;;0;;0;;0;;;0;0;0;0;0;1;0;0;1;0
3584;4892;0;;643;3665;;28.5.2026 00:00:00;"W";"portier";1.6.2026 11:48:47;0;;0;;0;;0;;0;;0;;;0;0;0;0;0;1;0;0;1;0
3585;4893;0;;18;3717;;27.5.2026 00:00:00;"W";"starsza woü?na";1.6.2026 12:17:02;0;;0;;0;;0;;0;;0;;;0;0;0;0;0;1;0;0;1;0
3586;1886;0;;611;3675;;27.5.2026 00:00:00;"K";"opiekun osÛb starszych/opiekun medyczny";1.6.2026 12:44:19;0;;0;;0;;0;;0;;0;;;0;0;0;0;0;1;0;0;1;0
3587;4894;0;;121;3693;;24.4.2026 00:00:00;"K";"starsza woüna";1.6.2026 12:57:15;0;;0;;0;;0;;0;;0;;;0;0;0;0;0;1;0;0;1;0
3588;4895;0;;25;3682;;1.6.2026 00:00:00;"K";"pomoc nauczyciela";1.6.2026 13:28:43;0;;0;;0;;0;;0;;0;;;0;0;0;0;0;1;0;0;1;0
3589;529;0;;10;3686;;26.5.2026 00:00:00;"K";"nauczyciel";1.6.2026 13:50:27;0;;0;;0;;0;;0;;0;;;0;0;0;0;0;1;0;0;1;0
3590;4896;0;;226;3667;;28.5.2026 00:00:00;"O";"Pracownik ochrony bez broni";1.6.2026 14:07:07;0;;0;;0;;0;;0;;0;;;0;0;0;0;0;1;0;0;1;0
3591;4897;0;;49;3692;;8.5.2026 00:00:00;"O";"nauczyciel";1.6.2026 14:13:13;0;;0;;0;;0;;0;;0;;;0;0;0;0;0;1;0;0;1;0
3592;4898;0;;73;3668;;1.6.2026 00:00:00;"W";"nauczyciel przyrody i biologii";1.6.2026 14:23:51;0;;0;;0;;0;;0;;0;;;0;0;0;0;0;1;0;0;1;0
3593;4900;0;;288;3669;;29.5.2026 00:00:00;"W";"";2.6.2026 09:54:52;0;;0;;0;;0;;0;;0;;;0;0;0;0;0;1;0;0;1;0
3594;4901;0;;7;3670;;1.6.2026 00:00:00;"K";"nauczyciel wspierajπcy";2.6.2026 11:05:03;0;;0;;0;;0;;0;;0;;;0;0;0;0;0;1;0;0;1;0
3595;4902;0;;18;3671;;26.5.2026 00:00:00;"O";"nauczyciel";2.6.2026 11:12:14;0;;0;;0;;0;;0;;0;;;0;0;0;0;0;1;0;0;1;0
3596;2131;0;;18;3672;;20.5.2026 00:00:00;"O";"nauczyciel";2.6.2026 11:24:05;0;;0;;0;;0;;0;;0;;;0;0;0;0;0;1;0;0;1;0
3597;4903;0;;9;3673;;2.6.2026 00:00:00;"W";"wo?üna";2.6.2026 11:58:51;0;;0;;0;;0;;0;;0;;;0;0;0;0;0;1;0;0;1;0
3598;4904;0;;581;3676;;28.5.2026 00:00:00;"W";"opiekun osÛb starszych";2.6.2026 12:37:01;0;;0;;0;;0;;0;;0;;;0;0;0;0;0;1;0;0;1;0
3599;4905;0;;10;3684;;1.6.2026 00:00:00;"W";"nauczyciel";2.6.2026 12:59:32;0;;0;;0;;0;;0;;0;;;0;0;0;0;0;1;0;0;1;0
3600;4906;0;;288;3714;;2.6.2026 00:00:00;"W";"opiekun";3.6.2026 09:20:13;0;;0;;0;;0;;0;;0;;;0;0;0;0;0;1;0;0;1;0
3601;4907;0;;645;3733;;8.6.2026 00:00:00;"W";"Dyrektor";10.6.2026 15:48:36;0;"";0;"";0;"";0;"";0;"";0;;;0;0;0;0;0;1;0;0;1;0
3602;4908;0;;42;3721;;18.5.2026 00:00:00;"O";"nauczyciel";3.6.2026 10:20:07;0;;0;;0;;0;;0;;0;;;0;0;0;0;0;1;0;0;1;0
3603;4909;0;;42;3720;;18.5.2026 00:00:00;"O";"nauczyciel";3.6.2026 10:24:11;0;;0;;0;;0;;0;;0;;;0;0;0;0;0;1;0;0;1;0
3604;4910;0;;115;3695;;3.6.2026 00:00:00;"O";"nauczyciel";;0;;0;;0;;0;;0;;0;;;0;0;0;0;0;0;0;0;1;0
3605;4911;0;;611;;;;"O";"opiekun osÛb starszych /opiekun medyczny";3.6.2026 11:05:04;0;;0;;0;;0;;0;;0;;;0;0;0;0;0;1;0;0;1;0
3606;4912;0;;645;3723;;2.6.2026 00:00:00;"W";"starsza woü?na";3.6.2026 11:10:09;0;;0;;0;;0;;0;;0;;;0;0;0;0;0;1;0;0;1;0
3607;978;0;;27;3713;;1.6.2026 00:00:00;"O";"nauczyciel";3.6.2026 11:15:16;0;;0;;0;;0;;0;;0;;;0;0;0;0;0;1;0;0;1;0
3608;4913;0;;2;3716;;3.6.2026 00:00:00;"O";"nauczyciel";3.6.2026 11:19:09;0;;0;;0;;0;;0;;0;;;0;0;0;0;0;1;0;0;1;0
3609;2556;0;;121;3718;;5.5.2026 00:00:00;"O";"pedagog szkolny";3.6.2026 11:27:30;0;;0;;0;;0;;0;;0;;;0;0;0;0;0;1;0;0;1;0
3610;4914;0;;10;3736;;9.6.2026 00:00:00;"O";"nauczyciel";3.6.2026 14:05:05;0;"";0;"";0;"";0;"";0;"";0;;;0;0;0;0;0;1;0;0;1;0
3611;4915;0;;288;3715;;3.6.2026 00:00:00;"W";"inspektor ds organizacyjnych";3.6.2026 12:23:21;0;"";0;"";0;"";0;"";0;"";0;;;0;0;1;0;0;1;0;0;1;0
3612;2129;0;;18;3691;;20.5.2026 00:00:00;"O";"wychowawca w  úwietlicy";3.6.2026 12:32:26;0;;0;;0;;0;;0;;0;;;0;0;0;0;0;1;0;0;1;0
3613;4916;0;;18;3690;;20.5.2026 00:00:00;"O";"nauczyciel";3.6.2026 13:12:56;0;;0;;0;;0;;0;;0;;;0;0;0;0;0;1;0;0;1;0
3614;1421;0;;5;3689;;25.5.2026 00:00:00;"O";"nauczyciel przedmiotu";3.6.2026 13:40:12;0;;0;;0;;0;;0;;0;;;0;0;0;0;0;1;0;0;1;0
3615;4917;0;;121;3729;;5.5.2026 00:00:00;"O";"nauczyciel";3.6.2026 14:16:52;0;;0;;0;;0;;0;;0;;;0;0;0;0;0;1;0;0;1;0
3616;4918;0;;121;3731;;5.5.2026 00:00:00;"O";"ZastÍpca Dyrektora - Pedagog specjalny";3.6.2026 14:47:02;0;;0;;0;;0;;0;;0;;;0;0;0;0;0;1;0;0;1;0
3617;4919;0;;121;3730;;5.5.2026 00:00:00;"O";"nauczyciel";3.6.2026 15:03:10;0;;0;;0;;0;;0;;0;;;0;0;0;0;0;1;0;0;1;0
3618;1630;0;;343;3666;;4.5.2026 00:00:00;"O";"Publisher";5.6.2026 11:19:42;0;;0;;0;;0;;0;;0;;;0;0;0;0;0;1;0;0;1;0
3619;4920;0;;42;3745;;18.5.2026 00:00:00;"O";"nauczyciel";8.6.2026 11:50:00;0;;0;;0;;0;;0;;0;;;0;0;0;0;0;1;0;0;1;0
3620;172;0;;72;3722;;1.4.2026 00:00:00;"O";"nauczyciel";8.6.2026 12:06:57;0;;0;;0;;0;;0;;0;;;0;0;0;0;0;1;0;0;1;0
3621;1348;0;;20;3726;;9.6.2026 00:00:00;"K";"starsza woüna";8.6.2026 12:23:43;0;;0;;0;;0;;0;;0;;;0;0;0;0;0;1;0;0;1;0
3622;4921;0;;71;3734;;3.6.2026 00:00:00;"O";"starsza woüna";8.6.2026 12:54:03;0;;0;;0;;0;;0;;0;;;0;0;0;0;0;1;0;0;1;0
3623;4922;0;;71;3735;;3.6.2026 00:00:00;"O";"nauczyciel";8.6.2026 13:13:56;0;;0;;0;;0;;0;;0;;;0;0;0;0;0;1;0;0;1;0
3624;3813;0;;65;3799;;8.6.2026 00:00:00;"K";"nauczyciel";8.6.2026 13:46:14;0;;0;;0;;0;;0;;0;;;0;0;0;0;0;1;0;0;1;0
3625;4923;0;;581;3711;;8.6.2026 00:00:00;"W";"opiekun osÛb w starszym wieku -  us≥ugi opiekuÒcze";9.6.2026 09:46:43;0;;0;;0;;0;;0;;0;;;0;0;0;0;0;1;0;0;1;0
3626;4924;0;;18;3728;;28.5.2026 00:00:00;"W";"starsza woüna";9.6.2026 10:07:18;0;;0;;0;;0;;0;;0;;;0;0;0;0;0;1;0;0;1;0
3627;4925;0;;611;3712;;4.6.2026 00:00:00;"W";"opiekun osÛb starszych/opiekun medyczny";9.6.2026 11:33:57;0;;0;;0;;0;;0;;0;;;0;0;0;0;0;1;0;0;1;0
3628;4926;0;;611;3724;;9.6.2026 00:00:00;"W";"opiekun osÛb starszych";9.6.2026 12:10:38;0;;0;;0;;0;;0;;0;;;0;0;0;0;0;1;0;0;1;0
3629;4927;0;;604;3725;;8.6.2026 00:00:00;"O";"nauczyciel specjalny";9.6.2026 12:20:23;0;;0;;0;;0;;0;;0;;;0;0;0;0;0;1;0;0;1;0
3630;4928;0;;121;3719;;5.5.2026 00:00:00;"O";"nauczyciel jÍzyka polskiego dla cudzoziemcÛw";9.6.2026 12:41:04;0;;0;;0;;0;;0;;0;;;0;0;0;0;0;1;0;0;1;0
3631;4929;0;;120;3775;;9.6.2026 00:00:00;"O";"woüna";9.6.2026 13:20:27;0;;0;;0;;0;;0;;0;;;0;0;0;0;0;1;0;0;1;0
3632;4930;0;;120;3774;;8.5.2026 00:00:00;"O";"sekretarz szko≥y";9.6.2026 13:32:29;0;;0;;0;;0;;0;;0;;;0;0;0;0;0;1;0;0;1;0
3633;4931;0;;581;3737;;9.6.2026 00:00:00;"W";"opiekun osÛb w starszym wieku - us≥ugi opiekuÒcze";9.6.2026 14:02:39;0;;0;;0;;0;;0;;0;;;0;0;0;0;0;1;0;0;1;0
3634;4932;0;;581;3738;;9.6.2026 00:00:00;"W";"opiekun osÛb w starszym wieku - us≥ugi opiekuÒcze";9.6.2026 14:09:42;0;;0;;0;;0;;0;;0;;;0;0;0;0;0;1;0;0;1;0
3635;4933;0;;7;3727;;1.6.2026 00:00:00;"O";"nauczyciel";9.6.2026 14:34:10;0;;0;;0;;0;;0;;0;;;0;0;0;0;0;1;0;0;1;0
3636;4934;0;;121;3780;;5.5.2026 00:00:00;"O";"wychowawca w  úwietlicy";9.6.2026 14:43:00;0;;0;;0;;0;;0;;0;;;0;0;0;0;0;1;0;0;1;0
3637;4935;0;;2;3770;;8.6.2026 00:00:00;;"nauczyciel, wychowawca úwietlicy";10.6.2026 09:55:25;0;;0;;0;;0;;0;;0;;;0;0;1;0;0;1;0;0;1;0
3638;4936;0;;65;3742;;9.6.2026 00:00:00;"O";"nauczyciel";10.6.2026 10:32:15;0;;0;;0;;0;;0;;0;;;0;0;0;0;0;1;0;0;1;0
3639;4937;0;;611;3740;;10.6.2026 00:00:00;"W";"opiekun osÛb starszych /opiekun medyczny";10.6.2026 11:29:33;0;;0;;0;;0;;0;;0;;;0;0;0;0;0;1;0;0;1;0
3640;4938;0;;314;3773;;9.6.2026 00:00:00;"W";"praktykant - pomocnik montera instalcji sanitarnych bez prac na wysokosci";10.6.2026 11:40:46;0;;0;;0;;0;;0;;0;;;0;0;0;0;0;1;0;0;1;0
3641;4939;0;;581;3739;;9.6.2026 00:00:00;"W";"opiekun osÛb starszych ";10.6.2026 12:09:27;0;;0;;0;;0;;0;;0;;;0;0;0;0;0;1;0;0;1;0
3642;4940;0;;109;3743;;15.6.2026 00:00:00;"O";"stroiciel instrumentÛw klawiszowych";10.6.2026 13:43:27;0;;0;;0;;0;;0;;0;;;0;0;0;0;0;1;0;0;1;0
3643;4941;0;;20;3754;;1.6.2026 00:00:00;"O";"nauczyciel";10.6.2026 13:53:55;0;;0;;0;;0;;0;;0;;;0;0;0;0;0;1;0;0;1;0
3644;4942;0;;581;3766;;1.6.2026 00:00:00;"O";"opiekun osÛb w starszym wieku ";10.6.2026 14:07:31;0;;0;;0;;0;;0;;0;;;0;0;0;0;0;1;0;0;1;0
3645;4943;0;;115;3752;;8.6.2026 00:00:00;"O";"woüna";10.6.2026 14:16:06;0;;0;;0;;0;;0;;0;;;0;0;0;0;0;1;0;0;1;0
3646;4944;0;;115;;;;"O";"wo?üna";10.6.2026 14:26:50;0;;0;;0;;0;;0;;0;;;0;0;0;0;0;1;0;0;1;0
3647;4945;0;;115;3753;;22.6.2026 00:00:00;"K";"portier";23.6.2026 09:59:07;0;"";0;"";0;"";0;"";0;"";0;;;0;0;0;0;0;1;0;0;1;0
3648;4946;0;;121;3759;;5.5.2026 00:00:00;"O";"nauczyciel";10.6.2026 14:42:22;0;;0;;0;;0;;0;;0;;;0;0;0;0;0;1;0;0;1;0
3649;4947;0;;121;3761;;5.5.2026 00:00:00;"O";"psycholog szkolny";10.6.2026 14:45:40;0;;0;;0;;0;;0;;0;;;0;0;0;0;0;1;0;0;1;0
3650;4948;0;;121;3760;;5.5.2026 00:00:00;"O";"intendent";10.6.2026 14:50:15;0;;0;;0;;0;;0;;0;;;0;0;0;0;0;1;0;0;1;0
3651;4949;0;;14;3744;;5.6.2026 00:00:00;"O";"pomoc nauczyciela/pomoc nauczyciela do dziecka z orzeczeniem";16.6.2026 11:04:20;0;"";0;"";0;"";0;"";0;"";0;;;0;0;0;0;0;1;0;0;1;0
3652;4950;0;;611;3767;;15.6.2026 00:00:00;"O";"opiekun osÛb starszych /opiekun medyczny";16.6.2026 10:54:32;0;"";0;"";0;"";0;"";0;"";0;;;0;0;0;0;0;1;0;0;1;0
3653;4951;0;;18;3757;;20.5.2026 00:00:00;"O";"dozorca";10.6.2026 15:21:53;0;;0;;0;;0;;0;;0;;;0;0;0;0;0;1;0;0;1;0
3654;4952;0;;2;3763;;3.6.2026 00:00:00;"O";"woüny";10.6.2026 15:34:06;0;;0;;0;;0;;0;;0;;;0;0;0;0;0;1;0;0;1;0
3655;4460;0;;10;3702;;2.6.2026 00:00:00;"O";"nauczyciel psycholog";11.6.2026 12:17:09;0;;0;;0;;0;;0;;0;;;0;0;1;0;0;1;0;0;1;0
3656;4953;0;;10;3705;;10.6.2026 00:00:00;"O";"nauczyciel";;0;;0;;0;;0;;0;;0;;;0;0;1;0;0;0;0;0;1;0
3657;4954;0;;10;3710;;8.6.2026 00:00:00;"O";"nauczyciel";11.6.2026 12:37:04;0;;0;;0;;0;;0;;0;;;0;0;1;0;0;1;0;0;1;0
3658;4955;0;;581;;;11.6.2026 00:00:00;"W";"opiekun osÛb w starszym wieku ";15.6.2026 11:50:27;0;;0;;0;;0;;0;;0;;;0;0;0;0;0;1;0;0;1;0
3659;4956;0;;18;3821;;11.6.2026 00:00:00;"W";"psycholog";15.6.2026 15:33:19;0;"";0;"";0;"";0;"";0;"";0;;;0;0;0;0;0;1;0;0;1;0
3660;4957;0;;7;3778;;1.6.2026 00:00:00;;"nauczyciel";15.6.2026 12:03:15;0;;0;;0;;0;;0;;0;;;0;1;0;0;0;1;0;0;1;0
3661;4958;0;;24;3741;;20.5.2026 00:00:00;"O";"nauczyciel-terapeuta pedagogiczny";15.6.2026 12:07:16;0;;0;;0;;0;;0;;0;;;0;0;0;0;0;1;0;0;1;0
3662;4159;0;;49;;;12.12.2025 00:00:00;"O";"nauczyciel";15.6.2026 12:18:55;0;;0;;0;;0;;0;;0;;;0;0;1;0;0;1;0;0;1;0
3663;4959;0;;581;3764;;11.6.2026 00:00:00;"W";"specjalista ds zamÛwien publicznych";15.6.2026 13:26:51;0;;0;;0;;0;;0;;0;;;0;0;0;0;0;1;0;0;1;0
3664;2126;0;;18;3837;;20.5.2026 00:00:00;"O";"Wychowawca w úwietlicy";15.6.2026 13:37:03;0;;0;;0;;0;;0;;0;;;0;0;0;0;0;1;0;0;1;0
3665;4960;0;;12;3749;;11.6.2026 00:00:00;"O";"nauczyciel";15.6.2026 13:44:31;0;;0;;0;;0;;0;;0;;;0;0;0;0;0;1;0;0;1;0
3666;4961;0;;12;3748;;11.6.2026 00:00:00;"O";"nauczyciel";15.6.2026 13:48:40;0;;0;;0;;0;;0;;0;;;0;0;0;0;0;1;0;0;1;0
3667;3622;0;;12;3747;;29.5.2026 00:00:00;"O";"starsza woüna";15.6.2026 13:57:57;0;;0;;0;;0;;0;;0;;;0;0;0;0;0;1;0;0;1;0
3668;886;0;;65;3789;;15.6.2026 00:00:00;"";"nauczyciel";15.6.2026 14:11:52;0;;0;;0;;0;;0;;0;;;0;1;0;0;0;1;0;0;1;0
3669;4962;0;;5;3779;;17.6.2026 00:00:00;"";"nauczyciel";;0;;0;;0;;0;;0;;0;;;0;0;0;0;0;0;0;0;1;0
3670;1428;0;;5;;;;;"nauczyciel";15.6.2026 14:54:02;0;;0;;0;;0;;0;;0;;;0;0;0;0;0;1;0;0;1;0
3671;1424;0;;5;3762;;12.6.2026 00:00:00;"O";"nauczyciel";15.6.2026 15:05:09;0;;0;;0;;0;;0;;0;;;0;0;0;0;0;1;0;0;1;0
3672;3833;0;;68;;;15.6.2026 00:00:00;"O";"nauczyciel";15.6.2026 15:41:34;0;;0;;0;;0;;0;;0;;;0;0;0;0;0;1;0;0;1;0
3673;4963;0;;12;3750;;12.6.2026 00:00:00;"O";"dozorca";16.6.2026 09:26:22;0;;0;;0;;0;;0;;0;;;0;0;0;0;0;1;0;0;1;0
3674;4964;0;;18;3756;;20.5.2026 00:00:00;"O";"starsza woüna";16.6.2026 09:32:56;0;;0;;0;;0;;0;;0;;;0;0;0;0;0;1;0;0;1;0
3675;4965;0;;120;3777;;11.6.2026 00:00:00;"O";"nauczyciel";16.6.2026 09:39:01;0;;0;;0;;0;;0;;0;;;0;0;0;0;0;1;0;0;1;0
3676;4966;0;;120;;;12.6.2026 00:00:00;"W";"psycholog szkolny";16.6.2026 09:49:27;0;;0;;0;;0;;0;;0;;;0;0;0;0;0;1;0;0;1;0
3677;4967;0;;646;;;;"W";"posadzkarz";16.6.2026 10:14:48;0;;0;;0;;0;;0;;0;;;0;0;0;0;0;1;0;0;1;0
3678;4968;0;;646;;;;"W";"posadzkarz";16.6.2026 10:38:53;0;;0;;0;;0;;0;;0;;;0;0;0;0;0;1;0;0;1;0
3679;4969;0;;646;3769;;15.6.2026 00:00:00;"W";"pracownik biurowy";16.6.2026 10:44:58;0;;0;;0;;0;;0;;0;;;0;0;0;0;0;1;0;0;1;0
3680;4970;0;;646;3768;;16.6.2026 00:00:00;"W";"handlowiec";;0;;0;;0;;0;;0;;0;;;0;0;0;0;0;0;0;0;1;0
3681;4971;0;;581;3765;;11.6.2026 00:00:00;"W";"OPIEKUN OS”B W STARSZYM WIEKU ñ us≥ugi opiekuÒcze ";16.6.2026 11:30:07;0;;0;;0;;0;;0;;0;;;0;0;0;0;0;1;0;0;1;0
3682;4972;0;;120;3755;;9.6.2026 00:00:00;"O";"nauczyciel";16.6.2026 11:55:18;0;;0;;0;;0;;0;;0;;;0;0;0;0;0;1;0;0;1;0
3683;4763;0;;27;3758;;15.6.2026 00:00:00;"W";"nauczyciel";16.6.2026 12:30:01;0;;0;;0;;0;;0;;0;;;0;0;0;0;0;1;0;0;1;0
3684;4973;0;;18;3841;;20.5.2026 00:00:00;"O";"nauczyciel";17.6.2026 11:01:28;0;"";0;"";0;"";0;"";0;"";0;;;0;0;0;0;0;1;0;0;1;0
3685;4974;0;;261;3819;;16.6.2026 00:00:00;"K";"nauczyciel specjalny";17.6.2026 14:29:23;0;"";0;"";0;"";0;"";0;"";0;;;0;0;0;0;0;1;0;0;1;0
3686;4975;0;;288;3785;;15.6.2026 00:00:00;"W";"dietetyk";17.6.2026 09:59:51;0;;0;;0;;0;;0;;0;;;0;0;1;0;0;1;0;0;1;0
3687;4976;0;;288;3782;;16.6.2026 00:00:00;"W";"Kucharz";17.6.2026 10:07:31;0;;0;;0;;0;;1;"düwiganie do 50 kg";0;;;0;0;1;0;0;1;0;0;1;0
3688;4977;0;;288;3784;;15.6.2026 00:00:00;"W";"Kierownik Dzia≥u Terapeutyczno-OpiekuÒczego";17.6.2026 10:19:23;0;;0;;0;;0;;0;;0;;;0;0;1;0;0;1;0;0;1;0
3689;4978;0;;288;3783;;16.6.2026 00:00:00;"W";"pokojowy";17.6.2026 10:23:29;0;;0;;0;;0;;0;;0;;;0;0;1;0;0;1;0;0;1;0
3690;982;0;;27;3781;;17.6.2026 00:00:00;;"nauczyciel";17.6.2026 10:30:19;0;;0;;0;;0;;0;;0;;;0;0;1;0;0;1;0;0;1;0
3691;4979;0;;120;3776;;9.6.2026 00:00:00;"O";"nauczyciel bibliotekarz";17.6.2026 10:36:55;0;;0;;0;;0;;0;;0;;;0;0;0;0;0;1;0;0;1;0
3692;4980;0;;24;3788;;17.6.2026 00:00:00;"O";"nauczyciel";;0;;0;;0;;0;;0;;0;;;0;0;0;0;0;0;0;0;1;0
3693;4017;0;;611;3786;;17.6.2026 00:00:00;"O";"opiekun osÛb starszych /opiekun medyczny";17.6.2026 10:45:34;0;;0;;0;;0;;0;;0;;;0;0;0;0;0;1;0;0;1;0
3694;4230;0;;611;3787;;17.6.2026 00:00:00;"O";"opiekun osÛb starszych";17.6.2026 10:49:16;0;;0;;0;;0;;0;;0;;;0;0;0;0;0;1;0;0;1;0
3695;4981;0;;606;3790;;15.6.2026 00:00:00;"O";"sprzπtaczka";17.6.2026 10:56:00;0;;0;;0;;0;;0;;0;;;0;0;0;0;0;1;0;0;1;0
3696;517;0;;63;3827;;18.6.2026 00:00:00;"O";"nauczyciel";17.6.2026 11:07:25;0;;0;;0;;0;;0;;0;;;0;0;0;0;0;1;0;0;1;0
3697;4982;0;;2;3830;;3.6.2026 00:00:00;"O";"woüny";17.6.2026 11:14:02;0;;0;;0;;0;;0;;0;;;0;0;0;0;0;1;0;0;1;0
3698;4983;0;;2;3829;;23.6.2026 00:00:00;"O";"nauczyciel";17.6.2026 11:20:14;0;;0;;0;;0;;0;;0;;;0;0;0;0;0;1;0;0;1;0
3699;4984;0;;20;3833;;23.6.2026 00:00:00;"O";"nauczyciel";17.6.2026 11:25:09;0;;0;;0;;0;;0;;0;;;0;0;0;0;0;1;0;0;1;0
3700;4985;0;;115;3832;;8.6.2026 00:00:00;"O";"nauczyciel";17.6.2026 11:31:45;0;;0;;0;;0;;0;;0;;;0;0;0;0;0;1;0;0;1;0
3701;4986;0;;5;3823;;16.6.2026 00:00:00;"W";"nauczyciel";17.6.2026 12:43:02;0;;0;;0;;0;;0;;0;;;0;0;0;0;0;1;0;0;1;0
3702;2313;0;;23;3813;;16.6.2026 00:00:00;"O";"dozorca";17.6.2026 13:24:07;0;;0;;0;;0;;0;;0;;;0;0;0;0;0;1;0;0;1;0
3703;4987;0;;70;3800;;24.6.2026 00:00:00;"K";"nauczyciel";17.6.2026 13:31:17;0;;0;;0;;0;;0;;0;;;0;0;0;0;0;1;0;0;1;0
3704;201;0;;70;3806;;23.6.2026 00:00:00;"K";"nauczyciel";23.6.2026 10:32:33;0;"";0;"";0;"";0;"";0;"";0;;;0;0;0;0;0;1;0;0;1;0
3705;4988;0;;18;;;;"O";"nauczyciel";17.6.2026 14:05:01;0;;0;;0;;0;;0;;0;;;0;0;0;0;0;1;0;0;1;0
3706;2140;0;;18;3834;;20.5.2026 00:00:00;"";"nauczyciel";17.6.2026 14:20:52;0;;0;;0;;0;;0;;0;;;0;0;0;0;0;1;0;0;1;0
3707;4989;0;;611;3842;;17.6.2026 00:00:00;"W";"opiekun osÛb starszych /opiekun medyczny";23.6.2026 10:48:06;0;"";0;"";0;"";0;"";0;"";0;;;0;0;0;0;0;1;0;0;1;0
3708;985;0;;27;3816;;15.6.2026 00:00:00;"O";"nauczyciel";17.6.2026 14:33:38;0;;0;;0;;0;;0;;0;;;0;0;0;0;0;1;0;0;1;0
3709;4791;0;;18;3840;;12.6.2026 00:00:00;"O";"pomoc kuchenna";23.6.2026 10:58:50;0;"";0;"";0;"";0;"";0;"";0;;;0;0;0;0;0;1;0;0;1;0
3710;4990;0;;611;3812;;15.6.2026 00:00:00;"K";"opiekun osÛb starszych /opiekun medyczny";17.6.2026 14:43:19;0;;0;;0;;0;;0;;0;;;0;0;0;0;0;1;0;0;1;0
3711;4991;0;;581;3809;;15.6.2026 00:00:00;"O";"opiekun osÛb starszych";17.6.2026 14:49:56;0;;0;;0;;0;;0;;0;;;0;0;0;0;0;1;0;0;1;0
3712;4992;0;;30;3798;;8.6.2026 00:00:00;"K";"kierownik gospodarczy";17.6.2026 14:54:00;0;;0;;0;;0;;0;;0;;;0;0;0;0;0;1;0;0;1;0
3713;4993;0;;581;3810;;15.6.2026 00:00:00;"O";"opiekun osÛb starszych";17.6.2026 14:58:20;0;;0;;0;;0;;0;;0;;;0;0;0;0;0;1;0;0;1;0
3714;4994;0;;140;3795;;12.6.2026 00:00:00;"O";"pracownik biurowy";17.6.2026 15:06:01;0;;0;;0;;0;;0;;0;;;0;0;0;0;0;1;0;0;1;0
3715;4544;0;;2;3771;;10.6.2026 00:00:00;"K";"nauczyciel";18.6.2026 11:43:09;0;;0;;0;;0;;0;;0;;;0;0;1;0;0;1;0;0;1;0
3716;4995;0;;2;3772;;16.6.2026 00:00:00;"K";"nauczyciel";;0;;0;;0;;0;;0;;0;;;0;0;1;0;0;0;0;0;1;0
3717;3759;0;;56;3791;;3.2.2026 00:00:00;"F";;18.6.2026 12:49:10;0;;0;;0;;0;;0;;0;;;0;1;0;0;0;1;0;0;1;0
3718;1467;0;;56;3792;;18.6.2026 00:00:00;"F";;18.6.2026 12:49:10;0;;0;;0;;0;;0;;0;;;0;0;0;0;0;1;0;0;1;0
3719;4996;0;;72;3826;;16.5.2026 00:00:00;"W";"nauczyciel";18.6.2026 13:14:20;0;;0;;0;;0;;0;;0;;;0;0;0;0;0;1;0;0;1;0
3720;4955;0;;581;3793;;17.6.2026 00:00:00;;;19.6.2026 10:26:12;0;;0;;0;;0;;0;;0;;;0;0;0;0;0;1;0;0;1;0
3722;2159;0;;18;3836;;20.6.2026 00:00:00;"O";"nauczyciel";23.6.2026 11:45:47;0;"";0;"";0;"";0;"";0;"";0;;;0;0;0;0;0;1;0;0;1;0
3723;2155;0;;18;3838;;22.5.2026 00:00:00;"O";"wicedyrektor,pedagog";23.6.2026 14:52:29;0;"";0;"";0;"";0;"";0;"";0;;;0;0;0;0;0;1;0;0;1;0
3724;4997;0;;7;3831;;18.6.2026 00:00:00;"O";"nauczyciel";22.6.2026 11:25:38;0;;0;;0;;0;;0;;0;;;0;0;0;0;0;1;0;0;1;0
3725;2247;0;;24;3797;;11.6.2026 00:00:00;"O";"dozorca";23.6.2026 14:01:37;0;"";0;"";0;"";0;"";0;"";0;;;0;0;0;0;0;1;0;0;1;0
3726;4998;0;;12;3825;;12.6.2026 00:00:00;"W";"nauczyciel";23.6.2026 14:51:27;0;"";0;"";0;"";0;"";0;"";0;;;0;0;0;0;0;1;0;0;1;0
3727;4999;0;;288;3824;;22.6.2026 00:00:00;"W";"pokojowa";22.6.2026 12:35:24;0;;0;;0;;0;;0;;0;;;0;0;1;0;0;1;0;0;1;0
3728;3614;0;;12;3805;;18.6.2026 00:00:00;"O";"Konserwator";22.6.2026 13:03:44;0;;0;;0;;0;;0;;0;;;0;0;0;0;0;1;0;0;1;0
3729;5001;0;;14;3803;;5.6.2026 00:00:00;"O";"nauczyciel wychowania przedszkolnego";22.6.2026 13:35:39;0;;0;;0;;0;;0;;0;;;0;0;0;0;0;1;0;0;1;0
3730;2125;0;;18;3820;;20.5.2026 00:00:00;"O";"nauczyciel";22.6.2026 13:39:13;0;;0;;0;;0;;0;;0;;;0;0;0;0;0;1;0;0;1;0
3731;5002;0;;606;;;22.6.2026 00:00:00;"W";"nauczyciel wspÛ≥organizujπcy kszta≥cenie";22.6.2026 13:51:47;0;;0;;0;;0;;0;;0;;;0;0;1;0;0;1;0;0;1;0
3732;2275;0;;27;3815;;15.6.2026 00:00:00;"O";"nauczyciel wspÛ≥organizujπcy kszta≥cenie";22.6.2026 14:08:23;0;;0;;0;;0;;0;;0;;;0;0;0;0;0;1;0;0;1;0
3733;5003;0;;647;3818;;19.6.2026 00:00:00;"O";"nauczyciel specjalny";22.6.2026 14:28:52;0;;0;;0;;0;;0;;0;;;0;0;0;0;0;1;0;0;1;0
3734;1410;0;;226;;;;"K";"Pracownik ochrony bez broni";22.6.2026 14:56:21;0;;0;;0;;0;;0;;0;;;0;0;0;0;0;1;0;0;1;0
3735;5004;0;;115;3814;;23.6.2026 00:00:00;;"nauczyciel";22.6.2026 15:17:34;0;;0;;0;;0;;0;;0;;;0;1;0;0;0;1;0;0;1;0
3737;5006;0;;18;3839;;22.5.2026 00:00:00;"O";"wicedyrektor, nauczyciel";23.6.2026 11:33:45;0;;0;;0;;0;;0;;0;;;0;0;0;0;0;1;0;0;1;0
3738;5007;0;;18;3835;;11.5.2026 00:00:00;"K";"wychowawca w  úwietlicy";23.6.2026 12:22:21;0;;0;;0;;0;;0;;0;;;0;0;0;0;0;1;0;0;1;0
3739;5008;0;;648;3843;;14.6.2026 00:00:00;"W";"pracownik budowlano-montaøowy";23.6.2026 13:04:45;0;;0;;0;;0;;0;;0;;;0;0;0;0;0;1;0;0;1;0
3740;5009;0;;611;3811;;22.6.2026 00:00:00;"W";"opiekun osÛb starszych";23.6.2026 13:24:26;0;;0;;0;;0;;0;;0;;;0;0;0;0;0;1;0;0;1;0
3741;1975;0;;59;3807;;23.6.2026 00:00:00;"O";"nauczyciel";23.6.2026 13:37:37;0;;0;;0;;0;;0;;0;;;0;0;0;0;0;1;0;0;1;0
3742;1967;0;;59;3808;;23.6.2026 00:00:00;"O";"pomoc nauczyciela";23.6.2026 13:44:33;0;;0;;0;;0;;0;;0;;;0;0;0;0;0;1;0;0;1;0
3743;5010;0;;20;;;19.6.2026 00:00:00;"O";"starsza woüna";23.6.2026 14:21:25;0;;0;;0;;0;;0;;0;;;0;0;0;0;0;1;0;0;1;0
3744;5011;0;;24;;;22.6.2026 00:00:00;"W";"nauczyciel";23.6.2026 14:25:33;0;;0;;0;;0;;0;;0;;;0;0;0;0;0;1;0;0;1;0
3745;5012;0;;18;;;22.6.2026 00:00:00;"W";"psycholog";23.6.2026 14:29:35;0;;0;;0;;0;;0;;0;;;0;0;1;0;0;1;0;0;1;0
3746;5013;0;;61;3804;;23.6.2026 00:00:00;"O";"starsza woüna";24.6.2026 08:57:17;0;;0;;0;;0;;0;;0;;;0;0;0;0;0;1;0;0;1;0
3747;4592;0;;42;3801;;24.6.2026 00:00:00;"O";"kierownik  úwietlicy";24.6.2026 09:01:45;0;;0;;0;;0;;0;;0;;;0;0;0;0;0;1;0;0;1;0
3748;5014;0;;42;3802;;24.6.2026 00:00:00;"W";"Nauczyciel - ZastÍpca Dyrektora";24.6.2026 09:05:03;0;;0;;0;;0;;0;;0;;;0;0;0;0;0;1;0;0;1;0
3749;5015;0;;649;3794;;16.6.2026 00:00:00;"W";"pracownik  serwisu sprzπtajacego";24.6.2026 09:30:05;0;;0;;0;;0;;0;;0;;;0;0;0;0;0;1;0;0;1;0
3750;5016;0;;288;3817;;22.6.2026 00:00:00;"W";"pokojowa";24.6.2026 09:47:48;0;;0;;0;;0;;0;;0;;;0;0;1;0;0;1;0;0;1;0
3751;5017;0;;42;;;;"O";"nauczyciel";24.6.2026 10:20:00;0;;0;;0;;0;;0;;0;;;0;0;0;0;0;1;0;0;1;0
3752;5018;0;;2;;;3.6.2026 00:00:00;"K";"nauczyciel";24.6.2026 10:30:33;0;;0;;0;;0;;0;;0;;;0;0;0;0;0;1;0;0;1;0
3753;5019;0;;2;;;3.6.2026 00:00:00;"O";"nauczyciel";24.6.2026 10:38:03;0;;0;;0;;0;;0;;0;;;0;0;0;0;0;1;0;0;1;0
3754;1161;0;;74;;;;"K";"nauczyciel";24.6.2026 10:45:55;0;;0;;0;;0;;0;;0;;;0;0;0;0;0;1;0;0;1;0
3755;4661;0;;10;;;24.6.2026 00:00:00;;"nauczyciel";24.6.2026 10:56:34;0;;0;;0;;0;;0;;0;;;0;1;0;0;0;1;0;0;1;0
3756;4374;0;;5;;;;"W";"starsza woüna";24.6.2026 11:19:25;0;;0;;0;;0;;0;;0;;;0;0;0;0;0;1;0;0;1;0
3757;5020;0;;12;;;;"O";"wychowawca w  úwietlicy";24.6.2026 11:44:20;0;;0;;0;;0;;0;;0;;;0;0;0;0;0;1;0;0;1;0
3758;5021;0;;120;3822;;24.6.2026 00:00:00;"O";"nauczyciel";24.6.2026 12:46:34;0;;0;;0;;0;;0;;0;;;0;0;0;0;0;1;0;0;1;0
3759;1427;0;;5;;;;"O";"nauczyciel przedmiotÛw zawodowych- informatycznych";24.6.2026 13:01:30;0;;0;;0;;0;;0;;0;;;0;0;0;0;0;1;0;0;1;0
3760;5022;0;;49;;;;"O";"kierownik internatu";24.6.2026 13:43:38;0;;0;;0;;0;;0;;0;;;0;0;0;0;0;1;0;0;1;0
3761;5023;0;;20;;;;"O";"nauczyciel";24.6.2026 13:54:47;0;;0;;0;;0;;0;;0;;;0;0;0;0;0;1;0;0;1;0
3762;5024;0;;19;;;;"O";"pedagog";24.6.2026 14:07:38;0;;0;;0;;0;;0;;0;;;0;0;0;0;0;1;0;0;1;0
3763;5025;0;;42;3796;;25.6.2026 00:00:00;"K";"nauczyciel";25.6.2026 11:01:15;0;;0;;0;;0;;0;;0;;;0;0;0;0;0;1;0;0;1;0
3764;5026;0;;5;3844;;9.12.2025 00:00:00;"F";;25.6.2026 12:12:24;0;;0;;0;;0;;0;;0;;;0;0;0;0;0;1;0;0;1;0
3765;1738;0;;5;3845;;12.1.2026 00:00:00;"F";;25.6.2026 12:12:24;0;;0;;0;;0;;0;;0;;;0;0;0;0;0;1;0;0;1;0
3766;1737;0;;5;3846;;9.4.2026 00:00:00;"F";;25.6.2026 12:12:24;0;;0;;0;;0;;0;;0;;;0;0;0;0;0;1;0;0;1;0
3767;4866;0;;611;3847;1673;25.6.2026 00:00:00;;;25.6.2026 13:25:49;0;;0;;0;;0;;0;;0;;;0;0;0;0;0;1;0;0;1;0
